key,benchmark,question,gold_answer,selection_reason,double_label_required,proposed_temporal_type,independent_temporal_type,proposed_gold_fact_ids,independent_gold_fact_ids,proposed_conflict_fact_ids,independent_conflict_fact_ids,type_exact_match,gold_ids_exact_match,conflict_ids_exact_match,proposed_label_valid,independent_gold_conflict_overlap,confidence,model_assisted_fully_upheld,author_signoff_required,independent_notes
locomo::conv-26_qa000,locomo,When did Caroline go to the LGBTQ support group?,7 May 2023,expanded_union:codex_assisted_llm,true,historical-state,historical-state,item_cce5d0eb8d8114b3,item_cce5d0eb8d8114b3,,,True,True,True,True,,high,True,False,"The gold fact directly states Caroline attended the LGBTQ support group on 7 May 2023, matching the gold answer. No other fact contradicts this date for the same event. All other facts are about different events or later dates, so no conflict exists. The question asks for a specific past date, fitting historical-state."
locomo::conv-26_qa001,locomo,When did Melanie paint a sunrise?,2022,expanded_union:codex_assisted_llm,true,historical-state,historical-state,item_be66172825f81ac7,item_be66172825f81ac7,,,True,True,True,True,,high,True,False,"The gold fact directly states Melanie painted a lake sunrise painting in 2022, matching the gold answer. No other facts contradict this specific event or date. All other facts are about unrelated activities or different time periods. No conflicts exist."
locomo::conv-26_qa005,locomo,When did Melanie run a charity race?,The sunday before 25 May 2023,expanded_union:codex_assisted_llm,false,ordering,historical-state,item_40b7514adcacb5be;item_e0449e62f84ba13d,item_e0449e62f84ba13d,,,False,False,True,True,,high,False,True,"The gold answer specifies a precise date: the Sunday before 25 May 2023, which is 21 May 2023. Fact item_e0449e62f84ba13d states Melanie participated in a charity race on May 20, 2023, which is the closest available date. The other fact (item_40b7514adcacb5be) mentions May 25, 2023, and is not relevant to the race. No conflicting facts about the race date exist. The task requires a single dated event, so 'historical-state' is appropriate."
locomo::conv-26_qa006,locomo,When is Melanie planning on going camping?,June 2023,mixed_method_outcomes,false,historical-state,historical-state,fact_7c922be24c2f9a44;fact_f9899f79b5e09ab1;item_17b976e7a43b14f0;item_8b4ba81920923d5f;item_946af971a3dd8672,fact_7c922be24c2f9a44;fact_f9899f79b5e09ab1;item_17b976e7a43b14f0;item_8b4ba81920923d5f;item_946af971a3dd8672,,,True,True,True,True,,high,True,False,The gold facts directly support June 2023 as the planned camping time. Conflicts are absent as no facts contradict the target event with incompatible dates. The temporal type 'historical-state' is appropriate for a single specified time. All gold IDs are valid and relevant; no conflicts exist.
locomo::conv-26_qa008,locomo,When did Caroline give a speech at a school?,The week before 9 June 2023,expanded_union:codex_assisted_llm,false,ordering,historical-state,item_0d3c8da65815c828;item_5dc971dc37406abc,item_0d3c8da65815c828;item_5dc971dc37406abc,,,False,True,True,True,,high,False,True,"The gold facts directly support the week before 9 June 2023. Fact item_5dc971dc37406abc specifies the school speech during the week of June 2, 2023, and item_0d3c8da65815c828 confirms support on June 9, 2023, consistent with the timeline. No conflicting facts about the event's timing exist. The question asks for a specific time frame, fitting historical-state. No ordering, duration, or current-vs-old elements are required."
locomo::conv-26_qa009,locomo,"When did Caroline meet up with her friends, family, and mentors?",The week before 9 June 2023,expanded_union:codex_assisted_llm,false,ordering,historical-state,item_18fcc39bd471228e;item_4ea06700dab4f234,item_4ea06700dab4f234,,item_6b670e85d715c2c6,False,False,False,True,,high,False,True,"The gold fact (item_4ea06700dab4f234) directly states Caroline met friends/family/mentors last week (June 2, 2023), aligning with the gold answer (week before June 9, 2023). The conflict (item_6b670e85d715c2c6) claims a picnic on June 29, 2023, which contradicts the target event's timing. Other facts are either irrelevant or not conflicting. Ordering is not required as the question asks for a specific time, not sequence."
locomo::conv-26_qa010,locomo,How long has Caroline had her current group of friends for?,4 years,expanded_union:codex_assisted_llm,true,duration,duration,item_e78fa03e4f9e68db,item_e78fa03e4f9e68db,,,True,True,True,True,,high,True,False,"The gold fact directly states Caroline has known her friends for 4 years since moving (approx. 2019), aligning with the gold answer. No conflicting facts about the duration exist. Other facts are topical but not temporally contradictory. Duration is appropriate as the question asks for elapsed time."
locomo::conv-26_qa012,locomo,How long ago was Caroline's 18th birthday?,10 years ago,expanded_union:codex_assisted_llm,false,duration,duration,item_36fb4f46578eab27,item_36fb4f46578eab27,,,True,True,True,True,,high,True,False,"The gold fact directly states Caroline's 18th birthday was ten years ago (approx. June 2013), aligning with the gold answer of '10 years ago'. No conflicting facts about the birthday date exist. The question requires interval arithmetic from a known past event to the reference date, confirming duration. All other facts are irrelevant to the birthday timing."
locomo::conv-26_qa016,locomo,When did Melanie sign up for a pottery class?,2 July 2023,expanded_union:codex_assisted_llm,false,historical-state,historical-state,item_3e686b61cd50c287,item_3e686b61cd50c287,,,True,True,True,True,,high,True,False,"The gold fact directly states Melanie signed up for a pottery class on 2 July 2023, matching the gold answer. No other facts contradict this date for the same event. All other facts are about later dates or unrelated topics. No conflicts exist. The label 'historical-state' is appropriate as it involves a single, directly stated past event."
locomo::conv-26_qa017,locomo,When is Caroline going to the transgender conference?,July 2023,expanded_union:codex_assisted_llm,false,historical-state,historical-state,item_5d5ad055ca0fc1b0;item_b3ecb2047dea8859,item_5d5ad055ca0fc1b0;item_b3ecb2047dea8859,,,True,True,True,True,,high,True,False,"The gold facts directly state Caroline's plan to attend the conference in July 2023, aligning with the gold answer. No conflicting facts about the event date exist. Other facts are about unrelated events or personal details. The temporal type 'historical-state' is appropriate for a single, specified past event with no comparison or arithmetic needed."
locomo::conv-26_qa020,locomo,When did Melanie go to the museum?,5 July 2023,expanded_union:codex_assisted_llm,false,historical-state,historical-state,item_dc86a3eae08d4a16,item_dc86a3eae08d4a16,,,True,True,True,True,,high,True,False,"The gold fact directly states Melanie went to the museum on 5 July 2023, matching the gold answer. No other fact contradicts this date for the same event. All other facts are either about different events or lack temporal conflict. The question asks for a specific past date, fitting 'historical-state'."
locomo::conv-26_qa021,locomo,When did Caroline have a picnic?,The week before 6 July 2023,expanded_union:codex_assisted_llm,false,ordering,historical-state,item_372e6b569de81eca;item_6b670e85d715c2c6,item_6b670e85d715c2c6,,,False,False,True,True,,high,False,True,"The gold answer specifies a time window (week before 6 July 2023). Fact 'item_6b670e85d715c2c6' directly states the picnic occurred last week (~29 June 2023), aligning with the gold. Fact 'item_372e6b569de81eca' (July 6, 2023) is about a support network, not the picnic, and is not a direct match. No conflicting facts exist. The task is a direct lookup of a past event, fitting 'historical-state'."
locomo::conv-26_qa025,locomo,When did Caroline go to the LGBTQ conference?,10 July 2023,expanded_union:codex_assisted_llm,false,historical-state,historical-state,item_055262b56b9f47ff,item_055262b56b9f47ff,,,True,True,True,True,,high,True,False,"The gold fact directly states Caroline attended the LGBTQ conference on July 10, 2023, matching the gold answer. No other fact contradicts this date for the same event. All other facts are about different events or unrelated topics, so no conflicts exist. The question asks for a specific date, fitting 'historical-state' as a direct lookup."
locomo::conv-26_qa026,locomo,"When did Melanie read the book ""nothing is impossible""?",2022,expanded_union:codex_assisted_llm,false,historical-state,historical-state,item_20ede2c254ad195c,item_20ede2c254ad195c,,,True,True,True,True,,high,True,False,"The gold fact directly states Melanie read a book in 2022, matching the gold answer. No other fact contradicts this date for the same event. All other facts are either about different events or unrelated to the book-reading timeline. The temporal type 'historical-state' is appropriate for a single, dated event with no comparison or arithmetic needed."
locomo::conv-26_qa028,locomo,When did Caroline go to the adoption meeting?,The friday before 15 July 2023,expanded_union:codex_assisted_llm,false,ordering,historical-state,item_38a035adb31309c2,item_38a035adb31309c2,,,False,True,True,True,,high,False,True,"The gold fact directly states Caroline attended the adoption meeting on July 8, 2023, which matches the gold answer (Friday before July 15, 2023). No conflicting facts about the same event exist. Other facts are either about unrelated events or use vague time references. The task requires a single dated event, so 'historical-state' is correct."
locomo::conv-26_qa029,locomo,When did Melanie go to the pottery workshop?,The Friday before 15 July 2023,expanded_union:codex_assisted_llm,false,ordering,historical-state,item_164dda73ac42af10;item_c959000c4a56855a,item_164dda73ac42af10;item_c959000c4a56855a,,,False,True,True,True,,high,False,True,"Both gold facts state Melanie attended a pottery workshop on July 14, 2023, which is the Friday before July 15, 2023, matching the gold answer. No conflicting facts about the event date exist. The question asks for a specific date, fitting historical-state. Other facts are irrelevant or describe later events."
locomo::conv-26_qa031,locomo,When did Melanie go camping in June?,The week before 27 June 2023,expanded_union:codex_assisted_llm,false,ordering,historical-state,item_8b4ba81920923d5f;item_a567a9ea6c3ff570,item_8b4ba81920923d5f;item_946af971a3dd8672,,,False,False,True,True,,high,False,True,"The gold facts directly support the answer: Melanie's camping trip occurred last week (June 20, 2023), aligning with 'the week before 27 June 2023'. The second gold fact confirms the trip was on or before June 27, 2023. No conflicting facts exist. The question asks for a specific time, not order, duration, or comparison. Thus, 'historical-state' is correct."
locomo::conv-26_qa033,locomo,When did Caroline go to a pride parade during the summer?,The week before 3 July 2023,all_methods_wrong,true,ordering,historical-state,fact_ba5acf052684d52a;item_23e23ba9523baef1;item_320fd8d1ac1fe8ca;item_58fb396e63b8bf71;item_720150345fbdcd9a;item_fe103ffec1779d2c,fact_b834b05e92f34175;item_23e23ba9523baef1;item_58fb396e63b8bf71;item_720150345fbdcd9a,fact_523d713d3e2be542;fact_b834b05e92f34175;fact_e7f6594ecc99d348;item_185007f7fbdca15b,fact_e7f6594ecc99d348;item_185007f7fbdca15b,False,False,False,True,,high,False,True,"Gold facts identify Caroline's attendance at a pride parade in late June 2023, aligning with 'the week before 3 July 2023'. Conflict facts (August 11, 2023; 'last Friday') contradict this. Other facts are irrelevant or not conflicting. Proposed type 'ordering' is incorrect; this is a historical-state query."
locomo::conv-26_qa035,locomo,When did Melanie go camping in July?,two weekends before 17 July 2023,mixed_method_outcomes,false,ordering,duration,fact_59383566d0785003;item_522138e5ee9f7653;item_6b42e8d965aa32a8;item_c0289b89f98f7268;item_cfce2eacbb288889;item_f7e7b2e7c54fb750,fact_59383566d0785003;item_522138e5ee9f7653;item_6b42e8d965aa32a8;item_c0289b89f98f7268;item_f7e7b2e7c54fb750,,item_744c156fbf131bd2;item_8b4ba81920923d5f;item_946af971a3dd8672,False,False,False,True,,high,False,True,"Gold facts directly support 'two weekends before 17 July 2023' (approx. July 3). Conflict facts (e.g., June 20, July 6) contradict this timeline. 'Every summer' and 'a few weeks prior to Sept 13' are irrelevant. Duration is correct: interval arithmetic from July 17 to July 3. Ordering is not required."
locomo::conv-26_qa036,locomo,When did Caroline join a mentorship program?,The weekend before 17 July 2023,expanded_union:codex_assisted_llm,false,ordering,historical-state,item_adb2785b19ff6b2f,item_adb2785b19ff6b2f,,,False,True,True,True,,high,False,True,"The gold fact directly states Caroline joined the mentorship program during the weekend of July 15-16, 2023, aligning with the gold answer of 'the weekend before 17 July 2023'. No conflicting facts about the same event exist. Other facts are either irrelevant or describe different events. The temporal type is correctly historical-state, not ordering."
locomo::conv-26_qa041,locomo,When did Caroline join a new activist group?,The Tuesday before 20 July 2023,expanded_union:codex_assisted_llm,false,ordering,historical-state,item_1032833a730fe25d,item_1032833a730fe25d,,,False,True,True,True,,high,False,True,"The gold fact directly states Caroline joined a new LGBTQ activist group on July 11, 2023, which aligns with the gold answer of 'the Tuesday before 20 July 2023'. No conflicting facts about the event date exist. The question asks for a specific past date, fitting historical-state. Other facts are irrelevant or about Melanie."
locomo::conv-26_qa044,locomo,When is Melanie's daughter's birthday?,13 August,expanded_union:codex_assisted_llm,false,historical-state,historical-state,item_01242499a43c2fbc,item_01242499a43c2fbc,,,True,True,True,True,,high,True,False,"The gold fact directly states Melanie celebrated her daughter's birthday on August 13, 2023, matching the gold answer. No other fact contradicts this date for the same event. All other facts are about unrelated events or people. The temporal type 'historical-state' is appropriate for a single, directly stated past date."
locomo::conv-26_qa045,locomo,When did Caroline attend a pride parade in August?,The Friday before 14 August 2023,expanded_union:codex_assisted_llm,false,ordering,historical-state,item_185007f7fbdca15b;item_7039c8fa8d6dfe68,item_185007f7fbdca15b,,item_7039c8fa8d6dfe68,False,False,False,True,,high,False,True,"The gold fact directly states Caroline attended the pride parade on August 11, 2023, matching the gold answer. The conflicting fact (August 14) describes a different event on a later date, creating a temporal inconsistency for the same event. No other facts support or contradict the target event. The question asks for a specific date, fitting historical-state. Ordering is not required."
locomo::conv-26_qa049,locomo,When did Caroline and Melanie go to a pride fesetival together?,2022,expanded_union:codex_assisted_llm,false,historical-state,historical-state,item_2ac4c1b051c1d4f7,item_2ac4c1b051c1d4f7,item_185007f7fbdca15b;item_1a404d160252b4aa;item_23e23ba9523baef1;item_320fd8d1ac1fe8ca;item_58fb396e63b8bf71;item_720150345fbdcd9a,item_185007f7fbdca15b;item_1a404d160252b4aa;item_23e23ba9523baef1;item_320fd8d1ac1fe8ca;item_58fb396e63b8bf71;item_720150345fbdcd9a,True,True,True,True,,high,True,False,"The gold fact directly states Caroline and Melanie attended a Pride festival in 2022, matching the gold answer. Conflicts describe Caroline attending Pride events in 2023, which contradict the 2022 date. All conflict facts refer to the same target event (Pride attendance) but with incompatible dates. No other temporal operations are required. The label 'historical-state' is appropriate."
locomo::conv-26_qa053,locomo,When did Caroline apply to adoption agencies?,The week of 23 August 2023,expanded_union:codex_assisted_llm,false,historical-state,historical-state,item_df8b1a52dfd9a15d,item_df8b1a52dfd9a15d,item_38a035adb31309c2;item_a8c6382365304358;item_dffd7713963a98cc;item_e84fee0011e005c5,item_38a035adb31309c2;item_a8c6382365304358;item_dffd7713963a98cc;item_e84fee0011e005c5,True,True,True,True,,high,True,False,"Gold fact directly states Caroline applied on August 23, 2023. Conflicts are topically related but do not contradict the gold date; however, they describe events around the same time, making them plausible conflicts. No other facts contradict the gold answer. All IDs are valid and consistent with the historical-state type."
locomo::conv-26_qa054,locomo,When did Caroline draw a self-portrait?,The week before 23 August 2023,expanded_union:codex_assisted_llm,false,ordering,duration,item_e3191a5c018e2ab2;item_fc87971ce2054a05,item_fc87971ce2054a05,,item_e3191a5c018e2ab2,False,False,False,True,,high,False,True,"The gold fact (item_fc87971ce2054a05) directly supports the answer: one week before August 23, 2023, is August 16, 2023. The conflict fact (item_e3191a5c018e2ab2) states 'this week (August 23, 2023)' for an event that overlaps in time but contradicts the required prior date. The question requires interval arithmetic (duration), not ordering. The proposed 'ordering' type is incorrect."
locomo::conv-26_qa057,locomo,When did Caroline encounter people on a hike and have a negative experience?,The week before 25 August 2023,expanded_union:codex_assisted_llm,true,ordering,historical-state,item_1859781891d53d92;item_b29fa4d5d3ad5846,item_22247aaeebda3262;item_3cedaef7f42c1626;item_43f5348cf11d4084;item_866c8b2fb039e854;item_8d2a87cdc36b1f5f;item_9115cbe5e3ee49f9;item_e84198e4a4e11386;item_eae2951f421e64c9,,item_031ee80d04e35bbf;item_100d21b02af2518b;item_185007f7fbdca15b;item_305691e9d0cd9b16;item_40b7514adcacb5be;item_5fd33cfbf6ae6ce3;item_e3191a5c018e2ab2;item_f965381f8c7643b0,False,False,False,True,,high,False,True,"The gold answer specifies a time window (week before 25 August 2023). The key fact is item_e84198e4a4e11386, which states Caroline apologized to people she had a conflict with during her hike in August 2023. This aligns with the gold answer. Other gold facts support the context of her identity and activities. Conflict facts include events around August 17–25, 2023, that contradict the timeline. The proposed 'ordering' type is incorrect; the task is a direct historical-state lookup. The gold and conflict lists are valid and within limits."
locomo::conv-26_qa058,locomo,When did Melanie make a plate in pottery class?,24 August 2023,expanded_union:codex_assisted_llm,false,historical-state,historical-state,item_528f75ae8cee2a63,item_528f75ae8cee2a63,item_0447e5ee5b5975d9;item_15ce6235af991a84;item_164dda73ac42af10;item_5ce74d620751c5bc,item_0447e5ee5b5975d9;item_15ce6235af991a84;item_164dda73ac42af10;item_5ce74d620751c5bc,True,True,True,True,,high,True,False,"Only item_528f75ae8cee2a63 directly supports the gold answer. The others describe different pottery events with conflicting dates, making them valid conflicts. No other facts match the target event. The label 'historical-state' is appropriate as the question asks for a specific past date."
locomo::conv-26_qa062,locomo,When did Melanie go to the park?,27 August 2023,expanded_union:codex_assisted_llm,false,historical-state,historical-state,item_7bffa60b88f80ca3,item_7bffa60b88f80ca3,item_e1055f248235c851,item_e1055f248235c851,True,True,True,True,,high,True,False,"Fact item_7bffa60b88f80ca3 directly states Melanie went to the park on August 27, 2023, matching the gold answer. Item_e1055f248235c851 states a visit on or before September 13, 2023, which is compatible in range but not conflicting in date. However, it refers to the same event (Melanie visiting a park) with a later possible date, creating a conflict in temporal scope. No other facts contradict the gold date. The label 'historical-state' is appropriate as the question asks for a specific past date."
locomo::conv-26_qa063,locomo,When is Caroline's youth center putting on a talent show?,September 2023,expanded_union:codex_assisted_llm,false,historical-state,historical-state,item_c8e4f6154eb361f8,item_c8e4f6154eb361f8,,,True,True,True,True,,high,True,False,"The gold fact directly states the talent show is scheduled for September 2023, matching the gold answer. No conflicting facts about the same event exist. Other facts are about unrelated events or personal details. The temporal type 'historical-state' is appropriate for a single, directly stated date."
locomo::conv-26_qa067,locomo,When did Caroline go biking with friends?,The weekend before 13 September 2023,expanded_union:codex_assisted_llm,false,ordering,historical-state,item_5a19e3df4a93ba4c;item_baa104450a368360,item_baa104450a368360,,,False,False,True,True,,high,False,True,"The gold answer specifies a precise time window: the weekend before 13 September 2023. Fact item_baa104450a368360 directly states Caroline went biking during the weekend of 9-10 September 2023, which fits. Fact item_5a19e3df4a93ba4c (September 13) is not gold as it refers to a later date. No conflicting facts exist; all other facts are either irrelevant or temporally distant. The correct bucket is historical-state, not ordering."
locomo::conv-26_qa068,locomo,How long has Melanie been practicing art?,Since 2016,expanded_union:codex_assisted_llm,false,duration,duration,item_e6aba54c609ac0ca,item_e6aba54c609ac0ca,,,True,True,True,True,,high,True,False,"The gold fact states Melanie has been into art for seven years as of September 13, 2023, which implies practice began in 2016, matching the gold answer. No conflicting facts about Melanie's art practice start date exist. Other facts are irrelevant or describe unrelated events."
locomo::conv-26_qa072,locomo,When did Melanie's friend adopt a child?,2022,mixed_method_outcomes,false,historical-state,historical-state,item_d18437e0f9b17e16,item_d18437e0f9b17e16,,,True,True,True,True,,high,True,False,"The gold fact directly states the adoption occurred in 2022, matching the gold answer. No other fact contradicts this date or target event. All other facts are irrelevant or describe unrelated temporal contexts. No conflicts exist. The label 'historical-state' is appropriate as the question asks for a specific past date with no need for comparison or arithmetic."
locomo::conv-26_qa073,locomo,When did Melanie get hurt?,September 2023,expanded_union:codex_assisted_llm,false,historical-state,historical-state,item_2a7de98cd0640094,item_2a7de98cd0640094,,,True,True,True,True,,high,True,False,"The gold fact directly states Melanie's injury occurred in September 2023, matching the gold answer. No other fact contradicts this date for the injury. All other facts are either about unrelated events or concern other people. No conflict exists. The temporal type 'historical-state' is appropriate for a single, directly stated past event."
locomo::conv-26_qa074,locomo,When did Melanie's family go on a roadtrip?,The weekend before 20 October 2023,expanded_union:codex_assisted_llm,true,ordering,historical-state,item_5882cf738aa40c23,item_5882cf738aa40c23,item_6b42e8d965aa32a8;item_8b4ba81920923d5f;item_946af971a3dd8672;item_f7e7b2e7c54fb750,item_6b42e8d965aa32a8;item_8b4ba81920923d5f;item_946af971a3dd8672;item_f7e7b2e7c54fb750,False,True,True,True,,high,False,True,"The gold fact directly supports the weekend before 20 October 2023. Conflicts describe other road trips with incompatible dates. The question asks for a specific time, not order, duration, or comparison. Historical-state is correct; ordering is not."
locomo::conv-26_qa079,locomo,When did Caroline pass the adoption interview?,The Friday before 22 October 2023,expanded_union:codex_assisted_llm,false,ordering,historical-state,item_a8c6382365304358,item_a8c6382365304358,,,False,True,True,True,,high,False,True,"The gold fact directly states Caroline passed the adoption interview on October 13, 2023, which is the Friday before October 22, 2023, matching the gold answer. No conflicting facts about the same event exist. The question asks for a specific date, fitting historical-state. Other facts are about related goals or states on different dates, not conflicting."
locomo::conv-26_qa080,locomo,When did Melanie buy the figurines?,21 October 2023,mixed_method_outcomes,false,historical-state,historical-state,item_caa7ad558dfe5452,item_caa7ad558dfe5452,,,True,True,True,True,,high,True,False,"The gold fact directly states the purchase date of the figurines on October 21, 2023, matching the gold answer. No other fact contradicts this date for the same event. All other facts are either irrelevant or describe unrelated events. The temporal type 'historical-state' is appropriate for a single, directly stated past event."
locomo::conv-30_qa000,locomo,When Jon has lost his job as a banker?,"19 January, 2023",expanded_union:codex_assisted_llm,false,historical-state,historical-state,item_5560d4f79a42f585;item_90b00fbf318eb64b,item_5560d4f79a42f585;item_90b00fbf318eb64b,item_10bc18421f92cbd1;item_5abf7fef29b9ea8b;item_d0befdcbfee94139,item_10bc18421f92cbd1;item_5abf7fef29b9ea8b;item_d0befdcbfee94139,True,True,True,True,,high,True,False,"Gold facts directly support the 19 January 2023 answer. Conflict facts reference the same event with inconsistent dates (e.g., January 2023, before March 16, before April 9). The target event is a single dated occurrence, fitting historical-state. No other temporal operations are required."
locomo::conv-30_qa001,locomo,When Gina has lost her job at Door Dash?,"January, 2023",mixed_method_outcomes,true,historical-state,historical-state,fact_03840a30c498df4a;fact_be790bf9299ed511;item_5560d4f79a42f585;item_90b00fbf318eb64b;item_e8f80971459da560,fact_03840a30c498df4a;fact_be790bf9299ed511;item_5560d4f79a42f585;item_90b00fbf318eb64b;item_e8f80971459da560,fact_f17676b08e882eb7;item_a491e4a8845f4fa5,fact_f17676b08e882eb7;item_a491e4a8845f4fa5,True,True,True,True,,high,True,False,"Gold facts directly support Gina losing her job at DoorDash in January 2023. Conflict facts state March 16, 2023, contradicting the gold answer. All gold and conflict facts target the same event with incompatible dates. No other facts support or conflict the target. Temporal type 'historical-state' is appropriate for a single dated event."
locomo::conv-30_qa006,locomo,When is Jon's group performing at a festival?,"February, 2023",mixed_method_outcomes,true,historical-state,historical-state,fact_f580dec1e593b2e7;item_6d46b882577294f2;item_f711c76c30005b17,fact_f580dec1e593b2e7;item_6d46b882577294f2;item_f711c76c30005b17,fact_6cb1ba90cd0da942;fact_c107f3db35b3f538;fact_e8bd6741a5380927;item_d41fdf3d095c86d3,fact_6cb1ba90cd0da942;fact_c107f3db35b3f538;fact_e8bd6741a5380927;item_d41fdf3d095c86d3,True,True,True,True,,high,True,False,"Gold facts confirm February 2023 festival performance via choreography completion and recent performance. Conflict facts reference January 2023 events, contradicting the target date. No evidence supports current vs. old, ordering, or duration. All facts align with historical-state classification."
locomo::conv-30_qa007,locomo,When did Gina launch an ad campaign for her store?,"29 January, 2023",expanded_union:codex_assisted_llm,false,historical-state,historical-state,item_b5a52dc3d2057a91,item_b5a52dc3d2057a91,,,True,True,True,True,,high,True,False,"The gold fact directly states Gina launched an ad campaign on January 29, 2023, matching the gold answer. No other fact contradicts this date for the same event. All other facts are about Jon or Gina's business activities at different times, not conflicting with the launch date. The temporal type 'historical-state' is appropriate for a single, directly stated past event."
locomo::conv-30_qa008,locomo,When was Jon in Paris?,28 January 2023,expanded_union:codex_assisted_llm,false,historical-state,historical-state,item_26806c6c30b82af2,item_26806c6c30b82af2,,,True,True,True,True,,high,True,False,"The gold fact directly states Jon's visit to Paris on January 28, 2023, matching the gold answer. No conflicting facts about the same event exist. Other facts are about future plans or unrelated events. The question asks for a specific past date, fitting historical-state. No conflicts or other temporal operations are present."
locomo::conv-30_qa010,locomo,When did Gina team up with a local artist for some cool designs?,"February, 2023",expanded_union:codex_assisted_llm,false,historical-state,historical-state,item_6cb990def44f4ac0,item_6cb990def44f4ac0,,,True,True,True,True,,high,True,False,"The gold fact directly states Gina teamed up with a local artist on February 8, 2023, matching the gold answer. No conflicting facts about the same event exist. Other facts are topical but not relevant to the specific collaboration date. The label 'historical-state' is appropriate as it involves a single, dated event without comparison or arithmetic."
locomo::conv-30_qa011,locomo,When did Gina get her tattoo?,A few years ago,mixed_method_outcomes,false,historical-state,historical-state,item_b596c2dbd1216843,item_b596c2dbd1216843,,,True,True,True,True,,high,True,False,The gold fact directly supports 'a few years ago' relative to the reference date. No conflicting facts about the tattoo's timing exist. Other facts are topical but not temporally contradictory. The label 'historical-state' is appropriate as the question asks for a past event with a vague temporal reference.
locomo::conv-30_qa012,locomo,When did Jon start to go to the gym?,"March, 2023",expanded_union:codex_assisted_llm,false,historical-state,historical-state,item_68b9b176b87a8611,item_68b9b176b87a8611,,,True,True,True,True,,high,True,False,"The gold fact directly supports the March 2023 start date via 'week prior to March 16, 2023'. No conflicting facts about Jon's gym start date exist. Other facts about business or dance are topical but not temporally conflicting. The label 'historical-state' is appropriate for a single dated event without comparison or arithmetic."
locomo::conv-30_qa013,locomo,When did Gina open her online clothing store?,"16 March, 2023",expanded_union:codex_assisted_llm,false,historical-state,historical-state,item_2df9bafc1337e3cd;item_9e3096e198d6fad7,item_2df9bafc1337e3cd;item_9e3096e198d6fad7,,,True,True,True,True,,high,True,False,"Both gold facts directly state Gina opened her online clothing store on March 16, 2023, matching the gold answer. No conflicting dates or states are present. Other facts are either about related events or later time points, not incompatible with the opening date. The label 'historical-state' is appropriate for a single, directly stated past event."
locomo::conv-30_qa014,locomo,When did Jon start expanding his studio's social media presence?,"April, 2023",expanded_union:codex_assisted_llm,true,historical-state,historical-state,item_9313842a229a97c0,item_9313842a229a97c0,,,True,True,True,True,,high,True,False,"The gold fact directly states Jon began expanding social media presence on April 3, 2023, aligning with the gold answer. No conflicting facts about the start date exist. Other facts about Jon's business activities are consistent but not directly relevant. The temporal type 'historical-state' is appropriate for a single, dated event without comparison or arithmetic."
locomo::conv-30_qa015,locomo,When did Jon host a dance competition?,"May, 2023",expanded_union:codex_assisted_llm,false,historical-state,historical-state,item_d91079f7cfc37380,item_d91079f7cfc37380,item_09d2e8fa0783badb;item_9854acda7711cace,item_09d2e8fa0783badb;item_9854acda7711cace,True,True,True,True,,high,True,False,"Gold fact directly states Jon hosts a dance competition in May 2023. Conflict facts mention events in April and March 2023, which are incompatible with May 2023. No other facts contradict the target event. All facts are correctly classified per definitions."
locomo::conv-30_qa016,locomo,When did Jon go to a fair to get more exposure for his dance studio?,"24 April, 2023",expanded_union:codex_assisted_llm,false,historical-state,historical-state,item_e2031b03ea2ad86e,item_e2031b03ea2ad86e,,,True,True,True,True,,high,True,False,"The gold fact directly states Jon attended a fair on April 24, 2023, matching the gold answer. No conflicting facts exist for the same event with incompatible dates. Other facts are about different times or unrelated topics. The label 'historical-state' is appropriate as the question asks for a specific past date."
locomo::conv-30_qa019,locomo,When did Gina interview for a design internship?,"10 May, 2023",expanded_union:codex_assisted_llm,false,historical-state,historical-state,item_02704cad6748bca1,item_02704cad6748bca1,,,True,True,True,True,,high,True,False,"The gold fact directly states the interview date (10 May 2023), matching the gold answer. No other fact contradicts this date for the same event. All other facts are about different events or states, not conflicting. The temporal type 'historical-state' is appropriate for a single, directly stated past event."
locomo::conv-30_qa020,locomo,When did Gina get accepted for the design internship?,"27 May, 2023",expanded_union:codex_assisted_llm,false,historical-state,historical-state,item_a8a85263a8547870,item_a8a85263a8547870,item_02704cad6748bca1,item_02704cad6748bca1,True,True,True,True,,high,True,False,"The gold fact directly states Gina's acceptance on May 27, 2023, matching the gold answer. The interview fact (item_02704cad6748bca1) is a different event (May 10, 2023) and does not conflict with the acceptance date. No other facts contradict the acceptance date. The proposed label 'historical-state' is correct as it requires only a single, direct date lookup."
locomo::conv-30_qa021,locomo,"When did Jon start reading ""The Lean Startup""?","May, 2023",expanded_union:codex_assisted_llm,true,historical-state,historical-state,item_fef83078a4786549,item_fef83078a4786549,,,True,True,True,True,,high,True,False,"The fact that Jon is reading 'The Lean Startup' as of May 27, 2023, directly supports the gold answer of May 2023. No conflicting facts about the start date exist. Other facts about Jon's business or dance studio are topical but not relevant to the book's start date. The temporal type 'historical-state' is appropriate for a single dated event without comparison or arithmetic."
locomo::conv-30_qa022,locomo,When did Gina develop a video presentation to teach how to style her fashion pieces? ,"June, 2023",expanded_union:codex_assisted_llm,true,historical-state,historical-state,item_e0978477ceb46c10,item_e0978477ceb46c10,,,True,True,True,True,,high,True,False,"The gold fact directly states Gina developed the video presentation as of June 13, 2023, aligning with the gold answer of June 2023. No conflicting facts about the same event exist. Other facts are about Jon or unrelated events. The temporal type 'historical-state' is appropriate for a single dated event without comparison or arithmetic."
locomo::conv-30_qa026,locomo,When did Jon receive mentorship to promote his venture?,"15 June, 2023",expanded_union:codex_assisted_llm,false,historical-state,historical-state,item_618b738eddb4ddd7,item_618b738eddb4ddd7,,,True,True,True,True,,high,True,False,"The gold fact directly states Jon was mentored on June 15, 2023, matching the gold answer. No conflicting facts assert a different date for the mentorship. All other facts are about related but distinct events or states, not competing claims on the target event. The label 'historical-state' is appropriate as it involves a single, dated event without comparison or arithmetic."
locomo::conv-30_qa028,locomo,When was Jon in Rome?,June 2023,expanded_union:codex_assisted_llm,false,historical-state,historical-state,item_01b0657b3c9fb3d4,item_01b0657b3c9fb3d4,item_26806c6c30b82af2,item_26806c6c30b82af2,True,True,True,False,,high,False,True,"Only item_01b0657b3c9fb3d4 directly supports Jon being in Rome in June 2023. item_26806c6c30b82af2 (Jan 28, 2023) is irrelevant to the target event. No conflict exists. The proposed conflict is invalid. The correct type is historical-state, but conflict list is incorrect."
locomo::conv-30_qa030,locomo,When Jon is planning to open his dance studio?,"20 June, 2023",expanded_union:codex_assisted_llm,false,historical-state,historical-state,item_28fa13807230b193;item_7c053713ee74bf44;item_7e9f469614c8a664;item_8de5fae99006f0ac;item_b85c4cfc699ab08b,item_28fa13807230b193;item_7c053713ee74bf44;item_7e9f469614c8a664;item_8de5fae99006f0ac;item_b85c4cfc699ab08b,item_56cbd60b79518db7;item_5da99ad4fdd3c6d3;item_c5e810e082f6de3c;item_f0d8404a4a371c34,item_56cbd60b79518db7;item_5da99ad4fdd3c6d3;item_c5e810e082f6de3c;item_f0d8404a4a371c34,True,True,True,True,,high,True,False,"Gold facts consistently state Jon's plan to open a dance studio on June 20, 2023, aligning with the gold answer. Conflict facts refer to earlier dates (May 11, Jan 29, Feb 1) when Jon was still in early planning stages, creating a temporal inconsistency with the June 20 date. All selected facts are relevant and correctly categorized. No additional gold or conflict facts needed."
locomo::conv-30_qa032,locomo,When did Gina design a limited collection of hoodies?,June 2023,expanded_union:codex_assisted_llm,false,historical-state,historical-state,item_f4fad781d5a210dc,item_f4fad781d5a210dc,,,True,True,True,True,,high,True,False,"The gold fact directly supports June 2023 with 'last week (approximately June 14, 2023)' aligning closely with the gold answer. No conflicting facts about Gina's hoodie design date exist. Other facts are about Jon or unrelated events. The label 'historical-state' is appropriate as the question asks for a specific past time point without comparison or sequence."
locomo::conv-30_qa033,locomo,When did Jon visit networking events for his store?,"20 June, 2023",expanded_union:codex_assisted_llm,false,historical-state,historical-state,item_694bc7ad1af2f44f,item_694bc7ad1af2f44f,,,True,True,True,True,,high,True,False,"The gold fact directly states Jon attended networking events on June 20, 2023, matching the gold answer. No conflicting facts about the same event with a different date exist. Other facts are about unrelated events or general states. The label 'historical-state' is appropriate as the question asks for a specific past date."
locomo::conv-30_qa034,locomo,When did Gina start being recognized by fashion editors?,July 2023,expanded_union:codex_assisted_llm,false,historical-state,historical-state,item_f5a46ff24f71c15d,item_f5a46ff24f71c15d,,,True,True,True,True,,high,True,False,"The gold fact directly states Gina was noticed by fashion editors in early July 2023, aligning with the gold answer. No conflicting facts about the start of recognition exist. Other facts are about unrelated events or states. The label 'historical-state' is appropriate as the question asks for a specific past time point without requiring comparison or calculation."
locomo::conv-30_qa035,locomo,When did Jon start learning marketing and analytics tools?,"July, 2023",expanded_union:codex_assisted_llm,false,historical-state,historical-state,item_601fa2fcd61012ee,item_601fa2fcd61012ee,,,True,True,True,True,,high,True,False,"The gold fact directly states Jon started learning tools on July 9, 2023, matching the gold answer. No conflicting facts assert a different start date for the same activity. Other facts are topical but not in conflict. The label 'historical-state' is appropriate as the question asks for a specific past event with a fixed date."
locomo::conv-30_qa036,locomo,When did Jon and Gina decide to collaborate to create dance content?,21 July 2023,expanded_union:codex_assisted_llm,false,historical-state,historical-state,item_4d1087bfed0beb50;item_93d8787bc22ede6d,item_4d1087bfed0beb50;item_a9cfda2bbe680fdc,,,True,False,True,True,,high,False,True,"Only facts directly stating the collaboration decision on 21 July 2023 are gold. 'item_93d8787bc22ede6d' is irrelevant as it only confirms ongoing collaboration without specifying the decision date. No conflicting facts exist. The question asks for a specific date, fitting historical-state. All proposed IDs align with the correct type and content."
locomo::conv-30_qa037,locomo,When did Gina mention Shia Labeouf?," 23 July, 2023",expanded_union:codex_assisted_llm,true,historical-state,historical-state,,item_01f8172df25ddbf2;item_03c3888efa4a2e1e;item_465f7fada47ba621;item_4c7ab7eb9f0709d6;item_4d1087bfed0beb50;item_507309c9fb7a6fad;item_a9cfda2bbe680fdc;item_b8dbe066befa138c,,item_10e7f8c80eabbe0f;item_8a2a4ba6f0bca61a;item_9a490d977664b392;item_9d0c938f91d570e4;item_f5a46ff24f71c15d,True,False,False,True,,high,False,True,"Gold facts establish Gina's collaboration with Jon on July 21, 2023, including her offer to manage social media. Conflict facts mention Gina's prior activities on July 21 and earlier, but none contradict the July 23, 2023, answer. The question asks for when Gina mentioned Shia Labeouf, but no fact mentions Shia Labeouf. The gold answer is unsupported. The label 'historical-state' is valid as the question seeks a specific date, but no fact supports the gold answer. The gold and conflict lists are valid per definitions."
locomo::conv-30_qa038,locomo,When did Gina go to a dance class with a group of friends?,21 July 2023,expanded_union:codex_assisted_llm,false,historical-state,historical-state,item_10e7f8c80eabbe0f,item_10e7f8c80eabbe0f,,,True,True,True,True,,high,True,False,"The gold fact directly states Gina attended a dance class with friends on 21 July 2023, matching the gold answer. No other fact contradicts this date for the same event. All other facts are either about Jon, different events, or earlier/irrelevant times. No conflict exists. The question asks for a specific past date, fitting historical-state."
locomo::conv-41_qa000,locomo,"Who did Maria have dinner with on May 3, 2023?",her mother,expanded_union:codex_assisted_llm,false,temporal-other,historical-state,item_2e98bd852b54d518,item_2e98bd852b54d518,,,False,True,True,True,,high,False,True,"The question asks for a specific person Maria had dinner with on a given date. Fact 'item_2e98bd852b54d518' directly states she made dinner with her mother on May 3, 2023, matching the gold answer. No other fact contradicts this. All other facts are about different events or times. The temporal operation is a direct lookup, fitting 'historical-state'."
locomo::conv-41_qa001,locomo,When did Maria donate her car?,21 December 2022,expanded_union:codex_assisted_llm,true,historical-state,historical-state,item_8c66eadeae6a7abc,item_8c66eadeae6a7abc,,,True,True,True,True,,high,True,False,"The gold fact directly states Maria donated her car on December 21, 2022, matching the gold answer. No other fact contradicts this date or target event. All other facts are either about different events or lack temporal specificity for the donation. No conflicts exist. The label 'historical-state' is appropriate for a single, directly stated past event."
locomo::conv-41_qa004,locomo,When did John join the online support group?,The week before 1 January 2023,mixed_method_outcomes,false,ordering,historical-state,fact_6317611ef7de1457;fact_db5ae59dae3b7b7b;fact_fef91a941cc49654;item_28bafbba515712b5;item_97a6a1b39b40c1b6,fact_6317611ef7de1457;fact_db5ae59dae3b7b7b;fact_fef91a941cc49654;item_28bafbba515712b5;item_97a6a1b39b40c1b6,fact_7e3d4beb1e0bebc2;fact_d135012e3fe23b10;item_1ff65c7c017d9918;item_3bb485624af07eb9;item_8b8d45251ddac017,fact_7e3d4beb1e0bebc2;fact_d135012e3fe23b10;item_1ff65c7c017d9918;item_3bb485624af07eb9;item_8b8d45251ddac017,False,True,True,True,,high,False,True,"The gold facts directly confirm John joined the group in late December 2022, aligning with the gold answer. Conflicts state joining or inviting on August 3, 2023, contradicting the timeline. The question asks for a specific time, not order, duration, or comparison. Historical-state is correct; ordering is not needed."
locomo::conv-41_qa005,locomo,When did Maria go to the beach?,December 2022,mixed_method_outcomes,false,historical-state,historical-state,fact_ade860b7279df896;item_ca6c8520281a89bd,fact_ade860b7279df896;item_ca6c8520281a89bd,,,True,True,True,True,,high,True,False,"Both gold facts state Maria took a photo at the beach in December 2022, directly supporting the gold answer. No conflicting dates or states exist for the same event. Other facts describe later events or unrelated trips. The temporal type 'historical-state' is appropriate for a single, directly stated past event."
locomo::conv-41_qa010,locomo,When did Maria meet Jean?,"February 24, 2023",expanded_union:codex_assisted_llm,false,historical-state,historical-state,item_d69a649791411c23,item_d69a649791411c23,,,True,True,True,True,,high,True,False,"The gold fact directly states the meeting date. No other fact contradicts this. All other facts are either about different events, unrelated people, or occur on different dates. No conflict exists. The question asks for a specific date, fitting historical-state."
locomo::conv-41_qa013,locomo,When did Maria's grandmother pass away?,The week before 6 March 2023,expanded_union:codex_assisted_llm,false,ordering,historical-state,item_814157df2a4d376b;item_dbf29fe964900682,item_dbf29fe964900682,,,False,False,True,True,,high,False,True,"The gold answer specifies a precise temporal window (week before 6 March 2023). Only item_dbf29fe964900682 directly states the grandmother's passing during that window. item_814157df2a4d376b is irrelevant to the event. No conflicting facts exist. The question asks for a specific past date, fitting historical-state. Proposed ordering type is incorrect."
locomo::conv-41_qa016,locomo,When did John get his degree?,The week before 2 April 2023,expanded_union:codex_assisted_llm,false,ordering,historical-state,item_67740a1328dc5473,item_67740a1328dc5473,item_1343b969599ceefe,item_1343b969599ceefe,False,True,True,True,,high,False,True,"The gold fact directly states John graduated the week before April 2, 2023, matching the gold answer. The conflict fact states completion on April 2, 2023, which contradicts the week-before date. No other facts provide conflicting or supporting temporal details. The question asks for a specific time, fitting historical-state. Other facts are irrelevant or topical."
locomo::conv-41_qa020,locomo,When did John take a road trip to the Pacific Northwest?,2022,mixed_method_outcomes,false,historical-state,historical-state,fact_15d95c357df85dee;fact_3cd0c005b2b9b9ae;item_043154a720b5ce9e;item_95f57b7e8e14ed48;item_a689f0ffa250393c,fact_15d95c357df85dee;fact_3cd0c005b2b9b9ae;item_043154a720b5ce9e;item_95f57b7e8e14ed48;item_a689f0ffa250393c,,,True,True,True,True,,high,True,False,"Gold facts confirm a 2022 road trip involving John, with specific dates (Dec 16, 2022) and temporal references (last year, last summer). No conflicting evidence about the trip's timing exists. The question asks for a single past event, fitting 'historical-state'."
locomo::conv-41_qa022,locomo,When did John go to a convention with colleagues?,March 2023,expanded_union:codex_assisted_llm,true,historical-state,historical-state,item_1824e06c8a67e734,item_1824e06c8a67e734,item_1b277ec4de693278,item_1b277ec4de693278,True,True,True,True,,high,True,False,"The gold fact directly states John attended a convention with colleagues in March 2023, matching the gold answer. The conflict fact mentions a convention photo on April 18, 2023, which contradicts the March date. No other facts contradict the target event. The temporal type is correctly historical-state as it involves a single, specific past event with a clear date."
locomo::conv-41_qa024,locomo,When did John start boot camp with his family?,April.2023,expanded_union:codex_assisted_llm,false,historical-state,historical-state,item_1180f1ecf32b4081,item_1180f1ecf32b4081,,,True,True,True,True,,high,True,False,"The gold fact directly states John started boot camp with his family in April 2023, matching the gold answer. No other fact contradicts this date. All other facts are about May 2023 or earlier events, not conflicting. The question asks for a specific past date, fitting historical-state. No conflicts exist."
locomo::conv-41_qa027,locomo,When did John have a party with veterans?,The Friday before 20 May 2023,all_methods_wrong,true,ordering,historical-state,fact_0f951d76148f81a1;fact_579c9d0dc6ce8b7c;fact_e58934e6be413714;item_5c851f97b1c56d4e;item_d33341e417820780,fact_0f951d76148f81a1;item_5c851f97b1c56d4e;item_d33341e417820780,,,False,False,True,True,,high,False,True,"The gold answer specifies a precise date: the Friday before 20 May 2023, i.e., 19 May 2023. Fact 'item_d33341e417820780' directly states John met veterans on Friday, May 19, 2023, matching the gold answer. The other gold facts are duplicates or restatements of this event. No conflicting facts exist. The question asks for a specific date, fitting 'historical-state'."
locomo::conv-41_qa031,locomo,When did John get his dog Max?,In 2013,mixed_method_outcomes,false,historical-state,historical-state,fact_243e2c33bec9cf63;item_b1ce8c8b17d762af,fact_243e2c33bec9cf63;item_b1ce8c8b17d762af,fact_1bcb5dc59aa156f2;fact_2352ac5fb07f570c;fact_852ed0a3c3b7e423;item_4d32ba70158ac049;item_aa8df1a53c3af696;item_d7f47516c318afa5,fact_1bcb5dc59aa156f2;fact_2352ac5fb07f570c;fact_852ed0a3c3b7e423;item_4d32ba70158ac049;item_aa8df1a53c3af696;item_d7f47516c318afa5,True,True,True,True,,high,True,False,"Gold facts establish Max's 10-year family membership ending June 3, 2023, implying ownership began ~2013. Conflicts include inconsistent ownership claims and dates. No need for ordering, duration, or current-vs-old. Historical-state is correct."
locomo::conv-41_qa034,locomo,When did Maria join a gym?,The week before 16 June 2023,expanded_union:codex_assisted_llm,true,ordering,historical-state,item_67e126277e6f324a,item_67e126277e6f324a,,,False,True,True,True,,high,False,True,"The gold fact directly states Maria joined a gym on or around June 9, 2023, aligning with the gold answer. No conflicting facts about the joining date exist. The question asks for a specific time, fitting historical-state. Other facts are irrelevant or about different events."
locomo::conv-41_qa038,locomo,When did Maria get in a car accident?,"July 2, 2023",expanded_union:codex_assisted_llm,false,historical-state,historical-state,item_f09a495786fcb9ed,item_f09a495786fcb9ed,item_43f244bded85a9d8;item_f7dedb2f912335c8,item_43f244bded85a9d8;item_f7dedb2f912335c8,True,True,True,True,,high,True,False,"The gold fact directly states Maria's car accident on July 2, 2023, matching the gold answer. The two conflict facts both claim the accident occurred on July 3, 2023, contradicting the gold date. All facts are about the same event (Maria's car accident), making them valid conflicts. No other facts support or contradict the event date. The temporal type 'historical-state' is appropriate for a single dated event with no comparison or arithmetic needed."
locomo::conv-41_qa043,locomo,When was John's old area hit with a flood?,The week before 7 July 2023,expanded_union:codex_assisted_llm,false,ordering,historical-state,item_15cb4d7b3fbe0bef;item_3b1aaa348d0fac6a,item_15cb4d7b3fbe0bef;item_c16199d4dfdfbbf8,,,False,False,True,True,,high,False,True,"The gold facts directly establish the flood in John's area during the week of June 30, 2023, aligning with 'the week before 7 July 2023'. No conflicting facts about the same event exist. The proposed 'ordering' type is incorrect; this is a direct historical-state query. The second gold fact reinforces the flood context. No conflicts are present."
locomo::conv-41_qa046,locomo,When did Maria go hiking with her church friends?,The weekend before 22 July 2023,expanded_union:codex_assisted_llm,false,ordering,historical-state,item_cf29c6651ea44a79;item_d1e50655becacf9e,item_d1e50655becacf9e,,item_80dbaa8b66785d8f,False,False,False,True,,high,False,True,"Gold fact 'item_d1e50655becacf9e' directly states Maria's hike occurred during the weekend of July 15-16, 2023, matching the gold answer. Conflict fact 'item_80dbaa8b66785d8f' describes a picnic on the same weekend, which is a different event but shares the same timeframe. No other facts support or contradict the target event. The question asks for a specific time, not order, duration, or comparison. Thus, historical-state is correct."
locomo::conv-41_qa048,locomo,When did John have his first firefighter call-out?,The sunday before 3` July 2023,expanded_union:codex_assisted_llm,false,ordering,historical-state,item_bb3f9f6ab52eac1b,item_bb3f9f6ab52eac1b,,,False,True,True,True,,high,False,True,"The gold fact directly states John's first fire brigade call-out date (July 30, 2023), matching the gold answer. No conflicting facts about the same event exist. Other facts are either about different events or irrelevant. The question asks for a specific past date, fitting historical-state. No ordering, duration, or current-vs-old comparison is needed."
locomo::conv-41_qa051,locomo,When did Maria start volunteering at the homeless shelter?,Around August 2022,expanded_union:codex_assisted_llm,false,historical-state,historical-state,item_5f110f4636c07319,item_5f110f4636c07319,item_6824d5eab4e48bc0;item_6a021cab884ac90e;item_b5d2b1c815a508cc,item_6824d5eab4e48bc0;item_6a021cab884ac90e;item_b5d2b1c815a508cc,True,True,True,True,,high,True,False,"Fact item_5f110f4636c07319 directly supports the gold answer (August 2022). The three conflict facts (item_6824d5eab4e48bc0, item_6a021cab884ac90e, item_b5d2b1c815a508cc) all state Maria volunteered at the shelter in late 2022, which is consistent with August 2022 and not incompatible. Thus, they are not true conflicts. However, since the question asks for a start date and the facts only confirm ongoing activity from late 2022 onward, the gold fact is valid. The conflict list is invalid as the facts do not contradict the gold answer. The temporal type 'historical-state' is appropriate as the question seeks a specific past time point."
locomo::conv-41_qa053,locomo,When did John help renovate his hometown community center?,2022,expanded_union:codex_assisted_llm,false,historical-state,historical-state,item_5fa8e6f69105cfcf,item_5fa8e6f69105cfcf,,,True,True,True,True,,high,True,False,"The gold fact directly states John helped renovate the community center in 2022, matching the gold answer. No other fact contradicts this specific event's timing. Other facts are either about unrelated events or general interests, not conflicting on the target event. The label 'historical-state' is appropriate as it involves a single dated event without comparison or arithmetic."
locomo::conv-41_qa054,locomo,When did Maria take up community work with her church friends?,"August 4, 2023",expanded_union:codex_assisted_llm,false,historical-state,historical-state,item_fe902866b5f0936b,item_fe902866b5f0936b,item_5f110f4636c07319;item_e2c53ff9c4fef8a7,item_5f110f4636c07319;item_e2c53ff9c4fef8a7,True,True,True,True,,high,True,False,"Gold fact directly states Maria started community work on August 4, 2023. Conflict fact 'item_5f110f4636c07319' suggests ~August 2022, contradicting the gold date. 'item_e2c53ff9c4fef8a7' states volunteering as of August 3, 2023, but does not specify start date, so it's not a direct conflict. Only two conflicts are valid. Temporal type 'historical-state' is correct for a single specified date."
locomo::conv-41_qa055,locomo,When did Maria receive a medal from the homeless shelter?,The week before 9 August 2023,expanded_union:codex_assisted_llm,false,ordering,historical-state,item_19f8d4ca51240a83;item_935090788a914f72,item_935090788a914f72,,,False,False,True,True,,high,False,True,"The gold answer specifies a precise temporal window: 'the week before 9 August 2023'. Fact 'item_935090788a914f72' directly states Maria received a medal during the week of August 2, 2023, which aligns with the gold answer. Fact 'item_19f8d4ca51240a83' is unrelated to the medal event. No conflicting facts about the medal timing exist. The question asks for a specific time, not order, duration, or comparison, so 'historical-state' is correct."
locomo::conv-41_qa056,locomo,When did John participate in a 5K charity run?,first weekend of August 2023,mixed_method_outcomes,false,ordering,historical-state,fact_925e8fd8db087978;fact_9ee0324f4f818591;item_19f8d4ca51240a83;item_966945477aca5936,fact_925e8fd8db087978;fact_9ee0324f4f818591;item_19f8d4ca51240a83;item_966945477aca5936,fact_8b6821c3a0475304,fact_8b6821c3a0475304,False,True,True,True,,high,False,True,"Gold facts confirm John organized a 5K charity run in his neighborhood on or before August 9, 2023, aligning with the gold answer of the first weekend of August 2023. Fact_8b6821c3a0475304 is irrelevant as it only states John organized the run without a date, not conflicting. No other facts contradict the target event's timing. The question asks for a specific time, fitting historical-state."
locomo::conv-41_qa058,locomo,When did Maria get Coco?,Two weeks before 11 August 2023,expanded_union:codex_assisted_llm,false,ordering,duration,item_df074c689240f684,item_df074c689240f684,,,False,True,True,True,,high,False,True,"The gold fact directly supports the answer using 'approximately two weeks before August 11, 2023', which aligns with 'two weeks before 11 August 2023'. No conflicting facts about Maria getting Coco exist. The question requires interval arithmetic, fitting duration. Other facts are irrelevant or topical but not conflicting."
locomo::conv-41_qa059,locomo,When did John go on a camping trip with Max?,The summer of 2022,expanded_union:codex_assisted_llm,true,historical-state,historical-state,item_4d32ba70158ac049;item_95f57b7e8e14ed48,item_4d32ba70158ac049;item_95f57b7e8e14ed48,,,True,True,True,True,,high,True,False,"The gold facts directly confirm John's camping trip with Max in summer 2022, matching the gold answer. No conflicting facts about the same event exist. Other facts are either irrelevant or about different events. The label 'historical-state' is appropriate as the question asks for a specific past time point without requiring comparison, order, or duration."
locomo::conv-41_qa061,locomo,When did Maria adopt Shadow?,The week before 13 August 2023,expanded_union:codex_assisted_llm,true,ordering,historical-state,item_43310e94cfd19e4b;item_f06308ffe2a5ffd8,item_43310e94cfd19e4b;item_f06308ffe2a5ffd8,,,False,True,True,True,,high,False,True,"The gold facts directly support the adoption date: item_43310e94cfd19e4b places adoption 'last week (August 6, 2023)' and item_f06308ffe2a5ffd8 confirms Shadow existed by August 13, 2023. No conflicting facts exist. The question asks for a specific time, fitting 'historical-state' as a direct lookup. Ordering is not required."
locomo::conv-41_qa063,locomo,How many weeks passed between Maria adopting Coco and Shadow?,two weeks,expanded_union:codex_assisted_llm,false,duration,duration,item_43310e94cfd19e4b;item_df074c689240f684,item_43310e94cfd19e4b;item_df074c689240f684,,,True,True,True,True,,high,True,False,"Fact item_43310e94cfd19e4b places Coco's adoption around August 6, 2023. Fact item_df074c689240f684 places Coco's adoption approximately two weeks before August 11, 2023, aligning with August 6. Both support a two-week interval to Shadow's adoption. No conflicting dates exist. The question requires interval arithmetic, justifying 'duration'."
locomo::conv-41_qa091,locomo,What did John attend with his colleagues in March 2023?,a tech-for-good convention,expanded_union:codex_assisted_llm,false,temporal-other,historical-state,item_1824e06c8a67e734,item_1824e06c8a67e734,,,False,True,True,True,,high,False,True,"The gold fact directly states John attended a tech-for-good convention in March 2023, matching the gold answer. No conflicting facts assert a different event or date for the same attendance. Other facts are topically related but not contradictory. The question asks for a specific event at a specific time, fitting historical-state."
locomo::conv-42_qa002,locomo,"When did Joanna first watch ""Eternal Sunshine of the Spotless Mind?",2019,expanded_union:codex_assisted_llm,true,ordering,historical-state,item_a3bf402e40c5bb00,item_a3bf402e40c5bb00,,,False,True,True,True,,high,False,True,"The question asks for a specific past date when Joanna first watched the movie. Fact item_a3bf402e40c5bb00 directly states this occurred around 2019, matching the gold answer. No other fact contradicts this date for the same event. The other facts are either about unrelated events or current states, not conflicting. The temporal type is correctly historical-state, as it involves a single past event with a specific date."
locomo::conv-42_qa003,locomo,When did Nate win his first video game tournament?,"the week before 21Janury, 2022",expanded_union:codex_assisted_llm,false,ordering,historical-state,item_3309413e089a29f3;item_7da5fee31354687f,item_3309413e089a29f3,item_17bf10080d52ef96;item_38d4e767da3c3bf8;item_56edc3a93ad3bf7f;item_599877c71f8cfea4;item_8d2e59050a5a4463;item_a23eae4e472985b3,item_7da5fee31354687f,False,False,False,True,,high,False,True,"The gold fact directly supports the answer (week of Jan 14, 2022). The conflict fact (Jan 21, 2022) contradicts the target event's timing. Other facts are either irrelevant or describe different events. The question asks for a specific time, not order, duration, or comparison. No need for ordering or current-vs-old."
locomo::conv-42_qa006,locomo,How long has Nate had his first two turtles?,three years,expanded_union:codex_assisted_llm,false,duration,duration,item_55afb666e2f0ec10;item_5d6907fbc1f172fd,item_55afb666e2f0ec10;item_5d6907fbc1f172fd,item_4dc0b3a10adcfcbc;item_c8e902ac6cf35c57,item_4dc0b3a10adcfcbc;item_c8e902ac6cf35c57,True,True,True,True,,high,True,False,"Gold facts establish Nate owned two turtles and had them for 3 years as of Jan 23, 2022. Conflict facts introduce a new turtle on Nov 9, 2022, implying ownership change, contradicting the 3-year duration. Both conflict facts refer to the same target (Nate's turtle ownership timeline) with incompatible answers. Duration is correct; no other bucket fits."
locomo::conv-42_qa007,locomo,When did Joanna finish her first screenplay?,"The Friday before 23January, 2022",expanded_union:codex_assisted_llm,false,ordering,historical-state,item_0f68323eab9ea71d;item_b97cdc0c50888917,item_0f68323eab9ea71d,item_0b88e940c7b868c8,item_0b88e940c7b868c8,False,False,True,True,,high,False,True,"The gold fact (item_0f68323eab9ea71d) directly states the completion date of Joanna's first screenplay. The conflict fact (item_0b88e940c7b868c8) claims completion in May 2022, contradicting the gold answer. Other facts are either irrelevant or not conflicting. The question asks for a specific date, fitting historical-state. Ordering is not required as no sequence is implied."
locomo::conv-42_qa008,locomo,When did Nate get his first two turtles?,2019,all_methods_wrong,false,ordering,historical-state,item_55afb666e2f0ec10;item_5d6907fbc1f172fd,item_55afb666e2f0ec10;item_5d6907fbc1f172fd,fact_0d79fcb0e8aa0452;fact_5b0507fb2874e05f;fact_684393ce8f95cfe1;item_3ff2dcbe43289851;item_e6abbfdf40834530,fact_0d79fcb0e8aa0452;fact_5b0507fb2874e05f;fact_684393ce8f95cfe1;item_3ff2dcbe43289851;item_e6abbfdf40834530,False,True,True,True,,high,False,True,"Gold facts establish Nate owned two turtles by Jan 23, 2022, and had owned them for 3 years. Conflicts state ownership at other dates (Oct 25, Sep 5, Apr 17, Nov 11) but do not contradict the 2019 inference. No ordering, duration, or current-vs-old needed. Temporal type corrected to historical-state."
locomo::conv-42_qa009,locomo,What major achievement did Joanna accomplish in January 2022?,finished her screenplay and printed it,expanded_union:codex_assisted_llm,false,temporal-other,historical-state,item_0f68323eab9ea71d,item_0f68323eab9ea71d,item_0b88e940c7b868c8;item_cc96d347a880f3de,item_0b88e940c7b868c8;item_cc96d347a880f3de,False,True,True,True,,high,False,True,"The gold fact directly states the achievement in January 2022. The conflict facts mention completion in May and June 2022, contradicting the January date. Other facts are irrelevant or describe unrelated events. The question asks for a specific event at a specific time, fitting historical-state. No other temporal operation is required."
locomo::conv-42_qa013,locomo,When did Joanna have an audition for a writing gig?,"23 March, 2022.",expanded_union:codex_assisted_llm,false,historical-state,historical-state,item_10e78a3d83ae66c5,item_10e78a3d83ae66c5,,,True,True,True,True,,high,True,False,"The gold fact directly states the audition date, 23 March 2022, matching the gold answer. No other fact contradicts this date for the same event. All other facts are either about different events or provide context without temporal conflict. The label 'historical-state' is appropriate as the question asks for a specific past date with no need for comparison or arithmetic."
locomo::conv-42_qa015,locomo,When did Nate get purple hair?,"The week before 15April, 2022.",all_methods_wrong,false,ordering,historical-state,item_6b74a4caeb182fbc;item_dffa45f621638781,item_6b74a4caeb182fbc;item_dffa45f621638781,fact_5b1265865c7f7e8d;fact_6a0d4376c14048fa,fact_5b1265865c7f7e8d;fact_6a0d4376c14048fa,False,True,True,True,,high,False,True,"Gold facts confirm purple hair on April 15, 2022, aligning with 'week before 15April, 2022'. Conflict facts state dyeing 'as of' April 15, implying same day, conflicting with 'week before'. No ordering, duration, or current-vs-old needed. Historical-state is correct."
locomo::conv-42_qa016,locomo,What physical transformation did Nate undergo in April 2022?,dyed his hair purple,expanded_union:codex_assisted_llm,false,temporal-other,historical-state,item_6b74a4caeb182fbc;item_daba2d41bccd2c3a;item_dffa45f621638781,item_6b74a4caeb182fbc;item_daba2d41bccd2c3a;item_dffa45f621638781,,,False,True,True,True,,high,False,True,"All three gold facts directly confirm Nate dyed his hair purple in April 2022. No conflicting facts exist. The question asks for a specific physical transformation at a given time, fitting historical-state. No ordering, duration, or current-vs-old comparison is required."
locomo::conv-42_qa017,locomo,"What movie did Joanna watch on 1 May, 2022?",Lord of the Rings,expanded_union:codex_assisted_llm,true,temporal-other,historical-state,item_aa015f695ddd13ee,item_aa015f695ddd13ee,,,False,True,True,True,,high,False,True,"The question asks for a specific movie watched on a fixed date, directly answered by the gold fact. No conflicting date or state exists for the same event. Other facts are topically related but not about the same event. The temporal type is correctly historical-state, not temporal-other."
locomo::conv-42_qa026,locomo,When did Nate win his third tourney?,"The week before 3June, 2022",mixed_method_outcomes,false,ordering,historical-state,item_131be2fea6caa75c;item_56edc3a93ad3bf7f,item_131be2fea6caa75c;item_56edc3a93ad3bf7f,,,False,True,True,True,,high,False,True,"The gold facts identify Nate's third tournament as occurring in the week preceding June 3, 2022, aligning with the gold answer (week before June 3, 2022). The fact 'Nate met new people...' supports the same event. No conflicting facts state the same event with a different date. The question asks for a specific time, not order, duration, or comparison. Thus, historical-state is correct."
locomo::conv-42_qa029,locomo,When is Joanna going to make Nate's ice cream for her family?,"The weekend of 24June, 2022.",mixed_method_outcomes,false,historical-state,historical-state,item_cbd82196539dc06c;item_d2f0a77ef667e5a1,item_cbd82196539dc06c;item_d2f0a77ef667e5a1,item_2eaad62cfcbab0cc;item_5f46daca766f207f;item_749cfc6f97a5bddc;item_a8233be32d156dd5;item_a962452ac1562031;item_ab7b883e0d2aef64,item_2eaad62cfcbab0cc;item_5f46daca766f207f;item_749cfc6f97a5bddc;item_a8233be32d156dd5;item_a962452ac1562031;item_ab7b883e0d2aef64,True,True,True,True,,high,True,False,"Gold facts confirm Nate made vegan ice cream on June 17, 2022, supporting the weekend of June 24, 2022. Conflicts involve unrelated ice cream events or plans not tied to the target date. No direct contradiction on the target weekend. All facts align with historical-state type."
locomo::conv-42_qa033,locomo,When did someone write Joanna a touching letter?,"The week before 14August, 2022.",mixed_method_outcomes,false,ordering,historical-state,item_2c89082b0195c7e9;item_cdfb2f0df58a3969,item_2c89082b0195c7e9;item_cdfb2f0df58a3969,,,False,True,True,True,,high,False,True,"The gold facts directly support the answer: a letter was received during the week of August 7, 2022, which aligns with 'the week before 14 August 2022'. No conflicting facts about the same event exist. The question asks for a specific time, fitting historical-state. The proposed 'ordering' type is incorrect."
locomo::conv-42_qa041,locomo,When did Joanna make a chocolate tart with raspberries?,"5 October, 2022",mixed_method_outcomes,false,historical-state,historical-state,fact_b24a147aa1d42fdd;item_0cefc708bc72f13f,fact_b24a147aa1d42fdd;item_0cefc708bc72f13f,fact_153caaf980b06715;fact_355d1dc418aabfcf;item_65b85455fc13c0e2;item_a0b5d80aa3621a53;item_b915c0864b0ace6b;item_fcdc46318367e43c,fact_153caaf980b06715;fact_355d1dc418aabfcf;item_65b85455fc13c0e2;item_a0b5d80aa3621a53;item_b915c0864b0ace6b;item_fcdc46318367e43c,True,True,True,True,,high,True,False,"Gold facts directly confirm the tart was made on October 5, 2022. Conflicts describe similar desserts (e.g., cake, cupcakes) on other dates, but not the same tart. No fact contradicts the target event's date. All facts are topically relevant but only two support the gold answer. No evidence of ordering, duration, or current-vs-old comparison."
locomo::conv-42_qa054,locomo,When was Joanna's second movie script shown on the big screens?,"The Sunday before 25October, 2022.",mixed_method_outcomes,false,ordering,historical-state,fact_06c8087343fc659f;item_031ed6195763195f;item_a3bf402e40c5bb00,fact_06c8087343fc659f;item_031ed6195763195f,fact_06137e99e7e81ef9;fact_b462ec2efe8841c1;fact_e77291a801145502;item_6714808a0ab2a63b;item_a53a54b385ef64d7;item_b9ce82b7b273c430,item_6714808a0ab2a63b;item_a53a54b385ef64d7;item_b9ce82b7b273c430,False,False,False,True,,high,False,True,"The gold facts identify the first big-screen premiere of Joanna's script on October 23, 2022, directly supporting the target event. The conflict facts mention later dates (Nov 7–11, 2022) for related actions, creating temporal inconsistency. The question asks for a specific date, not order or duration. The proposed 'ordering' type is incorrect; the correct bucket is 'historical-state' for a single dated event."
locomo::conv-42_qa072,locomo,When did Joanna plan on going to Nate's to watch him play with his turtles?,"10 November, 2022",mixed_method_outcomes,false,historical-state,historical-state,fact_1dd2aabbcd28ed29;fact_33135455d5d7bf98;fact_b3430541edad1b07;item_66044f38b1943a73;item_71a33ed37392956a;item_9f1971d35919b607;item_e3a5b7361c6cbb30,fact_1dd2aabbcd28ed29;fact_33135455d5d7bf98;fact_b3430541edad1b07;item_0d0568ba48b3bc27;item_66044f38b1943a73;item_71a33ed37392956a;item_9f1971d35919b607,fact_d1bd3c4b0d338b56;fact_ef1e068f6a2af62b;item_0d0568ba48b3bc27;item_bea94e7f507f6203;item_de4c54c57077fa28,fact_d1bd3c4b0d338b56;fact_ef1e068f6a2af62b;item_0d0568ba48b3bc27;item_bea94e7f507f6203;item_de4c54c57077fa28,True,False,True,False,item_0d0568ba48b3bc27,low,False,True,"Conflicts include fact_d1bd3c4b0d338b56 (Feb 7, 2022) and fact_ef1e068f6a2af62b (Apr 21, 2022), which are irrelevant to the visit plan. item_0d0568ba48b3bc27 (Mar 18, 2022) is not a conflict. Gold list includes redundant duplicates and one conflict. Only facts with Nov 9–10, 2022 dates support the gold answer. Corrected gold: 5 facts; conflict: 0 valid. Temporal type should be 'historical-state' but gold/conflict lists are invalid."
locomo::conv-43_qa020,locomo,Which city was John in before traveling to Chicago?,Seattle,all_methods_wrong,false,ordering,current-vs-old,fact_45d752efeced2f7c;item_7b2e8d3be044200b;item_df8fd592342bb3f9,fact_45d752efeced2f7c;item_7b2e8d3be044200b;item_df8fd592342bb3f9,,item_4e1797bbe6522b75;item_827ecada634140c0;item_88481d6da9dc7919,False,True,False,True,,high,False,True,"Gold facts confirm John's positive association with Seattle as of July 16, 2023. Conflict facts indicate Chicago visit (Aug 11, 2023) and Seattle-related activities post-visit, implying Seattle was prior. Ordering is not required; the question contrasts states before/after Chicago. Current-vs-old fits best."
locomo::conv-43_qa039,locomo,What year did Tim go to the Smoky Mountains?,2022,mixed_method_outcomes,false,historical-state,historical-state,item_6b6854e1c200ce0e,item_6b6854e1c200ce0e,,,True,True,True,True,,high,True,False,"The gold fact directly states Tim's trip to the Smoky Mountains in 2022, matching the gold answer. No other fact contradicts this date for the same event. Other facts are about different trips, interests, or times, and do not conflict. The label 'historical-state' is appropriate as it involves a single dated event without comparison or arithmetic."
locomo::conv-43_qa046,locomo,Where was Tim in the week before 16 November 2023?,UK,mixed_method_outcomes,false,ordering,historical-state,item_283dd1b56103e11d;item_80cb7a653c1106a2,item_283dd1b56103e11d;item_80cb7a653c1106a2,,,False,True,True,True,,high,False,True,"The question asks for Tim's location one week before 16 November 2023, which is 9–15 November 2023. Fact 'item_283dd1b56103e11d' states Tim visited the UK on 10 November 2023, directly supporting the gold answer. Fact 'item_80cb7a653c1106a2' confirms Tim was busy with exams during the week of 16 November, consistent with being in the UK earlier. No conflicting facts exist. The temporal type is historical-state, not ordering."
locomo::conv-43_qa047,locomo,When did John get married at a greenhouse?,last week of September 2023,all_methods_wrong,true,current-vs-old,historical-state,item_696a45cf60711e08;item_699e3714e9cabf9b;item_eb7ebd4d827556e3;item_f51559466526d34e,item_696a45cf60711e08;item_699e3714e9cabf9b;item_eb7ebd4d827556e3;item_f51559466526d34e,item_92639ba9cc8c0e42;item_eeeb2dcf5df6cfd1,item_92639ba9cc8c0e42;item_eeeb2dcf5df6cfd1,False,True,True,True,,high,False,True,"Gold facts confirm the wedding occurred in late September 2023 at a greenhouse. Conflict facts state marriage as of November 2023 and a December photoshoot, but do not contradict the date of the event. The question asks for a specific time, fitting historical-state. No ordering, duration, or current-vs-old comparison is required."
locomo::conv-43_qa054,locomo,When did John take a trip to the Rocky Mountains?,2022,mixed_method_outcomes,false,historical-state,historical-state,item_2a7a5239aee02d68;item_6b6854e1c200ce0e,item_2a7a5239aee02d68,fact_dc3e44c210bd664d,fact_dc3e44c210bd664d,True,False,True,True,,high,False,True,Only 'item_2a7a5239aee02d68' directly supports the gold answer (2022). 'fact_dc3e44c210bd664d' conflicts by placing the trip in Dec 2023. 'item_6b6854e1c200ce0e' is irrelevant (Smoky Mountains). The rest are unrelated or lack temporal specificity. Temporal type 'historical-state' is appropriate for a single dated event.
locomo::conv-43_qa069,locomo,When will Tim leave for Ireland?,"February, 2024",mixed_method_outcomes,false,historical-state,historical-state,fact_40044a3f0e79ccba;item_0abcd095d346b5f4,fact_40044a3f0e79ccba;item_0abcd095d346b5f4,,,True,True,True,True,,high,True,False,"The gold facts directly state Tim's plan to go to Ireland in February 2024, aligning with the gold answer. The duplicate IDs refer to the same fact. No conflicting facts exist; other events are unrelated or in the past. The temporal type 'historical-state' is appropriate as the question asks for a specific future date tied to a plan."
locomo::conv-44_qa005,locomo,When did Audrey see a hummingbird?,first week of May 2023,all_methods_wrong,false,ordering,historical-state,item_0500e26422491f7e;item_431f3ce9dcc020d9,fact_12865f1a62ee1e01;item_20250916cfef723e,,,False,False,True,True,,high,False,True,"The gold facts directly state Audrey observed a hummingbird during the week of April 26, 2023, aligning with the gold answer of first week of May 2023. The proposed gold facts are irrelevant. The conflict list is empty, which is valid as no conflicting date is present. The temporal type is historical-state, as the question asks for a specific past time when an event occurred."
locomo::conv-44_qa010,locomo,When did Audrey's positive reinforcement training course for dogs take place?,"June, 2023",mixed_method_outcomes,true,historical-state,historical-state,item_2790a25ffaa0bba5;item_be0e43befd30e96e,item_2790a25ffaa0bba5;item_be0e43befd30e96e,fact_1154d42659ecfaf4;fact_3450ea9aa0d7e50b;fact_48ade0de394e34d4;fact_6fe3b4383a0c5973;item_e0a64cbaa45354a5;item_e27dfbcce8c24b68,fact_1154d42659ecfaf4;fact_3450ea9aa0d7e50b;fact_48ade0de394e34d4;fact_6fe3b4383a0c5973;item_e0a64cbaa45354a5;item_e27dfbcce8c24b68,True,True,True,True,,high,True,False,"Gold facts directly state Audrey signed up for a June 2023 workshop and expressed interest in positive reinforcement training on May 11, 2023. Conflicts include multiple facts about training activities post-May 11, 2023, which imply ongoing or later training but do not contradict the June 2023 date. No facts contradict the June 2023 date directly. All facts are topically relevant and consistent with historical-state classification."
locomo::conv-44_qa022,locomo,Where did Andrew go during the first weekend of August 2023?,camping with girlfriend,all_methods_wrong,false,ordering,historical-state,fact_d8fe36d8b0a65fb1;item_45e7887381aaf8b3;item_6dfe3e51afc3a0e3;item_a9787ab464fb8e8a,fact_d8fe36d8b0a65fb1;item_45e7887381aaf8b3;item_6dfe3e51afc3a0e3;item_a9787ab464fb8e8a,,,False,True,True,True,,high,False,True,"The question asks for a specific location during a defined time window. The gold facts directly confirm Andrew was camping with his girlfriend during the first weekend of August 2023. The duplicate IDs refer to the same event. No conflicting facts exist. The temporal type is historical-state, not ordering."
locomo::conv-44_qa055,locomo,When did Andrew make his dogs a fun indoor area?,"few days before November 22, 2023",all_methods_wrong,false,ordering,historical-state,fact_d23d439244bd54af;item_06544fb3ac130cd2;item_30703760ffe974b2;item_6f1b5be68f073537;item_93c65a245d6587d0;item_e2a7c405a0b2b007,fact_d23d439244bd54af;item_06544fb3ac130cd2;item_30703760ffe974b2;item_6f1b5be68f073537;item_93c65a245d6587d0;item_e2a7c405a0b2b007,fact_2d79da7ca35ce7bd;fact_eacf2f2249a4850f;item_256b6d29c204bdf4;item_3afe9f551bc08864,fact_2d79da7ca35ce7bd;fact_eacf2f2249a4850f;item_256b6d29c204bdf4;item_3afe9f551bc08864,False,True,True,True,,high,False,True,"Gold facts establish the timeline around dog adoption and care priorities near Nov 22, 2023. Conflicts involve earlier statements about dogs not directly tied to the indoor area. No ordering, duration, or current-vs-old operations are required. The question asks for a specific time frame, best captured as historical-state."
locomo::conv-44_qa057,locomo,When did Andrew adopt Scout?,few days before November 2023,mixed_method_outcomes,false,ordering,historical-state,fact_69b2c6ee3fb002e9;fact_864c6973e928913f;item_06544fb3ac130cd2;item_50112c0a4d691a0d,fact_69b2c6ee3fb002e9;fact_864c6973e928913f;item_06544fb3ac130cd2;item_50112c0a4d691a0d,,,False,True,True,True,,high,False,True,"The gold facts directly establish Andrew adopted Scout a few days before November 22, 2023. The proposed conflict list is empty, which is valid as no conflicting dates or states are present. The temporal type is correctly historical-state, as the question asks for a specific past time point with no need for comparison or arithmetic."
locomo::conv-47_qa021,locomo,When did John first organize a charity tournament with his friends?,"May 7, 2022",mixed_method_outcomes,false,ordering,historical-state,fact_4015b3d9e39f0db3;fact_4e070905e7e602c8;fact_7fa8f814f07cbbbd;fact_b28c4047dd1fd2ac;item_8f6f97b92f843875;item_f221fdb4dbe62f4b,fact_4015b3d9e39f0db3;fact_4e070905e7e602c8;fact_7fa8f814f07cbbbd;fact_b28c4047dd1fd2ac;item_8f6f97b92f843875;item_cf0e459e7568403b;item_f221fdb4dbe62f4b,fact_9e3f498dc0e19e14;fact_eaa069c741f2b9c0;item_304c01f3eedbf045;item_3e2e7d245d585558,fact_9e3f498dc0e19e14;fact_eaa069c741f2b9c0;item_304c01f3eedbf045;item_3e2e7d245d585558,False,False,True,True,,high,False,True,"Gold facts directly support May 7, 2022, as the first charity tournament. Conflicts involve events on or around May 8, October 30, and October 31, 2022, which are later or ambiguous. No ordering or duration needed. Temporal type is historical-state, not ordering."
locomo::conv-47_qa037,locomo,When did John spend time with his sister and dogs?,"July 21, 2022",mixed_method_outcomes,true,historical-state,historical-state,fact_bd315043f0c7ce60;item_5e092aabddd44334;item_a9ffdd50403128e5,fact_bd315043f0c7ce60;item_5e092aabddd44334;item_96b26bfab571e732,,,True,False,True,True,,high,False,True,"Fact IDs 'fact_bd315043f0c7ce60' and 'item_5e092aabddd44334' both confirm John (not James) spent time with sister and dogs on July 21, 2022. 'item_96b26bfab571e732' supports the date via James's photo activity. No conflicting facts exist. 'item_a9ffdd50403128e5' is irrelevant (about James's childhood)."
locomo::conv-48_qa002,locomo,When did Deborah`s mother pass away?,a few years before 2023,all_methods_wrong,false,ordering,historical-state,item_568dd3ac81ace736,item_568dd3ac81ace736,fact_29bfcaf84f8b1f37;item_549ce6659e4480f5,fact_29bfcaf84f8b1f37;item_549ce6659e4480f5,False,True,True,True,,high,False,True,"Fact 'item_568dd3ac81ace736' states Deborah's friend passed away a few years ago, implying her mother's death was also a few years before 2023, aligning with gold answer. 'item_549ce6659e4480f5' and 'fact_29bfcaf84f8b1f37' assert mother's death without temporal context, conflicting with the 'a few years before 2023' timeframe. No other facts provide a specific date for the mother's death. The question seeks a single past event's timing, fitting 'historical-state'."
locomo::conv-48_qa012,locomo,When did Deborah receive an appreciation letter from her community?,"January 26, 2023",mixed_method_outcomes,false,historical-state,historical-state,fact_a4c360014ede9af2;item_6e42561de963c3b7,fact_a4c360014ede9af2;item_6e42561de963c3b7,,,True,True,True,True,,high,True,False,"The gold facts directly state Deborah received the appreciation letter on January 26, 2023, matching the gold answer. The duplicate fact IDs refer to the same event. No conflicting dates or states exist for the same event. All other facts are topically related but not conflicting. Temporal type 'historical-state' is appropriate for a single, directly stated date."
locomo::conv-48_qa021,locomo,"When do Jolene and her partner plan to complete the game ""Walking Dead""?","Saturday after 27 January, 2023",mixed_method_outcomes,false,ordering,historical-state,fact_efcc646040403e2a;item_6a716bf7230eca6d;item_c0f38a1a9a5e9dcd,fact_efcc646040403e2a;item_6a716bf7230eca6d;item_c0f38a1a9a5e9dcd,fact_1a0bd3aeaded0054;fact_7cdbcffad2ea6e7a;fact_87e5dcce209a5d17;item_5e6821b59a537ca2;item_915abc1a319a460e,fact_1a0bd3aeaded0054;fact_7cdbcffad2ea6e7a;fact_87e5dcce209a5d17;item_5e6821b59a537ca2;item_915abc1a319a460e,False,True,True,True,,high,False,True,"Gold facts confirm Jolene and her partner's plan to play 'Walking Dead' on February 4, 2023, with supporting context. Conflicts involve other gaming plans or activities but do not contradict the target event's date. No temporal reasoning beyond a direct lookup is needed. The proposed 'ordering' type is incorrect; this is a historical-state question."
locomo::conv-48_qa031,locomo,When was the last photo of Deborah and Karlie taken?,in summer 2022,high_heuristic_conflict,false,current-vs-old,historical-state,fact_bc5544c39fcdce09;item_6f8d1ac2d7ad38fd,fact_bc5544c39fcdce09;item_6f8d1ac2d7ad38fd,fact_664a24955b5754eb,fact_664a24955b5754eb,False,True,True,True,,high,False,True,"The gold facts directly state the last photo of Deborah and Karlie was in summer 2022. The conflict fact mentions a motorcycle photo but lacks a date and does not contradict the gold answer. No current-vs-old, ordering, or duration operations are needed. The question asks for a specific time, fitting historical-state."
locomo::conv-48_qa043,locomo,When did Deborah go for a bicycle ride with Anna?,"first week of April, 2023",mixed_method_outcomes,true,ordering,historical-state,item_a5eb025f06524aa8;item_e193d6cae59f052c,item_a5eb025f06524aa8;item_e193d6cae59f052c,,,False,True,True,True,,high,False,True,"The gold facts directly confirm Deborah attended an art show with Anna on April 9, 2023, aligning with the gold answer. No conflicting facts about the same event exist. The question asks for a specific time, fitting historical-state. Other facts are either irrelevant or describe different events."
locomo::conv-48_qa050,locomo,Which year did Jolene start practicing yoga?,2020,mixed_method_outcomes,false,historical-state,historical-state,fact_756a07b372d6f2a6;fact_a9dd832c9886236d;item_3152fc9e45aad5f6;item_dcb04c417a082cf9;item_e90daf17dd99a0a3,fact_756a07b372d6f2a6;fact_a9dd832c9886236d;item_3152fc9e45aad5f6;item_dcb04c417a082cf9;item_e90daf17dd99a0a3,fact_8efd66659fcff64f;item_143d9b60a2546add;item_747082faf304019a;item_c93347b1d75fece6;item_e9d8d60e95227f3a,fact_8efd66659fcff64f;item_143d9b60a2546add;item_747082faf304019a;item_c93347b1d75fece6;item_e9d8d60e95227f3a,True,True,True,True,,high,True,False,"Gold facts establish Jolene practiced yoga for ~3 years as of June 2023, supporting 2020 start. Conflict facts mention yoga practice at later dates but do not contradict the 2020 start. No direct conflict on start year. Historical-state is appropriate as the question asks for a single past date."
locomo::conv-48_qa052,locomo,When did Jolene lose a lot of progress in her work?,last week of July 2023,high_heuristic_conflict,false,current-vs-old,historical-state,fact_93d73d6678a649b0;item_0c518202b8da6e32,fact_93d73d6678a649b0;item_0c518202b8da6e32,,,False,True,True,True,,high,False,True,"The gold facts directly state Jolene lost all her work during the week of July 25, 2023, aligning with the gold answer. The duplicate fact IDs refer to the same event. No conflicting facts exist. The question asks for a specific time, fitting historical-state. Current-vs-old is incorrect as no comparison between states is required."
locomo::conv-48_qa055,locomo,Which pet did Jolene adopt more recently - Susie or Seraphim?,Seraphim,high_heuristic_conflict,false,current-vs-old,current-vs-old,fact_9f2410c4892794fd;item_0a84efd393b070d8;item_297a4f8724b53855;item_8f0793dcd3d69d7e;item_a1f65e3a606f4e79,fact_9f2410c4892794fd;item_0a84efd393b070d8;item_297a4f8724b53855;item_8f0793dcd3d69d7e;item_a1f65e3a606f4e79,fact_4d4cb8f7a57d5636;fact_9e1250c7543ff0c2;fact_b05c983b53e88bfd;fact_fc2e36b36bf7526d;item_a682f7d0f8423e38;item_e7dca52b1894dd6e,fact_4d4cb8f7a57d5636;fact_9e1250c7543ff0c2;fact_b05c983b53e88bfd;fact_fc2e36b36bf7526d;item_a682f7d0f8423e38;item_e7dca52b1894dd6e,True,True,True,True,,high,True,False,"Gold facts establish Seraphim's ownership as of early 2023 and current status. Conflicts involve Susie's adoption in 2021 vs. 2022, and inconsistent dates. All facts target the same pet adoption events with conflicting timelines. No additional gold or conflict facts needed. Temporal type correctly identifies comparison between current and past states."
locomo::conv-48_qa065,locomo,Which country was Jolene located in during the last week of August 2023?,Brazil,high_heuristic_conflict,false,current-vs-old,historical-state,item_b3686f4ebf49b554;item_c1df0a96235d9219,fact_6a18a39cee41db6c;fact_774fb57453a25984;fact_7bb225a520060b08;fact_85435350d7a2d17c;fact_8b6549c0cacf41a4;item_049975a71e13b9a9;item_09f33517695b3c9e;item_c1df0a96235d9219,,fact_a24f89bfb9526dc0;item_54e3239fc5e6bf4b,False,False,False,True,,high,False,True,"Gold facts confirm Jolene was in Rio de Janeiro, Brazil, during late August 2023. Conflict facts place her in Phuket or on a beach trip in early September, inconsistent with the last week of August. The question asks for a specific location at a past time, fitting historical-state. Current-vs-old is incorrect as no comparison to a prior state is needed."
locomo::conv-48_qa071,locomo,When did Deborah go to a community meetup?,last week of August 2023,high_heuristic_conflict,false,current-vs-old,historical-state,fact_470bcaabccd8c911;item_1567748661347925,fact_470bcaabccd8c911;item_1567748661347925,,,False,True,True,True,,high,False,True,"The gold answer specifies a precise date (last week of August 2023). Fact IDs fact_470bcaabccd8c911 and item_1567748661347925 both state Deborah attended a meetup on August 25, 2023, which falls within the last week of August 2023. No conflicting facts about the same event exist. The temporal type is correctly historical-state, as it involves a direct lookup of a specific past event."
locomo::conv-49_qa022,locomo,When Evan did meet his future wife?,"week before August 7, 2023.",all_methods_wrong,false,ordering,historical-state,item_3d1fb10a6baf1452;item_9b50a5b2af9a70ae,item_3d1fb10a6baf1452;item_9b50a5b2af9a70ae,,,False,True,True,True,,high,False,True,"The question asks for a specific time frame (week before August 7, 2023) when Evan met his future wife. The gold facts confirm his positive experience with a female companion and prior health issues before August 7, 2023, supporting the temporal context. No conflicting facts about the meeting time exist. The proposed 'ordering' type is incorrect; this is a historical-state query. The gold facts are valid and sufficient. No conflicts are present."
locomo::conv-49_qa023,locomo,When did Sam start working out at the gym?,"July 28, 2023",mixed_method_outcomes,false,historical-state,historical-state,fact_a09ee77da278a46b;fact_f0c92b91a0c798fc;item_aa46c9c520b63c70;item_e6c8d3d9c9392b01,fact_a09ee77da278a46b;fact_f0c92b91a0c798fc;item_aa46c9c520b63c70;item_e6c8d3d9c9392b01,,,True,True,True,True,,high,True,False,"The four gold facts consistently state Sam's plan to start gym workouts on July 28, 2023, with matching dates and intent. No conflicting facts assert a different start date for gym attendance. Other facts mention health efforts but not gym initiation. The label 'historical-state' is appropriate as the question asks for a specific past date with no comparison or arithmetic needed."
locomo::conv-49_qa053,locomo,When did Evan and Sam decide to paint together?,"Saturday after 11 September, 2023.",mixed_method_outcomes,false,ordering,historical-state,fact_22467a57d0f11920;fact_45f1ad7c38dd3df9;fact_6997e873b0b29ebb;fact_e0afc988f6c0cbf6;item_67f57b469a8009ce;item_83966f14c9fdc1ee,fact_22467a57d0f11920;fact_45f1ad7c38dd3df9;fact_6997e873b0b29ebb;fact_e0afc988f6c0cbf6;item_67f57b469a8009ce;item_83966f14c9fdc1ee,fact_09e2460bfb080265;fact_9a51d50f305fb632;item_a44c330b35df8951;item_ab28b0ac3e4d3745;item_b2834864bab97dcd;item_e75dc240f601258f,item_a44c330b35df8951;item_ab28b0ac3e4d3745;item_b2834864bab97dcd;item_e75dc240f601258f,False,True,False,True,,high,False,True,"Gold facts directly state or imply the painting plan on Saturday, September 16, 2023. Conflicts are plans for other future activities (Dec, Oct, Nov) that contradict the specific date. No ordering, duration, or current-vs-old comparison is needed. The question asks for a specific past date, fitting historical-state."
locomo::conv-49_qa066,locomo,When did Evan lose his job?,end of October 2023,mixed_method_outcomes,false,historical-state,historical-state,fact_5d6192def49cae08;item_08c4c5dbf2c471a9,fact_5d6192def49cae08;item_08c4c5dbf2c471a9,,,True,True,True,True,,high,True,False,"Both gold facts state Evan lost his job in October 2023, directly supporting the gold answer. No conflicting facts assert a different date for the job loss. The reference date is after October 2023, so 'historical-state' is appropriate. No other facts contradict the job loss timing."
locomo::conv-49_qa067,locomo,When did Evan and Sam planned a trip to the beach together?,"December, 2023",mixed_method_outcomes,false,historical-state,historical-state,fact_09e2460bfb080265;item_9b71b03ca4eac64d;item_a44c330b35df8951,fact_09e2460bfb080265;item_a44c330b35df8951,fact_b5edbf9c0e6e259b;item_2b177540254ed47f;item_67f57b469a8009ce;item_ab28b0ac3e4d3745;item_b2834864bab97dcd;item_e75dc240f601258f,item_67f57b469a8009ce;item_b2834864bab97dcd;item_e75dc240f601258f,True,False,False,True,,high,False,True,"Gold facts directly state a December 2023 trip plan. Conflict facts mention future or different past trips (e.g., September 2023, October 2023, future plans), contradicting the target date. 'item_9b71b03ca4eac64d' (Dec 31, 2023) is irrelevant to the trip planning date. Only two gold facts are needed; duplicates are consolidated. Conflicts are topically relevant but date-incompatible."
locomo::conv-49_qa073,locomo,When is Evan planning a big family reunion?,Summer 2024,mixed_method_outcomes,true,historical-state,historical-state,item_125801f941ed9671;item_e1a4465c03999bf3,item_125801f941ed9671;item_e1a4465c03999bf3,,,True,True,True,True,,high,True,False,"Both gold facts directly state Evan's plan for a summer 2024 family reunion, aligning with the gold answer. No conflicting dates or states are present. The proposed temporal type 'historical-state' is appropriate as the question asks for a planned future event with a specific time, and no comparison, order, or duration is required."
locomo::conv-49_qa079,locomo,When will Evan and his partner have their honeymoon in Canada?,February 2024,mixed_method_outcomes,false,historical-state,historical-state,item_0ca4ad5669685c74,item_0ca4ad5669685c74,fact_3e00161798f5aa01;item_ea0c4f8e34dda4e0,fact_3e00161798f5aa01;item_ea0c4f8e34dda4e0,True,True,True,True,,high,True,False,"Only item_0ca4ad5669685c74 directly supports the gold answer (February 2024). The other proposed gold and conflict facts are irrelevant or do not conflict on the target event. item_ea0c4f8e34dda4e0 and fact_3e00161798f5aa01 are not conflicts as they don't address the honeymoon timing. The correct temporal type is historical-state, as the question asks for a specific past/future date."
locomo::conv-50_qa000,locomo,When did Calvin first travel to Tokyo?,between 26 March and 20 April 2023,mixed_method_outcomes,true,ordering,historical-state,fact_1aa34e8a403bb43c;fact_81c83e470409d2c8;item_06ebc10e23dffaa2;item_6704b5bad178e78b;item_b75543e71e08c7ba;item_dcc5f6fcdd491b77,fact_1aa34e8a403bb43c;fact_81c83e470409d2c8;item_06ebc10e23dffaa2;item_6704b5bad178e78b;item_6b435ac046473fc9;item_dcc5f6fcdd491b77,fact_5dfe6a0da15b5ef3;item_82522e68282faf2f,fact_5dfe6a0da15b5ef3;item_82522e68282faf2f,False,False,True,True,,high,False,True,"Gold facts establish Calvin's first Tokyo visit between March 26 and April 20, 2023, via planned travel and attendance at events. Conflict facts propose later dates (Nov/Nov 2023), contradicting the gold answer. The question asks for a specific time window, fitting historical-state. No ordering, duration, or current-vs-old logic needed."
locomo::conv-50_qa012,locomo,When was Calvin's concert in Tokyo?,last week of May 2023,mixed_method_outcomes,true,current-vs-old,historical-state,fact_8654745cf55b5b51;fact_9344cf356c0dba8e;item_59e2e61cee710cd7;item_753a93cc9c7453c3;item_76a1e436e07e4ada,fact_8654745cf55b5b51;fact_9344cf356c0dba8e;item_59e2e61cee710cd7;item_753a93cc9c7453c3;item_76a1e436e07e4ada,item_02fc4602141fee17;item_4b24ead55a59c55d;item_4fe5de52be25c0f1;item_82522e68282faf2f;item_b198b9a06b02b0ab;item_dcc5f6fcdd491b77,item_02fc4602141fee17;item_4b24ead55a59c55d;item_4fe5de52be25c0f1;item_82522e68282faf2f;item_dcc5f6fcdd491b77,False,True,False,True,,high,False,True,"Gold facts directly support May 2023 as the concert month. Conflicts cite August or April 2023, contradicting the gold answer. No need for current-vs-old, ordering, or duration. Historical-state is correct; proposed type was incorrect but facts align with historical-state."
locomo::conv-50_qa031,locomo,Where was Dave in the last two weeks of August 2023?,San Francisco,all_methods_wrong,false,current-vs-old,historical-state,item_319af4fa5d846c21;item_db6e5bedbec96b01,item_319af4fa5d846c21,,item_db6e5bedbec96b01,False,False,False,True,,high,False,True,"The question asks for Dave's location during a specific past period (last two weeks of August 2023). Only item_319af4fa5d846c21 directly confirms he was in San Francisco on August 14, 2023, fitting historical-state. item_db6e5bedbec96b01 (Sept 1) is a later event and conflicts on location timing. Other facts are irrelevant or post-date the period. Current-vs-old is incorrect as no comparison between states is required."
locomo::conv-50_qa035,locomo,When did Calvin book flight tickets to Boston?,last week of August 2023,high_heuristic_conflict,false,current-vs-old,historical-state,fact_1823436e5c09183c;fact_1f55966869949de2;item_abd519edf8496778;item_e1741b2cde4c4e29,fact_1823436e5c09183c;fact_1f55966869949de2;item_abd519edf8496778;item_e1741b2cde4c4e29,,,False,True,True,True,,high,False,True,"The question asks for a specific time Calvin booked flight tickets, directly supported by facts stating booking during the week of August 26, 2023. The gold facts are consistent and directly answer the query. No conflicting facts exist; other facts refer to plans, past visits, or unrelated timelines. The proposed 'current-vs-old' type is incorrect; this is a direct historical-state query."
locomo::conv-50_qa038,locomo,When did Dave have a great jam session with his band?,"September 14, 2023",mixed_method_outcomes,true,historical-state,historical-state,fact_2e55e9be183aed3f;fact_8d04f26000864cef;item_800b9221ad8e12b5;item_845875128c8a3d79;item_c140c7dbc481df2b;item_c7ca78044d5b9a81,fact_2e55e9be183aed3f;fact_8d04f26000864cef;item_800b9221ad8e12b5;item_845875128c8a3d79;item_c140c7dbc481df2b;item_c7ca78044d5b9a81,,,True,True,True,True,,high,True,False,"Gold facts confirm a jam session on or before September 15, 2023, with specific mention of September 14, 2023. The gold answer (Sept 14, 2023) is supported. No conflicting facts state the same event with incompatible dates. The proposed type 'historical-state' is appropriate for a single dated event without comparison or arithmetic."
locomo::conv-50_qa048,locomo,What was Dave doing in the first weekend of October 2023?,attending a car show,all_methods_wrong,true,ordering,historical-state,item_3a6bf5de63a3317b;item_67bc09c30e80c65e;item_e8416831e92640a5,item_3a6bf5de63a3317b;item_67bc09c30e80c65e,,,False,False,True,True,,high,False,True,"The gold facts directly support Dave attending a car show in early October 2023. Fact item_67bc09c30e80c65e confirms the event on October 6, 2023. Fact item_3a6bf5de63a3317b supports interest in car shows and modifications. Fact item_e8416831e92640a5 (October 29) is irrelevant to the first weekend. No conflicts exist. Temporal type is historical-state, not ordering."
locomo::conv-50_qa050,locomo,When did Calvin buy his second Ferrari?,first week of October 2023,mixed_method_outcomes,false,ordering,historical-state,fact_d36c122562d31f8d;item_3f3582cc5cb33561;item_7ed6a8002f80ee81,fact_d36c122562d31f8d;item_3f3582cc5cb33561;item_7ed6a8002f80ee81,,,False,True,True,True,,high,False,True,"The gold facts confirm Calvin purchased a Ferrari in the week preceding October 15, 2023, aligning with the gold answer. The duplicate IDs refer to the same fact. No conflicting facts exist; other facts describe earlier purchases or unrelated events. The question asks for a specific date, fitting historical-state. Ordering is not required."
locomo::conv-50_qa052,locomo,When did Calvin plan on travelling to Tokyo the second time?,November 2023,mixed_method_outcomes,false,historical-state,historical-state,fact_5dfe6a0da15b5ef3;fact_fdcadf9593e7e243;item_82522e68282faf2f;item_8a14c086702caef1,fact_5dfe6a0da15b5ef3;fact_fdcadf9593e7e243;item_82522e68282faf2f;item_8a14c086702caef1,,,True,True,True,True,,high,True,False,"The gold facts consistently state Calvin plans a Tokyo trip in November 2023 after his tour ends, with supporting context on tour timing. No conflicting dates for the same event exist. The question asks for a specific planned date, fitting 'historical-state' as a direct lookup. No other facts contradict the November 2023 plan."
locomo::conv-50_qa067,locomo,Where was Calvin located in the last week of October 2023?,Tokyo,all_methods_wrong,false,current-vs-old,historical-state,fact_fdcadf9593e7e243;item_3c1bf895f9f027e4;item_517a98b11c0282df;item_8a14c086702caef1,fact_fdcadf9593e7e243;item_3c1bf895f9f027e4;item_517a98b11c0282df;item_8a14c086702caef1,,,False,True,True,True,,high,False,True,"The question asks for Calvin's location during a specific past period (last week of October 2023). Fact 'item_517a98b11c0282df' directly states he hosted a party at his Japanese house during that week, supporting 'Tokyo'. Other gold facts confirm his presence in Japan around that time. No conflicting facts exist. The proposed 'current-vs-old' type is incorrect; this is a direct historical-state query."
locomo::conv-50_qa068,locomo,When did Dave find the car he repaired and started sharing in his blog?,last week of October 2023,high_heuristic_conflict,false,current-vs-old,historical-state,fact_3c32458285703c70;fact_c6c0e4349ab858c3;item_a77da0752f257680;item_ab80aa2cf37d893c;item_bc85cdd74b0c8925,fact_3c32458285703c70;fact_c6c0e4349ab858c3;item_a77da0752f257680;item_bc85cdd74b0c8925,fact_593a410abafe3842;fact_b7dcff2c66a70a3d;fact_cbf67ec9afa1c018;item_b8d559526e98f06c,fact_593a410abafe3842;fact_b7dcff2c66a70a3d;fact_cbf67ec9afa1c018,False,False,False,True,,high,False,True,"Gold facts identify when Dave found the car (Oct 26, 2023) and shared it (Oct 4, 2023). Conflict facts mention blog start (Nov 2) and general car work, but do not contradict the car finding date. No current-vs-old, ordering, or duration needed. Temporal type is correctly historical-state."
longmemeval::08f4fc43,longmemeval,How many days had passed between the Sunday mass at St. Mary's Church and the Ash Wednesday service at the cathedral?,30 days. 31 days (including the last day) is also acceptable.,expanded_union:codex_assisted_llm,true,duration,duration,fact_044a9e0d59a788d0;fact_25a8c77e48101365,fact_044a9e0d59a788d0;fact_25a8c77e48101365,,,True,True,True,True,,high,True,False,"The two gold facts provide the exact dates for the Sunday mass and Ash Wednesday service. The temporal operation is interval arithmetic between two dates, fitting 'duration'. No conflicting facts exist. All other facts are irrelevant to the date difference."
longmemeval::0bb5a684,longmemeval,How many days before the team meeting I was preparing for did I attend the workshop on 'Effective Communication in the Workplace'?,7 days. 8 days (including the last day) is also acceptable.,expanded_union:codex_assisted_llm,false,duration,duration,fact_36669fff8f16939a;fact_d77d5c27cfec1c61,fact_36669fff8f16939a;fact_d77d5c27cfec1c61,,,True,True,True,True,,high,True,False,"Gold facts establish the team meeting (Jan 17, 2023) and workshop (Jan 10, 2023) dates, enabling a 7-day interval calculation. No conflicting dates exist for these events. All other facts are contextually relevant but not temporally critical. No other facts contradict the timeline."
longmemeval::0bc8ad92,longmemeval,How many months have passed since I last visited a museum with a friend?,5,expanded_union:codex_assisted_llm,false,duration,duration,fact_2ec86adc81112689,fact_2ec86adc81112689,,,True,True,True,True,,high,True,False,"The gold fact (fact_2ec86adc81112689) provides the last visit with a friend to a museum on October 22, 2022, directly supporting the duration calculation. No conflicting facts about the same event exist. Other facts are either irrelevant or describe different events. Duration is appropriate as the question asks for elapsed months between two dates."
longmemeval::0bc8ad93,longmemeval,I mentioned visiting a museum two months ago. Did I visit with a friend or not?,"No, you did not visit with a friend.",mixed_method_outcomes,false,historical-state,historical-state,fact_3b9db1d3225e5238;fact_a43627f48ad5c662,fact_3b9db1d3225e5238;fact_a43627f48ad5c662,,,True,True,True,True,,high,True,False,"Both gold facts confirm the user attended a Science Museum tour with a friend before October 22, 2022. The gold answer states the user did not visit with a friend, contradicting these facts. However, the question asks about a visit two months ago (around January 2023), not the prior tour. No facts support a visit two months ago, so the gold answer cannot be derived. The proposed label is invalid due to mismatch between facts and answer."
longmemeval::0db4c65d,longmemeval,"How many days had passed since I finished reading 'The Seven Husbands of Evelyn Hugo' when I attended the book reading event at the local library, where the author of 'The Silent Patient' is discussing her latest thriller novel?",18 days. 19 days (including the last day) is also acceptable.,expanded_union:codex_assisted_llm,true,duration,duration,fact_6a244a80b89b3ba3;fact_a0f85f71f2f93105,fact_6a244a80b89b3ba3;fact_a0f85f71f2f93105,,,True,True,True,True,,high,True,False,"Fact 'fact_6a244a80b89b3ba3' establishes the completion of reading on or before Dec 28, 2022. Fact 'fact_a0f85f71f2f93105' confirms the event on Jan 15, 2023. The interval between these dates is 18 days, matching the gold answer. No conflicting dates exist for the same event. All other facts are irrelevant or topical. Duration is the correct bucket."
longmemeval::2a1811e2,longmemeval,How many days had passed between the Hindu festival of Holi and the Sunday mass at St. Mary's Church?,21 days. 22 days (including the last day) is also acceptable.,expanded_union:codex_assisted_llm,false,duration,duration,fact_ae6e2f18777898f2;fact_e5ba46f388737e8c,fact_ae6e2f18777898f2;fact_e5ba46f388737e8c,fact_78be28ca3efdd20e,fact_78be28ca3efdd20e,True,True,True,True,,high,True,False,"Gold facts provide exact dates for Holi (Feb 26, 2023) and Sunday mass (Mar 19, 2023), enabling duration calculation. Fact_78be28ca3efdd20e (Mar 26 mass) conflicts as it suggests a different event date, contradicting the required sequence. No other facts alter the target events. All IDs align with duration type and correct labeling."
longmemeval::2c63a862,longmemeval,How many days did it take for me to find a house I loved after starting to work with Rachel?,14 days. 15 days (including the last day) is also acceptable.,expanded_union:codex_assisted_llm,false,duration,duration,fact_40244b5e2b8c33d5;fact_a97d9acbb14f1543;fact_eec751a7fac77167,fact_40244b5e2b8c33d5;fact_a97d9acbb14f1543;fact_eec751a7fac77167,,,True,True,True,True,,high,True,False,"Gold facts establish start (Feb 15, 2022) and end (Mar 1, 2022) dates. The 14-day duration aligns with the gold answer. No conflicting dates or states exist. All proposed gold facts are relevant and consistent. No conflicts identified."
longmemeval::2ebe6c90,longmemeval,How many days did it take me to finish 'The Nightingale' by Kristin Hannah?,21 days. 22 days (including the last day) is also acceptable.,expanded_union:codex_assisted_llm,true,duration,duration,fact_1fc3aad7f3915a3f;fact_d8dc4816ba01cdea,fact_1fc3aad7f3915a3f;fact_d8dc4816ba01cdea,,,True,True,True,True,,high,True,False,"The start (Jan 10, 2023) and end (Jan 31, 2023) dates for reading 'The Nightingale' are directly provided. The interval between them is 21 days, matching the gold answer. No conflicting dates exist. All other facts are irrelevant to the duration calculation."
longmemeval::2ebe6c92,longmemeval,Which book did I finish a week ago?,'The Nightingale' by Kristin Hannah,mixed_method_outcomes,false,historical-state,historical-state,fact_087c1c39abab8bf0;fact_5fde387b7ede0f36,fact_087c1c39abab8bf0;fact_5fde387b7ede0f36,,,True,True,True,True,,high,True,False,"Fact_5fde387b7ede0f36 directly states the user finished 'The Nightingale' on January 31, 2023, which is one week before the reference date (2023/02/07). Fact_087c1c39abab8bf0 provides the start date, supporting the timeline. No conflicting facts about the book or completion date exist. All other facts are irrelevant or topical but not conflicting."
longmemeval::370a8ff4,longmemeval,How many weeks had passed since I recovered from the flu when I went on my 10th jog outdoors?,15,expanded_union:codex_assisted_llm,false,duration,duration,fact_047d801e53ad7dc3;fact_0a76684f71337d8b,fact_047d801e53ad7dc3;fact_0a76684f71337d8b,,,True,True,True,True,,high,True,False,"Gold facts establish recovery date (Jan 19, 2023) and 10th jog date (Apr 10, 2023), enabling duration calculation. No conflicting dates for the same event. Other facts are irrelevant or topical. Duration is correct; no conflicts exist."
longmemeval::4dfccbf7,longmemeval,How many days had passed since I started taking ukulele lessons when I decided to take my acoustic guitar to the guitar tech for servicing?,24 days. 25 days (including the last day) is also acceptable.,expanded_union:codex_assisted_llm,false,duration,duration,fact_2b782f0113b35dd1;fact_89590795466a8c7a,fact_2b782f0113b35dd1;fact_89590795466a8c7a,,,True,True,True,True,,high,True,False,"The gold facts establish the start (Feb 1, 2023) and end (Feb 25, 2023) dates for the duration. No conflicting facts exist. The question requires interval arithmetic between two dates, confirming duration. All proposed IDs are valid and relevant."
longmemeval::4dfccbf8,longmemeval,What did I do with Rachel on the Wednesday two months ago?,I started taking ukulele lessons with Rachel.,expanded_union:codex_assisted_llm,false,historical-state,historical-state,fact_21f8de322312f64f,fact_21f8de322312f64f,,,True,True,True,True,,high,True,False,"The gold fact directly states the user started ukulele lessons with Rachel on February 1, 2023, which aligns with 'Wednesday two months ago' from the reference date (April 1, 2023). No conflicting facts exist. Other facts are irrelevant or topical. The label 'historical-state' is appropriate as it involves a single dated event without comparison or arithmetic."
longmemeval::5e1b23de,longmemeval,How many months ago did I attend the photography workshop?,3,expanded_union:codex_assisted_llm,true,duration,duration,fact_d98c50b0ccc7e558,fact_d98c50b0ccc7e558,,,True,True,True,True,,high,True,False,"Only fact_d98c50b0ccc7e558 directly supports the answer (November 1, 2023). The reference date is February 1, 2024, making the elapsed time 3 months. No conflicting facts about the workshop date exist. Other facts are topically related but not temporally relevant."
longmemeval::6e984301,longmemeval,How many weeks have I been taking sculpting classes when I invested in my own set of sculpting tools?,3,expanded_union:codex_assisted_llm,false,duration,duration,fact_0014f6ab24693fe4;fact_6cedbb2c9ff14dcb;fact_e83061f9dab1fc15,fact_0014f6ab24693fe4;fact_6cedbb2c9ff14dcb;fact_e83061f9dab1fc15,,,True,True,True,True,,high,True,False,"Fact_0014f6ab24693fe4 establishes the start date of classes (Feb 11, 2023). Fact_6cedbb2c9ff14dcb states the duration (6 weeks) as of that date, implying the user had been taking classes for 6 weeks by Feb 11. Fact_e83061f9dab1fc15 provides the investment date (Mar 4, 2023). The duration between Feb 11 and Mar 4 is 3 weeks, matching the gold answer. No conflicting facts exist. The three gold facts support the duration calculation. No conflicts are present."
longmemeval::6e984302,longmemeval,I mentioned an investment for a competition four weeks ago? What did I buy?,I got my own set of sculpting tools.,expanded_union:codex_assisted_llm,false,historical-state,historical-state,fact_7616972783ed79da;fact_f39cb5775232ec0b,fact_7616972783ed79da;fact_f39cb5775232ec0b,,,True,True,True,True,,high,True,False,"Fact_7616972783ed79da confirms acquisition of sculpting tools on March 4, 2023, directly supporting the gold answer. Fact_f39cb5775232ec0b links the tool purchase to the competition plan. No conflicting facts exist for the same target event with incompatible dates or states. The question asks for a past purchase, fitting historical-state. All proposed IDs are valid and consistent."
longmemeval::71017276,longmemeval,How many weeks ago did I meet up with my aunt and receive the crystal chandelier?,4,expanded_union:codex_assisted_llm,false,duration,duration,fact_076c532450186d30,fact_076c532450186d30,,,True,True,True,True,,high,True,False,"The gold fact (fact_076c532450186d30) provides the exact date (March 4, 2023) of receiving the chandelier, which is needed to compute weeks since that date relative to the reference date (April 1, 2023). No conflicting facts about the chandelier's receipt date exist. The question requires interval arithmetic, confirming duration as correct. All other facts are irrelevant or topical but not conflicting."
longmemeval::71017277,longmemeval,I received a piece of jewelry last Saturday from whom?,my aunt,all_methods_wrong,false,current-vs-old,current-vs-old,fact_82661c6a6100d257,fact_82661c6a6100d257,,,True,True,True,True,,high,True,False,"The gold fact directly supports the answer: receiving jewelry from an aunt on Saturday (March 4, 2023). No conflicting facts exist about the donor or timing. The question asks for a current vs. old state (last Saturday vs. now), fitting 'current-vs-old'. Other facts are irrelevant or describe unrelated events."
longmemeval::8077ef71,longmemeval,How many days ago did I attend a networking event?,26 days. 27 days (including the last day) is also acceptable.,expanded_union:codex_assisted_llm,true,duration,duration,fact_dc82dc7bded06c93,fact_dc82dc7bded06c93,,,True,True,True,True,,high,True,False,"The gold fact directly states the event date (March 9, 2022) and supports the 26-day calculation from reference date (April 4, 2022). No conflicting facts about the same event exist. Other facts are either irrelevant or describe different events. Duration is correct as the question asks for elapsed days."
longmemeval::982b5123,longmemeval,How many months ago did I book the Airbnb in San Francisco?,Five months ago,expanded_union:codex_assisted_llm,false,duration,duration,fact_5d1355d71db7d03b,fact_cbffb558205a1b52,,,True,False,True,True,,high,False,True,"The gold fact (fact_cbffb558205a1b52) states the user visited San Francisco in March 2023, which is five months before May 21, 2023, directly supporting 'five months ago'. No conflicting facts about the booking date exist. Other facts are irrelevant or topical. Duration is correct as the question requires interval arithmetic."
longmemeval::9a707b81,longmemeval,How many days ago did I attend a baking class at a local culinary school when I made my friend's birthday cake?,21 days. 22 days (including the last day) is also acceptable.,expanded_union:codex_assisted_llm,true,duration,duration,fact_17ca620f01a619a3;fact_d3bcd992dd59fc0b,fact_17ca620f01a619a3;fact_d3bcd992dd59fc0b,,,True,True,True,True,,high,True,False,"Fact_17ca620f01a619a3 provides the baking class date (March 20, 2022). Fact_d3bcd992dd59fc0b confirms the birthday cake was made on April 10, 2022. The duration between these dates is 21 days. No conflicting dates exist. The question requires interval arithmetic, so duration is correct."
longmemeval::9a707b82,longmemeval,I mentioned cooking something for my friend a couple of days ago. What was it?,a chocolate cake,mixed_method_outcomes,false,historical-state,historical-state,fact_fdcb454df7baf939,fact_fdcb454df7baf939,,,True,True,True,True,,high,True,False,"The gold fact directly supports the answer 'a chocolate cake' baked during the weekend of April 2-3, 2022, aligning with 'a couple of days ago' relative to the reference date. No conflicting facts about the same event exist. Other facts are topically related but not about the same target event. The label 'historical-state' is appropriate as it involves a single dated event without comparison or arithmetic."
longmemeval::a3838d2b,longmemeval,How many charity events did I participate in before the 'Run for the Cure' event?,4,expanded_union:codex_assisted_llm,true,ordering,ordering,fact_019c005408847b84;fact_04870fd71783d9c6;fact_066081dbd899c649;fact_0b7d7004e7fae365;fact_43aee92a18137f5f;fact_5f86c6fa63ca2b05;fact_6a1d25fd432872c1;fact_bfe587d2bef77bdc;fact_c259bdb14baaf420;fact_cf161c73e6f9127c;fact_d9a8777389f00767;fact_ff5436ed11486d99,fact_019c005408847b84;fact_04870fd71783d9c6;fact_066081dbd899c649;fact_5f86c6fa63ca2b05;fact_6a1d25fd432872c1;fact_bfe587d2bef77bdc;fact_c259bdb14baaf420;fact_d9a8777389f00767,,,True,False,True,True,,high,False,True,"Gold facts include all events before 'Run for the Cure' on Oct 15, 2023. 'Bike-a-Thon' (Nov 2023) and 'Run for the Cure' (Nov 29) are after. Duplicate facts (e.g., 'Dance for a Cause') are consolidated. No conflicts: all facts align on event timing relative to Oct 15, 2023. Ordering is correct."
longmemeval::af082822,longmemeval,How many weeks ago did I attend the friends and family sale at Nordstrom?,2,expanded_union:codex_assisted_llm,true,duration,duration,fact_8814979b8de92b34,fact_8814979b8de92b34,,,True,True,True,True,,high,True,False,"The gold fact directly states the Nordstrom friends and family sale date (Nov 17, 2022). Reference date is Dec 1, 2022, yielding 2 weeks. No conflicting dates for the same event. Other facts are irrelevant or describe different events. Duration type is correct."
longmemeval::b46e15ed,longmemeval,"How many months have passed since I participated in two charity events in a row, on consecutive days?",2,expanded_union:codex_assisted_llm,false,duration,duration,fact_e385a538ba7aff94;fact_eada097a033a41f8,fact_e385a538ba7aff94;fact_eada097a033a41f8,,,True,True,True,True,,high,True,False,"The two gold facts (Feb 14 and 15, 2023) are consecutive days and directly support the 2-month duration calculation. No conflicting facts exist. The temporal operation is interval arithmetic between two dates, fitting 'duration'."
longmemeval::b46e15ee,longmemeval,What charity event did I participate in a month ago?,the 'Walk for Hunger' charity event,expanded_union:codex_assisted_llm,false,historical-state,historical-state,fact_5d24078af6c6fa31,fact_5d24078af6c6fa31,fact_0950851778226d49;fact_17daa4039983311f;fact_4a5a66dcb559b734;fact_67f9a257cf7306f5;fact_bca64f6730143312,fact_0950851778226d49;fact_17daa4039983311f;fact_4a5a66dcb559b734;fact_67f9a257cf7306f5;fact_bca64f6730143312,True,True,True,True,,high,True,False,"The gold fact directly states participation in 'Walk for Hunger' on March 19, 2023, aligning with the reference date (a month prior to April 18, 2023). Conflicts describe other charity events on different dates, all involving the user but with different event names or dates. No fact contradicts the gold answer on the same target event. The question asks for a specific past event, fitting 'historical-state'."
longmemeval::b9cfe692,longmemeval,How long did I take to finish 'The Seven Husbands of Evelyn Hugo' and 'The Nightingale' combined?,5.5 weeks,expanded_union:codex_assisted_llm,false,duration,duration,fact_17248ef5570900d3;fact_574901b2f3852092;fact_7daf43a311fae38d,fact_17248ef5570900d3;fact_574901b2f3852092;fact_7daf43a311fae38d,,,True,True,True,True,,high,True,False,"Gold facts provide durations for both books: 'The Nightingale' (3 weeks) and 'The Seven Husbands' (2.5 weeks), summing to 5.5 weeks. All three facts are consistent and directly support the gold answer. No conflicting facts exist. The temporal type 'duration' is appropriate for summing time intervals."
longmemeval::bbf86515,longmemeval,How many days before the 'Rack Fest' did I participate in the 'Turbocharged Tuesdays' event?,4 days.,expanded_union:codex_assisted_llm,false,duration,duration,fact_e19b9ca10e53a633;fact_e6519be5c694e21b,fact_e19b9ca10e53a633;fact_e6519be5c694e21b,fact_1d9e544b913fc832;fact_a2c8b35f390c541e,fact_1d9e544b913fc832;fact_a2c8b35f390c541e,True,True,True,True,,high,True,False,"Gold facts provide exact dates for 'Rack Fest' (June 18) and 'Turbocharged Tuesdays' (June 14), enabling 4-day duration calculation. Conflict facts mention 'Turbocharged Tuesdays' on June 28 and 'on or before June 28', contradicting June 14. No other facts alter the target events. All IDs are valid and consistent with duration type."
longmemeval::bcbe585f,longmemeval,How many weeks ago did I attend a bird watching workshop at the local Audubon society?,4,expanded_union:codex_assisted_llm,false,duration,duration,fact_3a15c1cb5161e54c,fact_3a15c1cb5161e54c,,,True,True,True,True,,high,True,False,"The gold fact directly states the bird watching workshop occurred on April 1, 2023, which is 4 weeks before the reference date of May 1, 2023. No conflicting facts about the event date exist. Other facts are irrelevant or describe different events. Duration is correct as the question asks for elapsed weeks."
longmemeval::c8090214,longmemeval,How many days before I bought the iPhone 13 Pro did I attend the Holiday Market?,7 days. 8 days (including the last day) is also acceptable.,expanded_union:codex_assisted_llm,false,duration,duration,fact_ef8073331a4f865b;fact_f0530a869d95759a,fact_ef8073331a4f865b;fact_f0530a869d95759a,,,True,True,True,True,,high,True,False,"Fact_ef8073331a4f865b places the Holiday Market one week before Black Friday (~Nov 24). Fact_f0530a869d95759a confirms the iPhone purchase on Black Friday. The interval between Nov 24 and Dec 10 is 16 days, but the question asks for days before purchase. The correct interval is 7 days (Nov 24 to Dec 10 is 16 days, so 16 - 9 = 7 days before). The facts support a duration calculation. No conflicting dates exist. The gold facts are sufficient and valid."
longmemeval::c9f37c46,longmemeval,How long had I been watching stand-up comedy specials regularly when I attended the open mic night at the local comedy club?,2 months,expanded_union:codex_assisted_llm,false,duration,duration,fact_2787dbf13d83478d;fact_29e6c7181f588ecf;fact_aa49955393aa81a9,fact_2787dbf13d83478d;fact_29e6c7181f588ecf;fact_aa49955393aa81a9,,,True,True,True,True,,high,True,False,"Fact_2787dbf13d83478d provides the key duration (2 months) and start date (Feb 2023) relative to May 20, 2023. Fact_29e6c7181f588ecf establishes the start trigger (Feb 2023). Fact_aa49955393aa81a9 confirms the open mic occurred in April 2023, consistent with the timeline. No conflicting dates or orders exist. All gold facts are relevant and support the duration calculation."
longmemeval::e4e14d04,longmemeval,How long had I been a member of 'Book Lovers Unite' when I attended the meetup?,Two weeks,expanded_union:codex_assisted_llm,false,duration,duration,fact_345e50ab3dfcd7a0;fact_79e1ec8bc1710ae4,fact_345e50ab3dfcd7a0;fact_79e1ec8bc1710ae4,,,True,True,True,True,,high,True,False,"Fact_345e50ab3dfcd7a0 provides the join date (three weeks before May 28, 2023), and fact_79e1ec8bc1710ae4 gives the meetup date (May 21, 2023). The interval between these dates is two weeks, matching the gold answer. No conflicting dates exist for the same event. All facts are relevant and correctly classified."
longmemeval::eac54adc,longmemeval,How many days ago did I launch my website when I signed a contract with my first client?,19 days ago. 20 days (including the last day) is also acceptable.,expanded_union:codex_assisted_llm,false,duration,duration,fact_8f3abb0346086402;fact_f0b28174433c1521,fact_8f3abb0346086402;fact_f0b28174433c1521,,,True,True,True,True,,high,True,False,"The gold facts establish the launch date (≤Feb 10, 2023) and contract date (Mar 1, 2023), enabling a duration calculation. No conflicting dates exist for the same event. All other facts are either irrelevant or support context. The duration type is correct."
longmemeval::eac54add,longmemeval,What was the significant buisiness milestone I mentioned four weeks ago?,I signed a contract with my first client.,expanded_union:codex_assisted_llm,false,ordering,historical-state,fact_0b27bbaec269c8f1,fact_0b27bbaec269c8f1,,,False,True,True,True,,high,False,True,"The gold fact directly states the contract signing on March 1, 2023, matching the gold answer. No conflicting facts exist for the same event with incompatible dates. The question asks for a specific past milestone, fitting historical-state. Other facts are either irrelevant or describe different events."
longmemeval::f0853d11,longmemeval,How many days had passed between the 'Walk for Hunger' event and the 'Coastal Cleanup' event?,14 days. 8 days (including the last day) is also acceptable.,expanded_union:codex_assisted_llm,false,duration,duration,fact_2304a8344a588d6a;fact_e60fe0cebf9dd8e7,fact_2304a8344a588d6a;fact_e60fe0cebf9dd8e7,,,True,True,True,True,,high,True,False,"Fact_e60fe0cebf9dd8e7 provides the 'Walk for Hunger' date (Feb 21, 2023), and fact_2304a8344a588d6a gives the 'Coastal Cleanup' date (Mar 7, 2023). The interval between these dates is 14 days, matching the gold answer. No conflicting dates exist for these events. All other facts are irrelevant to the temporal interval."
longmemeval::gpt4_0b2f1d21,longmemeval,"Which event happened first, the purchase of the coffee maker or the malfunction of the stand mixer?",The malfunction of the stand mixer,expanded_union:codex_assisted_llm,true,ordering,ordering,fact_61bf50e414d23651;fact_67ac88e6a6b21541,fact_61bf50e414d23651;fact_67ac88e6a6b21541,,,True,True,True,True,,high,True,False,Fact_61bf50e414d23651 (stand mixer repair in April 2023) and fact_67ac88e6a6b21541 (coffee maker purchase ~3 weeks before May 25) support the correct order. No conflicting facts about event timing exist. Other facts are irrelevant or historical-state.
longmemeval::gpt4_18c2b244,longmemeval,"What is the order of the three events: 'I signed up for the rewards program at ShopRite', 'I used a Buy One Get One Free coupon on Luvs diapers at Walmart', and 'I redeemed $12 cashback for a $10 Amazon gift card from Ibotta'?","First, I used a Buy One Get One Free coupon on Luvs diapers at Walmart. Then, I redeemed $12 cashback for a $10 Amazon gift card from Ibotta. Finally, I signed up for the rewards program at ShopRite.",expanded_union:codex_assisted_llm,true,ordering,ordering,fact_1fbfb84ea085676b;fact_666ecfc477321cc5;fact_9c1a9c3a93e8103e,fact_1fbfb84ea085676b;fact_666ecfc477321cc5;fact_9c1a9c3a93e8103e,,,True,True,True,True,,high,True,False,"Fact IDs align with gold answer order: Walmart (Apr 1) → Ibotta (Apr 10) → ShopRite (Apr 15). No conflicting facts exist. All gold facts are distinct, relevant, and support the correct sequence. No conflicts found. Temporal type 'ordering' is appropriate."
longmemeval::gpt4_1916e0ea,longmemeval,How many days passed between the day I cancelled my FarmFresh subscription and the day I did my online grocery shopping from Instacart?,54 days. 55 days (including the last day) is also acceptable.,expanded_union:codex_assisted_llm,false,duration,duration,fact_789b2f632748a4a1;fact_84f859ec7b4fb0c2,fact_789b2f632748a4a1;fact_84f859ec7b4fb0c2,,,True,True,True,True,,high,True,False,"Gold facts directly provide the cancellation (Jan 5, 2023) and Instacart purchase (Feb 28, 2023) dates. No conflicting dates exist for these events. The temporal type 'duration' is correct as the question requires interval arithmetic between two dates. All fact IDs are valid and relevant."
longmemeval::gpt4_1d4ab0c9,longmemeval,How many days passed between the day I started watering my herb garden and the day I harvested my first batch of fresh herbs?,24 days. 25 days (including the last day) is also acceptable.,expanded_union:codex_assisted_llm,true,duration,duration,fact_6ae940ee541c0610;fact_e90bef4ae29f4382,fact_6ae940ee541c0610;fact_e90bef4ae29f4382,,,True,True,True,True,,high,True,False,"The gold facts provide the start (March 22, 2023) and end (April 15, 2023) dates for the herb garden watering and harvesting. The duration between these dates is 24 days, matching the gold answer. No conflicting facts exist for the same events with incompatible dates. All other facts are topically irrelevant or historical-state but not part of the duration calculation."
longmemeval::gpt4_1d80365e,longmemeval,How many days did I spend on my solo camping trip to Yosemite National Park?,2 days. 3 days (including the last day) is also acceptable.,expanded_union:codex_assisted_llm,true,duration,duration,fact_a5e69a1b8a54075b;fact_e8676bb12926df4c,fact_a5e69a1b8a54075b;fact_e8676bb12926df4c,,,True,True,True,True,,high,True,False,"The start (May 15) and end (May 17) dates of the camping trip are directly stated. The duration is 2 full days (May 15–17), matching the gold answer. No conflicting dates exist. All facts are relevant and consistent. No other facts provide alternative durations or contradict the timeline."
longmemeval::gpt4_1e4a8aeb,longmemeval,How many days passed between the day I attended the gardening workshop and the day I planted the tomato saplings?,6 days. 7 days (including the last day) is also acceptable.,expanded_union:codex_assisted_llm,false,duration,duration,fact_5b5fe9ef94b2e248;fact_86ece7aafe2e2da6,fact_5b5fe9ef94b2e248;fact_86ece7aafe2e2da6,,,True,True,True,True,,high,True,False,"The two gold facts provide the exact dates for attending the gardening workshop (April 15, 2023) and planting tomato saplings (April 21, 2023), enabling a 6-day interval calculation. No conflicting facts exist for these events. All other facts are irrelevant or topical but not temporally conflicting. The duration type is correct."
longmemeval::gpt4_1e4a8aec,longmemeval,What gardening-related activity did I do two weeks ago?,planting 12 new tomato saplings,expanded_union:codex_assisted_llm,false,historical-state,historical-state,fact_991e20e592665cd4,fact_991e20e592665cd4,,,True,True,True,True,,high,True,False,"The gold fact (planting 12 tomato saplings on April 21, 2023) directly supports the gold answer. No conflicting facts exist for the same event with incompatible dates. Other facts are either about different activities, unrelated topics, or occur at different times. The question asks for a specific past activity, fitting historical-state. No other facts contradict the gold fact."
longmemeval::gpt4_21adecb5,longmemeval,How many months passed between the completion of my undergraduate degree and the submission of my master's thesis?,6 months,expanded_union:codex_assisted_llm,false,duration,duration,fact_2dea8fc8a4f2ce18;fact_ce7856f8627cb400,fact_2dea8fc8a4f2ce18;fact_ce7856f8627cb400,,,True,True,True,True,,high,True,False,"The two gold facts provide the exact dates for completing the undergraduate degree (Nov 17, 2022) and submitting the master's thesis (May 15, 2023), enabling a duration calculation. No conflicting facts exist for the same events with incompatible dates. All other facts are irrelevant or topical but not temporally conflicting. The label 'duration' is correct."
longmemeval::gpt4_2312f94c,longmemeval,"Which device did I got first, the Samsung Galaxy S22 or the Dell XPS 13?",Samsung Galaxy S22,expanded_union:codex_assisted_llm,false,ordering,ordering,fact_21a8d0e00919a0a2;fact_93f9ed7719161e0f,fact_21a8d0e00919a0a2;fact_93f9ed7719161e0f,,,True,True,True,True,,high,True,False,"The gold facts provide clear dates for the purchase of the Samsung Galaxy S22 (Feb 20, 2023) and arrival of the Dell XPS 13 (Feb 25, 2023), enabling correct ordering. No conflicting facts about the same devices with incompatible dates exist. The proposed label 'ordering' is correct and fully supported."
longmemeval::gpt4_2487a7cb,longmemeval,"Which event did I attend first, the 'Effective Time Management' workshop or the 'Data Analysis using Python' webinar?",'Data Analysis using Python' webinar,expanded_union:codex_assisted_llm,false,ordering,ordering,fact_07df59ded65e2de5;fact_c6d84824a33f0c38,fact_07df59ded65e2de5;fact_c6d84824a33f0c38,,,True,True,True,True,,high,True,False,"Fact_07df59ded65e2de5 (May 19, 2023) and fact_c6d84824a33f0c38 (~March 2023) provide clear dates for the two events. The 'Data Analysis using Python' webinar occurred before the 'Effective Time Management' workshop, supporting the gold answer. No conflicting facts about event order exist. All selected facts are relevant and correctly classified."
longmemeval::gpt4_2655b836,longmemeval,What was the first issue I had with my new car after its first service?,GPS system not functioning correctly,mixed_method_outcomes,false,ordering,historical-state,fact_0340ea761b441048,fact_0340ea761b441048,,,False,True,True,True,,high,False,True,"The gold fact directly states the GPS system was replaced due to malfunction on March 22, 2023, supporting the first issue post-service. No conflicting facts about the GPS issue exist. The question asks for the first issue after service, which is best answered by a historical-state lookup. Other facts are irrelevant or about unrelated topics."
longmemeval::gpt4_2c50253f,longmemeval,What time do I wake up on Tuesdays and Thursdays?,6:45 AM,expanded_union:codex_assisted_llm,false,historical-state,current-vs-old,fact_40152d019722a048;fact_d717312366361792,fact_40152d019722a048;fact_d717312366361792,fact_113a1d73374b0311,fact_113a1d73374b0311,False,True,True,True,,high,False,True,"The gold facts establish the current wake-up time (6:45 AM) post-May 27, 2023, via a 15-minute earlier start. The conflict fact states a prior wake-up time of 8:30 AM, directly contrasting the current state. The question asks for the current time on recurring days, requiring a current-vs-old comparison. Historical-state is incorrect as it implies a static lookup, not a change over time."
longmemeval::gpt4_2d58bcd6,longmemeval,"Which book did I finish reading first, 'The Hate U Give' or 'The Nightingale'?",'The Hate U Give',expanded_union:codex_assisted_llm,false,ordering,ordering,fact_67104980927845c4;fact_cd4bfb1650dd2589,fact_67104980927845c4;fact_cd4bfb1650dd2589,,,True,True,True,True,,high,True,False,"Fact_67104980927845c4 confirms 'The Nightingale' was finished May 27-28, 2023. Fact_cd4bfb1650dd2589 confirms 'The Hate U Give' was finished on or before May 30, 2023. The order is supported: May 27-28 < May 30. No conflicting date for the same book. No other facts contradict the order. All gold facts are relevant and directly support the answer."
longmemeval::gpt4_2f56ae70,longmemeval,Which streaming service did I start using most recently?,Disney+,control,false,current-vs-old,current-vs-old,fact_97cdd3337dcfbef0;fact_e6e2060f2598e0bb,fact_97cdd3337dcfbef0;fact_e6e2060f2598e0bb,,fact_b89074f5ca5baacb,True,True,False,True,,high,False,True,"Gold facts establish current use of Apple TV+ and recent Disney+ trial start. Conflict fact (b89074f5ca5baacb) claims long-term use of Amazon Prime, contradicting Disney+ as most recent. Other facts are irrelevant or descriptive. Temporal type correctly identifies comparison between current and past usage."
longmemeval::gpt4_2f584639,longmemeval,"Which gift did I buy first, the necklace for my sister or the photo album for my mom?",the photo album for my mom,mixed_method_outcomes,false,ordering,ordering,fact_0bf107fcbd5e3987;fact_ccd0435b23bfeccf;fact_d247f30dc2691069;fact_f05b6a030d18c096,fact_0bf107fcbd5e3987;fact_ccd0435b23bfeccf;fact_d247f30dc2691069;fact_f05b6a030d18c096,,fact_8a6e34d3949a3e7f;fact_ac85360fc15a8fc6,True,True,False,True,,high,False,True,"Gold facts establish purchase timing: photo album ordered May 16 (two weeks before), necklace purchased May 23 or 30. Conflict facts contradict purchase order: one says necklace bought last weekend (May 23), another says May 30. Both conflict with gold timeline. All facts align with ordering type. No extra gold or conflict facts beyond limits."
longmemeval::gpt4_385a5000,longmemeval,"Which seeds were started first, the tomatoes or the marigolds?",Tomatoes,expanded_union:codex_assisted_llm,true,ordering,ordering,fact_1188653ee66c783b;fact_639071a642eb30e1,fact_1188653ee66c783b;fact_639071a642eb30e1,,,True,True,True,True,,high,True,False,"Fact_1188653ee66c783b (Feb 20, 2023) establishes tomato seed start. Fact_639071a642eb30e1 (Mar 3, 2023) gives marigold seed receipt. Both directly support ordering. No conflicting dates for same event. No other facts contradict the order. All selected facts are relevant and correctly classified."
longmemeval::gpt4_45189cb4,longmemeval,What is the order of the sports events I watched in January?,"First, I attended a NBA game at the Staples Center, then I watched the College Football National Championship game, and finally, I watched the NFL playoffs.",expanded_union:codex_assisted_llm,false,ordering,ordering,fact_08d1031fe2540e05;fact_815f574d056cd700;fact_c321ec22d6ef5d80,fact_08d1031fe2540e05;fact_815f574d056cd700;fact_c321ec22d6ef5d80,,,True,True,True,True,,high,True,False,"The three gold facts specify the exact sequence of sports events: NBA game (Jan 5), College Football Championship (Jan 14), and NFL playoffs (Jan 15). All are directly relevant and support the correct order. No conflicting facts exist for the same events with incompatible dates. The proposed label 'ordering' is correct and fully supported."
longmemeval::gpt4_468eb063,longmemeval,How many days ago did I meet Emma?,9 days ago. 10 days (including the last day) is also acceptable.,expanded_union:codex_assisted_llm,false,duration,duration,fact_f8b84b11ddf47e3b,fact_f8b84b11ddf47e3b,,,True,True,True,True,,high,True,False,"The gold fact directly states the meeting with Emma on April 11, 2023. Reference date is April 20, 2023, yielding 9 days ago. No conflicting facts about the meeting date exist. Other facts are topically related but not temporally conflicting. Duration is appropriate as the question asks for elapsed days."
longmemeval::gpt4_468eb064,longmemeval,Who did I meet with during the lunch last Tuesday?,Emma,control,true,current-vs-old,historical-state,fact_6533ed807a464697,fact_6533ed807a464697,,,False,True,True,True,,high,False,True,"The question asks for a specific person met during a past lunch, directly answered by fact_6533ed807a464697. No conflicting facts about the meeting exist. Other facts are topically related but not about the same event. The temporal operation is a direct lookup of a past event, fitting 'historical-state'."
longmemeval::gpt4_483dd43c,longmemeval,"Which show did I start watching first, 'The Crown' or 'Game of Thrones'?",'Game of Thrones',expanded_union:codex_assisted_llm,false,ordering,ordering,fact_30e0d0d21f2700c3;fact_814805f35cccd2b2;fact_c4bf43011bc31c84,fact_30e0d0d21f2700c3;fact_814805f35cccd2b2;fact_c4bf43011bc31c84,,,True,True,True,True,,high,True,False,"Gold facts establish start dates: 'The Crown' binge started 14 days before May 29, 2023 (~May 15), while 'Game of Thrones' started ~one month earlier (~April 29). This supports 'Game of Thrones' as the first watched. No conflicting facts about start order exist. All gold facts are relevant and consistent."
longmemeval::gpt4_4929293a,longmemeval,"Which event happened first, my cousin's wedding or Michael's engagement party?",Michael's engagement party,expanded_union:codex_assisted_llm,false,ordering,ordering,fact_1dc90fecca71cb6d;fact_535fc3d9894a9199,fact_1dc90fecca71cb6d;fact_535fc3d9894a9199,,,True,True,True,True,,high,True,False,"Fact IDs 'fact_1dc90fecca71cb6d' (May 6, 2023) and 'fact_535fc3d9894a9199' (June 15, 2023) directly establish the order of events. No conflicting dates for the same event exist. The proposed 'ordering' type is correct, and the gold facts are valid and sufficient."
longmemeval::gpt4_4929293b,longmemeval,What was the the life event of one of my relatives that I participated in a week ago?,my cousin's wedding,expanded_union:codex_assisted_llm,false,historical-state,historical-state,fact_4b1ccffe34108407,fact_4b1ccffe34108407,,,True,True,True,True,,high,True,False,"The gold fact (fact_4b1ccffe34108407) directly supports the gold answer: attending a cousin's wedding before June 15, 2023, aligns with 'a week ago' relative to reference date June 22, 2023. No conflicting facts about the same event exist. Other facts describe future or ongoing planning, not the specific past event. The label 'historical-state' is appropriate as it involves a single past event with a known time frame."
longmemeval::gpt4_4edbafa2,longmemeval,What was the date on which I attended the first BBQ event in June?,June 3rd,expanded_union:codex_assisted_llm,false,ordering,historical-state,fact_5660f9c09a3bd87c;fact_7c2003672c1a28dd;fact_fb6c608a043a50b2;fact_fd45b8e78ef46060,fact_fd45b8e78ef46060,,,False,False,True,True,,high,False,True,"The question asks for the date of the first BBQ event in June, which is a direct factual lookup. Only fact_fd45b8e78ef46060 provides the correct date (June 3, 2023). Other facts are either about later dates, unrelated events, or current interests. No conflicting date is present. The proposed 'ordering' type is incorrect; this is a historical-state query."
longmemeval::gpt4_4ef30696,longmemeval,How many days passed between the day I finished reading 'The Nightingale' and the day I started reading 'The Hitchhiker's Guide to the Galaxy'?,1 day. 2 days (including the last day) is also acceptable.,expanded_union:codex_assisted_llm,false,duration,duration,fact_0808f0e204baf079;fact_ca6c2cd4660ad6e0,fact_0808f0e204baf079;fact_ca6c2cd4660ad6e0,,,True,True,True,True,,high,True,False,"The two gold facts provide the exact start and end dates for the reading events. The difference is one day, matching the gold answer. No conflicting facts exist. All other facts are irrelevant to the temporal interval calculation."
longmemeval::gpt4_4fc4f797,longmemeval,How many days passed between the day I received feedback about my car's suspension and the day I tested my new suspension setup?,38 days. 39 days (including the last day) is also acceptable.,expanded_union:codex_assisted_llm,false,duration,duration,fact_156c5fa43d6c69bd;fact_63ef813829d1b13e,fact_156c5fa43d6c69bd;fact_63ef813829d1b13e,,,True,True,True,True,,high,True,False,"Gold facts identify feedback receipt (before March 17, 2023) and test event (March 17, 2023). The interval between these dates yields 38 days. No conflicting facts exist. All facts are consistent with the duration calculation. No other facts support or contradict the timeline."
longmemeval::gpt4_59149c77,longmemeval,How many days passed between my visit to the Museum of Modern Art (MoMA) and the 'Ancient Civilizations' exhibit at the Metropolitan Museum of Art?,7 days. 8 days (including the last day) is also acceptable.,expanded_union:codex_assisted_llm,false,duration,duration,fact_0cdd29a0729a006a;fact_72c1ec98d8fc565c,fact_0cdd29a0729a006a;fact_72c1ec98d8fc565c,,,True,True,True,True,,high,True,False,"Fact_0cdd29a0729a006a confirms the MoMA visit on January 8, 2023. Fact_72c1ec98d8fc565c confirms the 'Ancient Civilizations' exhibit visit on January 15, 2023. The 7-day interval (inclusive of both days) aligns with the gold answer. No conflicting dates exist for the same events. All other facts are irrelevant or topical but not conflicting."
longmemeval::gpt4_59149c78,longmemeval,I mentioned that I participated in an art-related event two weeks ago. Where was that event held at?,The Metropolitan Museum of Art.,mixed_method_outcomes,true,historical-state,historical-state,fact_0e4fecefaf12e104;fact_17444f0fd0e881cc;fact_21f1c6da23d19155;fact_390f696832a0202c;fact_ba1bad5a449e7e87,fact_0e4fecefaf12e104;fact_17444f0fd0e881cc;fact_21f1c6da23d19155;fact_390f696832a0202c;fact_ba1bad5a449e7e87,,,True,True,True,True,,high,True,False,"The gold facts directly support the event at the Metropolitan Museum of Art on Jan 15, 2023. Other facts describe related but distinct events or interests. No conflicting facts contradict the gold answer. The question asks for a specific location at a past time, fitting 'historical-state'."
longmemeval::gpt4_5dcc0aab,longmemeval,Which pair of shoes did I clean last month?,white Adidas sneakers,control,true,current-vs-old,current-vs-old,fact_28b89c06f3f83822;fact_4f5aeed43b66ef4b;fact_cab22aebe178de4c,fact_4f5aeed43b66ef4b;fact_53a619e68b19743d;fact_9c3f8679b503e775,,fact_cc9092549a8ae329,True,False,False,True,,high,False,True,Gold facts establish current ownership and recent cleaning of Adidas sneakers. Conflict arises from cleaning in April (fact_cc9092549a8ae329) vs. today (fact_53a619e68b19743d). Vans and Converse facts are irrelevant. 'Current-vs-old' is correct: comparing cleaning status across time.
longmemeval::gpt4_61e13b3c,longmemeval,How many weeks passed between the time I sold homemade baked goods at the Farmers' Market for the last time and the time I participated in the Spring Fling Market?,3 weeks,expanded_union:codex_assisted_llm,false,duration,duration,fact_85cc4a66caf805e7;fact_db2cab044c9bcd6a,fact_85cc4a66caf805e7;fact_db2cab044c9bcd6a,,,True,True,True,True,,high,True,False,"Gold facts identify the last Farmers' Market sale (Feb 26, 2023) and Spring Fling participation (Mar 20, 2023). The 3-week interval matches the gold answer. No conflicting dates exist. All facts are relevant and correctly classified. No additional gold or conflict facts needed."
longmemeval::gpt4_65aabe59,longmemeval,"Which device did I set up first, the smart thermostat or the mesh network system?",Smart thermostat,expanded_union:codex_assisted_llm,false,ordering,ordering,fact_20f9b8a9666f288d;fact_45324ddecebda405;fact_aceaf92dab239290,fact_20f9b8a9666f288d;fact_45324ddecebda405;fact_aceaf92dab239290,,,True,True,True,True,,high,True,False,"Fact_20f9b8a9666f288d (April 2023) precedes fact_aceaf92dab239290 (May 4, 2023) and fact_45324ddecebda405 (May 25, 2023). All three support the order of setup. No conflicting facts about setup order exist. The three gold facts are sufficient and relevant. No conflicts identified."
longmemeval::gpt4_68e94287,longmemeval,"Which event happened first, my participation in the #PlankChallenge or my post about vegan chili recipe?",You posted a recipe for vegan chili on Instagram using the hashtag #FoodieAdventures first.,expanded_union:codex_assisted_llm,false,ordering,ordering,fact_47cf1ca61c4c7682;fact_57661c2cb8bb48e7,fact_47cf1ca61c4c7682;fact_57661c2cb8bb48e7,,,True,True,True,True,,high,True,False,The gold facts directly support the correct order: the vegan chili post (March 9) preceded the #PlankChallenge (March 15). No conflicting facts about the same event exist. All other facts are topically related but not relevant to the temporal comparison.
longmemeval::gpt4_68e94288,longmemeval,What was the social media activity I participated 5 days ago?,You participated in a social media challenge called #PlankChallenge.,expanded_union:codex_assisted_llm,false,historical-state,historical-state,fact_a23632bb739d632b,fact_a23632bb739d632b,,,True,True,True,True,,high,True,False,"The gold fact directly states the user participated in the #PlankChallenge on March 15, 2023, which is 5 days before the reference date (March 20, 2023). No conflicting facts about the same event exist. Other facts are topically related but not about the same event or state. The label 'historical-state' is appropriate."
longmemeval::gpt4_6dc9b45b,longmemeval,How many months ago did I attend the Seattle International Film Festival?,4 months ago,expanded_union:codex_assisted_llm,false,duration,duration,fact_67a0231b622f2577,fact_67a0231b622f2577,,,True,True,True,True,,high,True,False,"The gold fact (fact_67a0231b622f2577) provides a clear end date (June 1, 2021) for the SIFF attendance, enabling duration calculation to the reference date (October 2, 2021). No conflicting facts assert a different date for the same event. Other facts are either irrelevant or support the same timeline. Duration is the correct bucket."
longmemeval::gpt4_6ed717ea,longmemeval,"Which item did I purchase first, the dog bed for Max or the training pads for Luna?",Training pads for Luna,mixed_method_outcomes,false,ordering,ordering,fact_553411ce9323c027;fact_a35e8f4da895381c;fact_aad4df1207d2d0ca;fact_fc95267df94fb1fa,fact_553411ce9323c027;fact_a35e8f4da895381c;fact_aad4df1207d2d0ca;fact_fc95267df94fb1fa,,,True,True,True,True,,high,True,False,"Gold facts establish purchase dates for both items: training pads (~April 2023) and dog bed (~May 8, 2023). The Kong toy plan (May 29) is not a purchase. Conflict list is empty as no facts contradict the order. All gold facts are relevant and support the correct ordering. No conflicting dates or states exist."
longmemeval::gpt4_70e84552,longmemeval,"Which task did I complete first, fixing the fence or trimming the goats' hooves?",Fixing the fence,expanded_union:codex_assisted_llm,false,ordering,ordering,fact_644ad2dc7fe4b082;fact_fd1e86a91abbfc17,fact_644ad2dc7fe4b082;fact_fd1e86a91abbfc17,,,True,True,True,True,,high,True,False,"The two gold facts provide specific dates for fixing the fence (May 4, 2023) and trimming hooves (May 11, 2023), enabling correct ordering. No conflicting facts exist. All facts are relevant and properly categorized. No additional gold or conflict facts are needed."
longmemeval::gpt4_74aed68e,longmemeval,How many days passed between the day I replaced my spark plugs and the day I participated in the Turbocharged Tuesdays auto racking event?,29 days. 30 days (including the last day) is also acceptable.,expanded_union:codex_assisted_llm,false,duration,duration,fact_1e3dd1bc962439ee;fact_3a062e9f88bfb6b1,fact_1e3dd1bc962439ee;fact_3a062e9f88bfb6b1,fact_71d45840f43da02c,fact_71d45840f43da02c,True,True,True,True,,high,True,False,"Fact_1e3dd1bc962439ee confirms the Turbocharged Tuesdays event on March 15, 2023. Fact_3a062e9f88bfb6b1 confirms spark plug replacement on February 14, 2023. Fact_71d45840f43da02c conflicts by placing spark plug replacement on March 15, 2023. All facts are relevant and correctly classified. No additional gold or conflict facts needed."
longmemeval::gpt4_76048e76,longmemeval,"Which vehicle did I take care of first in February, the bike or the car?",bike,expanded_union:codex_assisted_llm,false,ordering,ordering,fact_21874ab5528784e2;fact_c19b76505e267bf6,fact_21874ab5528784e2;fact_c19b76505e267bf6,,,True,True,True,True,,high,True,False,"Fact_c19b76505e267bf6 (mid-February) precedes fact_21874ab5528784e2 (February 27), supporting 'bike' as first. No conflicting temporal claims. All gold facts are relevant and directly support the order. No valid conflicts exist."
longmemeval::gpt4_7a0daae1,longmemeval,How many weeks passed between the day I bought my new tennis racket and the day I received it?,1 week,expanded_union:codex_assisted_llm,false,duration,duration,fact_02dc2812e8b7265a;fact_cde692de521db5a0,fact_02dc2812e8b7265a;fact_cde692de521db5a0,,,True,True,True,True,,high,True,False,"The two gold facts provide the buy and receive dates (March 10 and March 17, 2023), enabling a 1-week duration calculation. No conflicting facts exist for the same event with incompatible dates. All other facts are irrelevant to the temporal query."
longmemeval::gpt4_7abb270c,longmemeval,What is the order of the six museums I visited from earliest to latest?,"Science Museum, Museum of Contemporary Art, Metropolitan Museum of Art, Museum of History, Modern Art Museum, Natural History Museum",expanded_union:codex_assisted_llm,false,ordering,ordering,fact_3a4516eda0a97362;fact_3e7a0f5d9094a4bf;fact_5525456c44a56049;fact_b0d1ad530d09504b;fact_cc210c0794c7bc91;fact_d2d8991152520fb0,fact_3a4516eda0a97362;fact_3e7a0f5d9094a4bf;fact_5525456c44a56049;fact_b0d1ad530d09504b;fact_cc210c0794c7bc91;fact_d2d8991152520fb0,fact_10f4fe0757dd1ff7;fact_6d5b34e052f666ee;fact_deb106d04b8d164d;fact_fbddeadfe64a245d,fact_10f4fe0757dd1ff7;fact_6d5b34e052f666ee;fact_deb106d04b8d164d;fact_fbddeadfe64a245d,True,True,True,True,,high,True,False,"Gold facts establish clear visit dates for all six museums, enabling chronological ordering. Conflicts involve ambiguous or conflicting visit times for the same museums (e.g., Met and Modern Art Museum), contradicting the gold timeline. All facts align with the ordering task and are correctly categorized."
longmemeval::gpt4_7bc6cf22,longmemeval,How many days ago did I read the March 15th issue of The New Yorker?,12 days ago. 13 days (including the last day) is also acceptable.,expanded_union:codex_assisted_llm,false,duration,duration,fact_9a6659cf109fcca3,fact_9a6659cf109fcca3,,,True,True,True,True,,high,True,False,"The gold fact directly states the user read the March 15, 2023, issue on March 20, 2023, enabling a 5-day interval calculation. No conflicting facts exist for the same event with a different date. Other facts are irrelevant to the reading date. Duration is correct as the question asks for elapsed days."
longmemeval::gpt4_7ca326fa,longmemeval,"Who graduated first, second and third among Emma, Rachel and Alex?","Emma graduated first, followed by Rachel and then Alex.",mixed_method_outcomes,false,ordering,ordering,fact_5f9213a1a43ca46a;fact_7ea9df3d88a509c2;fact_84bcccd6805cfe68,fact_5f9213a1a43ca46a;fact_7ea9df3d88a509c2;fact_84bcccd6805cfe68,,,True,True,True,True,,high,True,False,"Gold facts establish graduation dates for Emma (May 27), Alex (June 22 or July 1), and Rachel (June 21). The order is consistent with gold answer. No conflicting dates for the same person. No other facts contradict the sequence. All gold facts are relevant and directly support the order. No conflicts identified."
longmemeval::gpt4_7ddcf75f,longmemeval,How many days ago did I go on a whitewater rafting trip in the Oregon mountains?,3 days ago. 4 days (including the last day) is also acceptable.,expanded_union:codex_assisted_llm,false,duration,duration,fact_0c9844ad6e155c67,fact_0c9844ad6e155c67,,,True,True,True,True,,high,True,False,"The gold fact directly states the rafting trip occurred on June 17, 2023. Reference date is June 20, 2023, yielding 3 days ago. No conflicting date for the same event exists. Other facts are about plans, unrelated trips, or general intentions. Duration is appropriate as the question asks for elapsed days."
longmemeval::gpt4_7f6b06db,longmemeval,"What is the order of the three trips I took in the past three months, from earliest to latest?","I went on a day hike to Muir Woods National Monument with my family, then I went on a road trip with friends to Big Sur and Monterey, and finally I started my solo camping trip to Yosemite National Park.",expanded_union:codex_assisted_llm,false,ordering,ordering,fact_9fd75623cf6bfbcf;fact_a7b585d546327c3e;fact_c51308a414819423,fact_9fd75623cf6bfbcf;fact_a7b585d546327c3e;fact_c51308a414819423,fact_85eb1367f2bf119f,fact_85eb1367f2bf119f,True,True,True,True,,high,True,False,"Gold facts establish the correct chronological order: March 10 (Muir Woods), April 20 (Big Sur), May 15 (Yosemite). Fact_85eb1367f2bf119f conflicts by placing Yosemite before April 20, contradicting the gold answer. Other facts are irrelevant or non-conflicting. All IDs align with the ordering type."
longmemeval::gpt4_8279ba02,longmemeval,How many days ago did I buy a smoker?,10 days ago. 11 days (including the last day) is also acceptable.,expanded_union:codex_assisted_llm,false,duration,duration,fact_a01ac97dfea1aad9,fact_a01ac97dfea1aad9,,,True,True,True,True,,high,True,False,"The gold fact directly states the purchase date of the smoker (March 15, 2023), enabling calculation of days since purchase relative to reference date (March 25, 2023). No conflicting facts exist. All other facts are topically related but not temporally contradictory. Duration is correct as the question asks for elapsed days."
longmemeval::gpt4_8279ba03,longmemeval,What kitchen appliance did I buy 10 days ago?,a smoker,expanded_union:codex_assisted_llm,true,historical-state,historical-state,fact_cd6335bf6d8036bf,fact_cd6335bf6d8036bf,,,True,True,True,True,,high,True,False,"The gold fact directly states the purchase of a smoker on March 15, 2023, which aligns with '10 days ago' relative to the reference date. No conflicting facts about the appliance purchase exist. Other facts are topically related but not conflicting. The label 'historical-state' is appropriate for a single dated event with no comparison or arithmetic needed."
longmemeval::gpt4_85da3956,longmemeval,How many weeks ago did I attend the 'Summer Nights' festival at Universal Studios Hollywood?,3 weeks ago,expanded_union:codex_assisted_llm,false,duration,duration,fact_ce77b8e3339d3400,fact_ce77b8e3339d3400,,,True,True,True,True,,high,True,False,"Fact_ce77b8e3339d3400 directly states the visit was three weeks before July 15, 2023, aligning with the gold answer. No conflicting facts about the visit date exist. Other facts are either irrelevant or describe different events. Duration is appropriate as the question asks for elapsed time."
longmemeval::gpt4_8e165409,longmemeval,"How many days passed between the day I repotted the previous spider plant and the day I gave my neighbor, Mrs. Johnson, a few cuttings from my spider plant?",14 days. 15 days (including the last day) is also acceptable.,expanded_union:codex_assisted_llm,false,duration,duration,fact_88546275a3d52cde;fact_e602a0e26bad68ea,fact_88546275a3d52cde;fact_e602a0e26bad68ea,,,True,True,True,True,,high,True,False,"The two gold facts provide the repotting (March 4, 2023) and gifting (March 18, 2023) dates, enabling a 14-day duration calculation. No conflicting dates exist for the same events. All other facts are irrelevant to the temporal interval. The label 'duration' is correct."
longmemeval::gpt4_93159ced,longmemeval,How long have I been working before I started my current job at NovaTech?,4 years and 9 months,expanded_union:codex_assisted_llm,false,duration,duration,fact_30b18369699cdac5;fact_5623d5b50fc178f2,fact_30b18369699cdac5;fact_5623d5b50fc178f2,,,True,True,True,True,,high,True,False,"Gold facts provide total professional experience (9 years) and NovaTech tenure (4 years 3 months) as of reference date. The gold answer (4 years 9 months) requires subtracting NovaTech start from total experience, supported by these facts. No conflicting dates or states exist. All facts are temporally anchored to May 25, 2023. No other facts contradict the calculation."
longmemeval::gpt4_98f46fc6,longmemeval,"Which event did I participate in first, the charity gala or the charity bake sale?",I participated in the charity bake sale first.,expanded_union:codex_assisted_llm,true,ordering,ordering,fact_05f661c249474450;fact_6baf2dde7c8508ee;fact_f829a6a20d58b9e5,fact_05f661c249474450;fact_6baf2dde7c8508ee;fact_f829a6a20d58b9e5,,,True,True,True,True,,high,True,False,"Gold facts establish the bake sale (March 15, 2023) and gala (March 28, 2023) with prior evidence. The bake sale occurred before March 15, so it precedes the gala. No conflicting facts about event order exist. All gold facts are relevant and correctly ordered."
longmemeval::gpt4_a1b77f9c,longmemeval,How many weeks in total do I spent on reading 'The Nightingale' and listening to 'Sapiens: A Brief History of Humankind' and 'The Power'?,"2 weeks for 'The Nightingale', 4 weeks for 'Sapiens: A Brief History of Humankind', and 2 weeks for 'The Power', so a total of 8 weeks.",expanded_union:codex_assisted_llm,false,duration,duration,fact_30a1b47cbb1b4683;fact_803ce40645609ba8;fact_9db4bfbb1dd2b734;fact_b2add9adae328acd;fact_bbf02a51fd8a266c;fact_c6ec3fdd50419bf5,fact_30a1b47cbb1b4683;fact_803ce40645609ba8;fact_9db4bfbb1dd2b734;fact_b2add9adae328acd;fact_bbf02a51fd8a266c;fact_c6ec3fdd50419bf5,,,True,True,True,True,,high,True,False,"Gold facts provide start and end dates for each book, enabling duration calculation. No conflicting facts exist for the same target. The question requires interval arithmetic across three items, fitting 'duration'. All gold facts are relevant and correctly identified."
longmemeval::gpt4_a2d1d1f6,longmemeval,How many days ago did I harvest my first batch of fresh herbs from the herb garden kit?,3 days ago. 4 days (including the last day) is also acceptable.,expanded_union:codex_assisted_llm,false,duration,duration,fact_cd07720e06977e41,fact_cd07720e06977e41,,,True,True,True,True,,high,True,False,"The gold fact directly states the harvest date (April 15, 2023), enabling calculation of '3 days ago' relative to reference date (April 18, 2023). No conflicting dates exist. All other facts are topically related but not temporally conflicting. Duration is correct as the question requires interval arithmetic."
longmemeval::gpt4_af6db32f,longmemeval,How many days ago did I watch the Super Bowl?,17 days ago. 18 days (including the last day) is also acceptable.,expanded_union:codex_assisted_llm,true,duration,duration,fact_3de06030c62a7ede,fact_3de06030c62a7ede,,,True,True,True,True,,high,True,False,"The gold fact directly states the Super Bowl was watched on February 12, 2023, enabling a duration calculation to the reference date (March 1, 2023). No conflicting dates exist for the same event. Other facts are either irrelevant or describe different events. The duration type is appropriate."
longmemeval::gpt4_b0863698,longmemeval,How many days ago did I participate in the 5K charity run?,7 days ago. 8 days (including the last day) is also acceptable.,expanded_union:codex_assisted_llm,false,duration,duration,fact_6b7557a9c357e496,fact_6b7557a9c357e496,fact_3642cca6834c1789,fact_3642cca6834c1789,True,True,True,True,,high,True,False,"Fact_6b7557a9c357e496 directly states the 5K run occurred on March 19, 2023, enabling calculation of '7 days ago' from reference date 2023/03/26. Fact_3642cca6834c1789 conflicts by stating the run was 'before March 19, 2023', creating an incompatible date. Other facts are irrelevant or topical. Duration is correct as the question requires interval arithmetic."
longmemeval::gpt4_b4a80587,longmemeval,"Which event happened first, the road trip to the coast or the arrival of the new prime lens?",The arrival of the new prime lens,mixed_method_outcomes,false,ordering,ordering,fact_0d41988011de40c7;fact_100fe0c1cb83887b;fact_6a98b2664e6e53d7,fact_0d41988011de40c7;fact_100fe0c1cb83887b;fact_6a98b2664e6e53d7,,,True,True,True,True,,high,True,False,"Gold facts establish clear temporal order: lens purchase (May 23) after road trip (May 16) and coastal trip (recently, before May 23). No conflicting facts contradict the order. Fact_0d41988011de40c7 and fact_100fe0c1cb83887b both reference the coastal trip with overlapping timelines, but their relative order is consistent with the gold answer. Fact_caa0bbdb1128967a (April 2023) is irrelevant to the event sequence."
longmemeval::gpt4_b5700ca0,longmemeval,Where did I attend the religious activity last week?,the Episcopal Church,mixed_method_outcomes,false,current-vs-old,historical-state,fact_5753155e155bfb88,fact_5753155e155bfb88,,,False,True,True,True,,high,False,True,"The gold fact directly supports the answer: attending a Maundy Thursday service at an Episcopal Church on or before April 6, 2023, aligns with 'last week' relative to the reference date. No conflicting facts state the same event with a different location. Other facts are topically related but not relevant to the specific event. The question asks for a past location, fitting historical-state."
longmemeval::gpt4_b5700ca9,longmemeval,How many days ago did I attend the Maundy Thursday service at the Episcopal Church?,4 days.,expanded_union:codex_assisted_llm,false,duration,duration,fact_38142b6383a6fbb3,fact_38142b6383a6fbb3,,,True,True,True,True,,high,True,False,"The gold fact directly states the Maundy Thursday service was on April 6, 2023. Reference date is April 10, 2023, yielding a 4-day difference. No conflicting dates for the same event exist. All other facts are topically related but not temporally conflicting. Duration is the correct bucket."
longmemeval::gpt4_d6585ce8,longmemeval,"What is the order of the concerts and musical events I attended in the past two months, starting from the earliest?","The order of the concerts I attended is: 1. Billie Eilish concert at the Wells Fargo Center in Philly, 2. Free outdoor concert series in the park, 3. Music festival in Brooklyn, 4. Jazz night at a local bar, 5. Queen + Adam Lambert concert at the Prudential Center in Newark, NJ.",expanded_union:codex_assisted_llm,false,ordering,ordering,fact_0708cc9da96b9023;fact_753f99b5d8b2bd5c;fact_8aa3444555c48a48;fact_b428a39a7e6f3bbc;fact_cdb573a407ffea85,fact_0708cc9da96b9023;fact_753f99b5d8b2bd5c;fact_8aa3444555c48a48;fact_b428a39a7e6f3bbc;fact_cdb573a407ffea85,,,True,True,True,True,,high,True,False,"Gold facts cover all five events in correct chronological order. Fact_753f99b5d8b2bd5c (before April 1, 2023) and fact_8aa3444555c48a48 (March 18) are correctly ordered. No conflicting facts exist; all other facts are either irrelevant or express interest, not attendance. The proposed label 'ordering' is correct."
longmemeval::gpt4_d6585ce9,longmemeval,Who did I go with to the music event last Saturday?,my parents,mixed_method_outcomes,false,current-vs-old,current-vs-old,fact_7a7f561ebd16ee45,fact_7a7f561ebd16ee45,fact_1382b2352009bf45;fact_19590f98defc8542;fact_6ee069f297b09927;fact_78e97be6c7d9b492,fact_1382b2352009bf45;fact_19590f98defc8542;fact_6ee069f297b09927;fact_78e97be6c7d9b492,True,True,True,True,,high,True,False,"Fact_7a7f561ebd16ee45 directly supports the gold answer (parents) for last Saturday. The other four facts describe attending a music festival with friends before April 15, conflicting with the gold answer. All facts are temporally anchored and target the same event context. No additional gold or conflict facts are needed."
longmemeval::gpt4_e061b84f,longmemeval,"What is the order of the three sports events I participated in during the past month, from earliest to latest?","I first completed the Spring Sprint Triathlon, then took part in the Midsummer 5K Run, and finally participated in the company's annual charity soccer tournament.",expanded_union:codex_assisted_llm,false,ordering,ordering,fact_0d7cbd3496653494;fact_0f25212838f31029;fact_2d8a57e079a9d9dc,fact_0d7cbd3496653494;fact_0f25212838f31029;fact_2d8a57e079a9d9dc,,,True,True,True,True,,high,True,False,"Gold facts correctly identify the three events with their dates: Triathlon (June 2), 5K Run (June 10), and Soccer Tournament (June 17). No conflicting facts exist. All facts are relevant and support the correct order. No additional gold or conflict facts needed."
longmemeval::gpt4_e061b84g,longmemeval,I mentioned participating in a sports event two weeks ago. What was the event?,The company's annual charity soccer tournament.,expanded_union:codex_assisted_llm,false,historical-state,historical-state,fact_83818091d8df42be,fact_83818091d8df42be,,,True,True,True,True,,high,True,False,"The gold fact directly states participation in the annual charity soccer tournament on June 17, 2023, matching the gold answer. No conflicting facts assert a different event on the same date. Other facts are about planning, skills, or unrelated events. The temporal type 'historical-state' is appropriate for a single dated event with no comparison or arithmetic needed."
longmemeval::gpt4_e072b769,longmemeval,How many weeks ago did I start using the cashback app 'Ibotta'?,3 weeks ago,expanded_union:codex_assisted_llm,false,duration,duration,fact_3fb0e4b373709653,fact_3fb0e4b373709653,,,True,True,True,True,,high,True,False,"The gold fact directly states the user downloaded Ibotta on or before April 16, 2023. Reference date is May 6, 2023, yielding 3 weeks. No conflicting facts about Ibotta start date exist. Other facts are topical but not temporally relevant. Duration is correct; no conflicts or invalid IDs."
longmemeval::gpt4_e414231e,longmemeval,How many days passed between the day I fixed my mountain bike and the day I decided to upgrade my road bike's pedals?,4 days. 5 days (including the last day) is also acceptable.,expanded_union:codex_assisted_llm,false,duration,duration,fact_67d787b52e537969;fact_7a75d309bc230a41,fact_67d787b52e537969;fact_7a75d309bc230a41,,,True,True,True,True,,high,True,False,"The gold facts specify the repair date (March 15, 2023) and upgrade decision (March 19, 2023), enabling a 4-day interval calculation. No conflicting dates exist for these events. All other facts are irrelevant or non-temporal. The duration type is correct."
longmemeval::gpt4_e414231f,longmemeval,Which bike did I fixed or serviced the past weekend?,road bike,expanded_union:codex_assisted_llm,false,temporal-other,historical-state,fact_4de5056ebc4eb9d8;fact_66282f5ae16503e6;fact_738b825e176fa4c5;fact_88782c0159262ee2;fact_9e24c2c9f9020f49,fact_4de5056ebc4eb9d8;fact_66282f5ae16503e6;fact_738b825e176fa4c5;fact_88782c0159262ee2;fact_9e24c2c9f9020f49,fact_089112cc61593f9b;fact_74f0188e59573255;fact_917fa15fcb0b37dd,fact_089112cc61593f9b;fact_74f0188e59573255;fact_917fa15fcb0b37dd,False,True,True,True,,high,False,True,"Gold facts confirm the road bike's ownership and maintenance intent around the past weekend. Conflict facts involve mountain bike repairs, which are topically related but describe a different bike. No temporal reasoning beyond direct state lookup is needed. The proposed 'temporal-other' is incorrect; this is a historical-state case."
longmemeval::gpt4_ec93e27f,longmemeval,"Which mode of transport did I use most recently, a bus or a train?",train,high_heuristic_conflict,false,current-vs-old,current-vs-old,fact_497d764de3b6a5fc;fact_4fb6548ac3bcbbb4;fact_a1c7925413914498;fact_b3b0a52d9f902373,fact_497d764de3b6a5fc;fact_4fb6548ac3bcbbb4;fact_a1c7925413914498;fact_b3b0a52d9f902373,,fact_540a6dc3c7b2a337;fact_eb0dd9804eb0d9b9,True,True,False,True,,high,False,True,"Gold facts support recent train use and intent. Conflict facts show recent bus use and daily bus commute, contradicting 'train' as most recent. 'Recently' and 'today' references align with reference date. No additional valid conflicts beyond two. All facts are topically relevant and temporally anchored."
longmemeval::gpt4_f420262c,longmemeval,What is the order of airlines I flew with from earliest to latest before today?,"JetBlue, Delta, United, American Airlines",expanded_union:codex_assisted_llm,false,ordering,ordering,fact_0a539ad70c0200a5;fact_2637c426d3dbe961;fact_4e2aefd23ac17c58;fact_70a23fc2548e0b38,fact_0a539ad70c0200a5;fact_2637c426d3dbe961;fact_4e2aefd23ac17c58;fact_70a23fc2548e0b38,,,True,True,True,True,,high,True,False,"Gold facts establish flight dates for United (Jan 28, 2023), American (Feb 10, 2022), JetBlue (before Nov 17, 2022), and Delta (Jan 15, 2023). These support the correct order. No conflicting facts about the same flights with different dates exist. The proposed ordering type is correct."
longmemeval::gpt4_f420262d,longmemeval,What was the airline that I flied with on Valentine's day?,American Airlines,expanded_union:codex_assisted_llm,true,historical-state,historical-state,fact_9b397ed7bdd1fc00,fact_9b397ed7bdd1fc00,fact_531e32c612001feb;fact_80ab885129d65ebf,fact_531e32c612001feb;fact_80ab885129d65ebf,True,True,True,True,,high,True,False,"Fact_9b397ed7bdd1fc00 confirms a flight on American Airlines before Feb 14, 2023, supporting the gold answer. Facts_531e32c612001feb and 80ab885129d65ebf describe Delta and JetBlue flights on Feb 14, 2023, conflicting on airline. No other facts directly contradict the gold answer. All IDs are valid and consistent with historical-state classification."
longmemeval::gpt4_f49edff3,longmemeval,"Which three events happened in the order from first to last: the day I helped my friend prepare the nursery, the day I helped my cousin pick out stuff for her baby shower, and the day I ordered a customized phone case for my friend's birthday?","First, I helped my friend prepare the nursery, then I helped my cousin pick out stuff for her baby shower, and lastly, I ordered a customized phone case for my friend's birthday.",expanded_union:codex_assisted_llm,true,ordering,ordering,fact_46454f79997360be;fact_db0636bfada1dc6a;fact_fbf8a4ab3c2c28c1,fact_46454f79997360be;fact_db0636bfada1dc6a;fact_fbf8a4ab3c2c28c1,,,True,True,True,True,,high,True,False,"The three gold facts provide clear, non-overlapping dates for the three events in the correct order: Feb 5 (nursery), Feb 10 (cousin), Feb 20 (phone case). No conflicting facts exist for the same events with incompatible dates. All facts are relevant and directly support the temporal order. No additional gold or conflict facts are needed."
longmemeval::gpt4_fa19884c,longmemeval,How many days passed between the day I started playing along to my favorite songs on my old keyboard and the day I discovered a bluegrass band?,6 days. 7 days (including the last day) is also acceptable.,expanded_union:codex_assisted_llm,false,duration,duration,fact_2874cfc00dd5a8f9;fact_708ccd7b971caf61,fact_2874cfc00dd5a8f9;fact_708ccd7b971caf61,,,True,True,True,True,,high,True,False,"The gold facts establish the start (March 25, 2023) and discovery (March 31, 2023) dates. The 6-day interval matches the gold answer. No conflicting facts about the same events exist. All facts are relevant and correctly classified."
longmemeval::gpt4_fa19884d,longmemeval,What is the artist that I started to listen to last Friday?,a bluegrass band that features a banjo player,mixed_method_outcomes,false,current-vs-old,current-vs-old,fact_b0794466f8d3b712,fact_b0794466f8d3b712,fact_2dca0f7fcffc2c2e;fact_5b4226e6c4772ad7;fact_bc6dcacee4639f90,fact_2dca0f7fcffc2c2e;fact_5b4226e6c4772ad7;fact_bc6dcacee4639f90,True,True,True,True,,high,True,False,"The gold fact (fact_b0794466f8d3b712) directly supports the gold answer: starting to listen to a bluegrass band with a banjo player on March 31, 2023. The conflict facts (2dca0f7fcffc2c2e, 5b4226e6c4772ad7, bc6dcacee4639f90) all describe music-related activities on March 25, 2023, which is prior to the target date and involve different musical interests, creating a contrast with the current state. The temporal type 'current-vs-old' is appropriate as the question asks about a recent change in listening habits."
