qid,cutoff,judge_arm,question_type,question,gold_answer,generated_answer,correct_votes,majority_label
001be529,50,public,single-session-user,How long did I wait for the decision on my asylum application?,over a year,Over a year,3,CORRECT
001be529,50,strict,single-session-user,How long did I wait for the decision on my asylum application?,over a year,Over a year,3,CORRECT
001be529,200,public,single-session-user,How long did I wait for the decision on my asylum application?,over a year,Over a year,3,CORRECT
001be529,200,strict,single-session-user,How long did I wait for the decision on my asylum application?,over a year,Over a year,3,CORRECT
00ca467f,50,public,multi-session,How many doctor's appointments did I go to in March?,2,"1. March 3rd: Dr. Smith (bronchitis diagnosis)  
2. March 20th: Dr. Thompson (follow-up appointment)  
3. March 25th: Not an appointment, but start of physical therapy  
4. April 1st: Scheduled EMG test (not in March)  

Only two appointments occurred in March:  
- March 3rd with Dr. Smith  
- March 20th with Dr. Thompson  

Answer: 2 appointments",3,CORRECT
00ca467f,50,strict,multi-session,How many doctor's appointments did I go to in March?,2,"1. March 3rd: Dr. Smith (bronchitis diagnosis)  
2. March 20th: Dr. Thompson (follow-up appointment)  
3. March 25th: Not an appointment, but start of physical therapy  
4. April 1st: Scheduled EMG test (not in March)  

Only two appointments occurred in March:  
- March 3rd with Dr. Smith  
- March 20th with Dr. Thompson  

Answer: 2 appointments",3,CORRECT
00ca467f,200,public,multi-session,How many doctor's appointments did I go to in March?,2,"March 3, 20, and 25",0,WRONG
00ca467f,200,strict,multi-session,How many doctor's appointments did I go to in March?,2,"March 3, 20, and 25",0,WRONG
0100672e,50,public,multi-session,How much did I spend on each coffee mug for my coworkers?,$12,"$60 total, not per mug",0,WRONG
0100672e,50,strict,multi-session,How much did I spend on each coffee mug for my coworkers?,$12,"$60 total, not per mug",0,WRONG
0100672e,200,public,multi-session,How much did I spend on each coffee mug for my coworkers?,$12,"$60 total, but number of mugs not specified.",0,WRONG
0100672e,200,strict,multi-session,How much did I spend on each coffee mug for my coworkers?,$12,"$60 total, but number of mugs not specified.",0,WRONG
01493427,50,public,knowledge-update,How many new postcards have I added to my collection since I started collecting again?,25,8 postcards,0,WRONG
01493427,50,strict,knowledge-update,How many new postcards have I added to my collection since I started collecting again?,25,8 postcards,0,WRONG
01493427,200,public,knowledge-update,How many new postcards have I added to my collection since I started collecting again?,25,8 postcards,0,WRONG
01493427,200,strict,knowledge-update,How many new postcards have I added to my collection since I started collecting again?,25,8 postcards,0,WRONG
031748ae,50,public,knowledge-update,How many engineers do I lead when I just started my new role as Senior Software Engineer? How many engineers do I lead now?,"When you just started your new role as Senior Software Engineer, you led 4 engineers. Now, you lead 5 engineers","4 engineers, 5 engineers",3,CORRECT
031748ae,50,strict,knowledge-update,How many engineers do I lead when I just started my new role as Senior Software Engineer? How many engineers do I lead now?,"When you just started your new role as Senior Software Engineer, you led 4 engineers. Now, you lead 5 engineers","4 engineers, 5 engineers",3,CORRECT
031748ae,200,public,knowledge-update,How many engineers do I lead when I just started my new role as Senior Software Engineer? How many engineers do I lead now?,"When you just started your new role as Senior Software Engineer, you led 4 engineers. Now, you lead 5 engineers","4 engineers, 5 engineers",3,CORRECT
031748ae,200,strict,knowledge-update,How many engineers do I lead when I just started my new role as Senior Software Engineer? How many engineers do I lead now?,"When you just started your new role as Senior Software Engineer, you led 4 engineers. Now, you lead 5 engineers","4 engineers, 5 engineers",3,CORRECT
031748ae_abs,50,public,knowledge-update,How many engineers do I lead when I just started my new role as Software Engineer Manager?,The information provided is not enough. You mentioned starting the role as Senior Software Engineer but not Software Engineer Manager.,5 engineers,0,WRONG
031748ae_abs,50,strict,knowledge-update,How many engineers do I lead when I just started my new role as Software Engineer Manager?,The information provided is not enough. You mentioned starting the role as Senior Software Engineer but not Software Engineer Manager.,5 engineers,0,WRONG
031748ae_abs,200,public,knowledge-update,How many engineers do I lead when I just started my new role as Software Engineer Manager?,The information provided is not enough. You mentioned starting the role as Senior Software Engineer but not Software Engineer Manager.,5 engineers,0,WRONG
031748ae_abs,200,strict,knowledge-update,How many engineers do I lead when I just started my new role as Software Engineer Manager?,The information provided is not enough. You mentioned starting the role as Senior Software Engineer but not Software Engineer Manager.,5 engineers,0,WRONG
06878be2,50,public,single-session-preference,Can you suggest some accessories that would complement my current photography setup?,The user would prefer suggestions of Sony-compatible accessories or high-quality photography gear that can enhance their photography experience. They may not prefer suggestions of other brands' equipment or low-quality gear.,"Sony 24-70mm f/2.8 lens, Godox V1 flash, Gitzo tripod, G-Lock Ultra system, external battery packs, lens cleaning tools, camera bag, case/pouch for Godox V1.",3,CORRECT
06878be2,50,strict,single-session-preference,Can you suggest some accessories that would complement my current photography setup?,The user would prefer suggestions of Sony-compatible accessories or high-quality photography gear that can enhance their photography experience. They may not prefer suggestions of other brands' equipment or low-quality gear.,"Sony 24-70mm f/2.8 lens, Godox V1 flash, Gitzo tripod, G-Lock Ultra system, external battery packs, lens cleaning tools, camera bag, case/pouch for Godox V1.",3,CORRECT
06878be2,200,public,single-session-preference,Can you suggest some accessories that would complement my current photography setup?,The user would prefer suggestions of Sony-compatible accessories or high-quality photography gear that can enhance their photography experience. They may not prefer suggestions of other brands' equipment or low-quality gear.,"Sony 24-70mm f/2.8 lens, Godox V1 flash, Gitzo tripod",3,CORRECT
06878be2,200,strict,single-session-preference,Can you suggest some accessories that would complement my current photography setup?,The user would prefer suggestions of Sony-compatible accessories or high-quality photography gear that can enhance their photography experience. They may not prefer suggestions of other brands' equipment or low-quality gear.,"Sony 24-70mm f/2.8 lens, Godox V1 flash, Gitzo tripod",3,CORRECT
06db6396,50,public,knowledge-update,How many projects have I completed since starting painting classes?,5,4 projects,0,WRONG
06db6396,50,strict,knowledge-update,How many projects have I completed since starting painting classes?,5,4 projects,0,WRONG
06db6396,200,public,knowledge-update,How many projects have I completed since starting painting classes?,5,4 projects,0,WRONG
06db6396,200,strict,knowledge-update,How many projects have I completed since starting painting classes?,5,4 projects,0,WRONG
06f04340,50,public,single-session-preference,What should I serve for dinner this weekend with my homegrown ingredients?,"The user would prefer dinner suggestions that incorporate their homegrown cherry tomatoes and herbs like basil and mint, highlighting recipes that showcase their garden produce. They might not prefer suggestions that do not utilize these specific ingredients or do not emphasize the use of homegrown elements.",Grilled chicken with fresh herbs and vegetables,3,CORRECT
06f04340,50,strict,single-session-preference,What should I serve for dinner this weekend with my homegrown ingredients?,"The user would prefer dinner suggestions that incorporate their homegrown cherry tomatoes and herbs like basil and mint, highlighting recipes that showcase their garden produce. They might not prefer suggestions that do not utilize these specific ingredients or do not emphasize the use of homegrown elements.",Grilled chicken with fresh herbs and vegetables,0,WRONG
06f04340,200,public,single-session-preference,What should I serve for dinner this weekend with my homegrown ingredients?,"The user would prefer dinner suggestions that incorporate their homegrown cherry tomatoes and herbs like basil and mint, highlighting recipes that showcase their garden produce. They might not prefer suggestions that do not utilize these specific ingredients or do not emphasize the use of homegrown elements.",Grilled chicken with fresh herbs and vegetables,3,CORRECT
06f04340,200,strict,single-session-preference,What should I serve for dinner this weekend with my homegrown ingredients?,"The user would prefer dinner suggestions that incorporate their homegrown cherry tomatoes and herbs like basil and mint, highlighting recipes that showcase their garden produce. They might not prefer suggestions that do not utilize these specific ingredients or do not emphasize the use of homegrown elements.",Grilled chicken with fresh herbs and vegetables,0,WRONG
07741c44,50,public,knowledge-update,Where do I initially keep my old sneakers?,under my bed,Under the bed,3,CORRECT
07741c44,50,strict,knowledge-update,Where do I initially keep my old sneakers?,under my bed,Under the bed,3,CORRECT
07741c44,200,public,knowledge-update,Where do I initially keep my old sneakers?,under my bed,Under the bed,3,CORRECT
07741c44,200,strict,knowledge-update,Where do I initially keep my old sneakers?,under my bed,Under the bed,3,CORRECT
07741c45,50,public,knowledge-update,Where do I currently keep my old sneakers?,in a shoe rack in my closet,Under the bed,0,WRONG
07741c45,50,strict,knowledge-update,Where do I currently keep my old sneakers?,in a shoe rack in my closet,Under the bed,0,WRONG
07741c45,200,public,knowledge-update,Where do I currently keep my old sneakers?,in a shoe rack in my closet,Under the bed,0,WRONG
07741c45,200,strict,knowledge-update,Where do I currently keep my old sneakers?,in a shoe rack in my closet,Under the bed,0,WRONG
078150f1,50,public,multi-session,How much more money did I raise than my initial goal in the charity cycling event?,$50,$200 more,0,WRONG
078150f1,50,strict,multi-session,How much more money did I raise than my initial goal in the charity cycling event?,$50,$200 more,0,WRONG
078150f1,200,public,multi-session,How much more money did I raise than my initial goal in the charity cycling event?,$50,"$200 raised, goal was $200, so $0 more.",0,WRONG
078150f1,200,strict,multi-session,How much more money did I raise than my initial goal in the charity cycling event?,$50,"$200 raised, goal was $200, so $0 more.",0,WRONG
07b6f563,50,public,single-session-preference,Can you suggest some useful accessories for my phone?,"The user would prefer suggestions of accessories that are compatible with an iPhone 13 Pro, such as high-quality screen protectors, durable cases, portable power banks, or phone wallet cases. They may not prefer suggestions of accessories that are not compatible with Apple products or do not enhance the functionality or protection of their phone.","iPhone 13 Pro case, screen protector, wireless charger",3,CORRECT
07b6f563,50,strict,single-session-preference,Can you suggest some useful accessories for my phone?,"The user would prefer suggestions of accessories that are compatible with an iPhone 13 Pro, such as high-quality screen protectors, durable cases, portable power banks, or phone wallet cases. They may not prefer suggestions of accessories that are not compatible with Apple products or do not enhance the functionality or protection of their phone.","iPhone 13 Pro case, screen protector, wireless charger",3,CORRECT
07b6f563,200,public,single-session-preference,Can you suggest some useful accessories for my phone?,"The user would prefer suggestions of accessories that are compatible with an iPhone 13 Pro, such as high-quality screen protectors, durable cases, portable power banks, or phone wallet cases. They may not prefer suggestions of accessories that are not compatible with Apple products or do not enhance the functionality or protection of their phone.",iPhone 13 Pro accessories,3,CORRECT
07b6f563,200,strict,single-session-preference,Can you suggest some useful accessories for my phone?,"The user would prefer suggestions of accessories that are compatible with an iPhone 13 Pro, such as high-quality screen protectors, durable cases, portable power banks, or phone wallet cases. They may not prefer suggestions of accessories that are not compatible with Apple products or do not enhance the functionality or protection of their phone.",iPhone 13 Pro accessories,0,WRONG
0862e8bf,50,public,single-session-user,What is the name of my cat?,Luna,Luna,3,CORRECT
0862e8bf,50,strict,single-session-user,What is the name of my cat?,Luna,Luna,3,CORRECT
0862e8bf,200,public,single-session-user,What is the name of my cat?,Luna,Luna,3,CORRECT
0862e8bf,200,strict,single-session-user,What is the name of my cat?,Luna,Luna,3,CORRECT
0862e8bf_abs,50,public,single-session-user,What is the name of my hamster?,You did not mention this information. You mentioned your cat Luna but not your hamster.,No information about a hamster.,3,CORRECT
0862e8bf_abs,50,strict,single-session-user,What is the name of my hamster?,You did not mention this information. You mentioned your cat Luna but not your hamster.,No information about a hamster.,3,CORRECT
0862e8bf_abs,200,public,single-session-user,What is the name of my hamster?,You did not mention this information. You mentioned your cat Luna but not your hamster.,The provided memories do not mention a hamster or its name.,3,CORRECT
0862e8bf_abs,200,strict,single-session-user,What is the name of my hamster?,You did not mention this information. You mentioned your cat Luna but not your hamster.,The provided memories do not mention a hamster or its name.,3,CORRECT
08e075c7,50,public,knowledge-update,How long have I been using my Fitbit Charge 3?,9 months,6 months,0,WRONG
08e075c7,50,strict,knowledge-update,How long have I been using my Fitbit Charge 3?,9 months,6 months,0,WRONG
08e075c7,200,public,knowledge-update,How long have I been using my Fitbit Charge 3?,9 months,6 months,0,WRONG
08e075c7,200,strict,knowledge-update,How long have I been using my Fitbit Charge 3?,9 months,6 months,0,WRONG
08f4fc43,50,public,temporal-reasoning,How many days had passed between the Sunday mass at St. Mary's Church and the Ash Wednesday service at the cathedral?,30 days. 31 days (including the last day) is also acceptable.,"1. Identify the dates of the two events:
   - Sunday mass at St. Mary's Church: January 2nd (from memory 2: 2023-02-20 07:11:00)
   - Ash Wednesday service at the cathedral: February 1st, 2026 (from memory 1: 2023-02-20 12:32:00)

2. Note: The Ash Wednesday service is scheduled for February 1st, 2026 — this is in the future relative to the current reference date of February 20, 2023.

3. The question asks for the number of days between January 2nd (2023) and February 1st (2026).

4. Calculate the days:
   - From January 2, 2023, to January 2, 2026: 3 years = 3 × 365 = 1,095 days (plus 1 leap day in 2024) = 1,096 days
   - From January 2, 2026, to February 1, 2026: 30 days (January has 31 days, so 31 - 2 = 29 days from Jan 2 to Jan 31, plus 1 day in February = 30 days)

5. Total: 1,096 + 30 = 1,126 days

6. However, the question is asking for the number of days between the two events, and the Ash Wednesday service is in 2026, while the mass was in 2023.

7. But the memory timestamps are from February 20, 2023, and the Ash Wednesday service is listed as occurring on February 1st, 2026 — this is a future event.

8. The question is asking for the number of days between the two events as recorded in the memories.

9. Therefore, the correct calculation is from January 2, 2023, to February 1, 2026.

10. Final calculation:
   - 2023: 365 - 31 (Jan 1) = 334 days from",0,WRONG
08f4fc43,50,strict,temporal-reasoning,How many days had passed between the Sunday mass at St. Mary's Church and the Ash Wednesday service at the cathedral?,30 days. 31 days (including the last day) is also acceptable.,"1. Identify the dates of the two events:
   - Sunday mass at St. Mary's Church: January 2nd (from memory 2: 2023-02-20 07:11:00)
   - Ash Wednesday service at the cathedral: February 1st, 2026 (from memory 1: 2023-02-20 12:32:00)

2. Note: The Ash Wednesday service is scheduled for February 1st, 2026 — this is in the future relative to the current reference date of February 20, 2023.

3. The question asks for the number of days between January 2nd (2023) and February 1st (2026).

4. Calculate the days:
   - From January 2, 2023, to January 2, 2026: 3 years = 3 × 365 = 1,095 days (plus 1 leap day in 2024) = 1,096 days
   - From January 2, 2026, to February 1, 2026: 30 days (January has 31 days, so 31 - 2 = 29 days from Jan 2 to Jan 31, plus 1 day in February = 30 days)

5. Total: 1,096 + 30 = 1,126 days

6. However, the question is asking for the number of days between the two events, and the Ash Wednesday service is in 2026, while the mass was in 2023.

7. But the memory timestamps are from February 20, 2023, and the Ash Wednesday service is listed as occurring on February 1st, 2026 — this is a future event.

8. The question is asking for the number of days between the two events as recorded in the memories.

9. Therefore, the correct calculation is from January 2, 2023, to February 1, 2026.

10. Final calculation:
   - 2023: 365 - 31 (Jan 1) = 334 days from",0,WRONG
08f4fc43,200,public,temporal-reasoning,How many days had passed between the Sunday mass at St. Mary's Church and the Ash Wednesday service at the cathedral?,30 days. 31 days (including the last day) is also acceptable.,10 days,0,WRONG
08f4fc43,200,strict,temporal-reasoning,How many days had passed between the Sunday mass at St. Mary's Church and the Ash Wednesday service at the cathedral?,30 days. 31 days (including the last day) is also acceptable.,10 days,0,WRONG
0977f2af,50,public,knowledge-update,What new kitchen gadget did I invest in before getting the Air Fryer?,Instant Pot,Instant Pot,3,CORRECT
0977f2af,50,strict,knowledge-update,What new kitchen gadget did I invest in before getting the Air Fryer?,Instant Pot,Instant Pot,3,CORRECT
0977f2af,200,public,knowledge-update,What new kitchen gadget did I invest in before getting the Air Fryer?,Instant Pot,Pressure cooker,3,CORRECT
0977f2af,200,strict,knowledge-update,What new kitchen gadget did I invest in before getting the Air Fryer?,Instant Pot,Pressure cooker,3,CORRECT
099778bb,50,public,multi-session,What percentage of leadership positions do women hold in the my company?,20%,20%,3,CORRECT
099778bb,50,strict,multi-session,What percentage of leadership positions do women hold in the my company?,20%,20%,3,CORRECT
099778bb,200,public,multi-session,What percentage of leadership positions do women hold in the my company?,20%,20%,3,CORRECT
099778bb,200,strict,multi-session,What percentage of leadership positions do women hold in the my company?,20%,20%,3,CORRECT
09ba9854,50,public,multi-session,How much will I save by taking the train from the airport to my hotel instead of a taxi?,$50,$60,0,WRONG
09ba9854,50,strict,multi-session,How much will I save by taking the train from the airport to my hotel instead of a taxi?,$50,$60,0,WRONG
09ba9854,200,public,multi-session,How much will I save by taking the train from the airport to my hotel instead of a taxi?,$50,No cost information for train available.,0,WRONG
09ba9854,200,strict,multi-session,How much will I save by taking the train from the airport to my hotel instead of a taxi?,$50,No cost information for train available.,0,WRONG
09ba9854_abs,50,public,multi-session,How much will I save by taking the bus from the airport to my hotel instead of a taxi?,The information provided is not enough. You did not mention how much will the bus take.,$30,0,WRONG
09ba9854_abs,50,strict,multi-session,How much will I save by taking the bus from the airport to my hotel instead of a taxi?,The information provided is not enough. You did not mention how much will the bus take.,$30,0,WRONG
09ba9854_abs,200,public,multi-session,How much will I save by taking the bus from the airport to my hotel instead of a taxi?,The information provided is not enough. You did not mention how much will the bus take.,$30,0,WRONG
09ba9854_abs,200,strict,multi-session,How much will I save by taking the bus from the airport to my hotel instead of a taxi?,The information provided is not enough. You did not mention how much will the bus take.,$30,0,WRONG
09d032c9,50,public,single-session-preference,I've been having trouble with the battery life on my phone lately. Any tips?,"The user would prefer responses that build upon their previous mention of purchasing a portable power bank, such as suggestions on how to optimize its use, like ensuring it's fully charged before use. They might also appreciate tips on utilizing battery-saving features on their phone. The user may not prefer responses that suggest alternative solutions or unrelated advice.",No relevant memory about phone battery life.,0,WRONG
09d032c9,50,strict,single-session-preference,I've been having trouble with the battery life on my phone lately. Any tips?,"The user would prefer responses that build upon their previous mention of purchasing a portable power bank, such as suggestions on how to optimize its use, like ensuring it's fully charged before use. They might also appreciate tips on utilizing battery-saving features on their phone. The user may not prefer responses that suggest alternative solutions or unrelated advice.",No relevant memory about phone battery life.,0,WRONG
09d032c9,200,public,single-session-preference,I've been having trouble with the battery life on my phone lately. Any tips?,"The user would prefer responses that build upon their previous mention of purchasing a portable power bank, such as suggestions on how to optimize its use, like ensuring it's fully charged before use. They might also appreciate tips on utilizing battery-saving features on their phone. The user may not prefer responses that suggest alternative solutions or unrelated advice.",No relevant tips in memories.,0,WRONG
09d032c9,200,strict,single-session-preference,I've been having trouble with the battery life on my phone lately. Any tips?,"The user would prefer responses that build upon their previous mention of purchasing a portable power bank, such as suggestions on how to optimize its use, like ensuring it's fully charged before use. They might also appreciate tips on utilizing battery-saving features on their phone. The user may not prefer responses that suggest alternative solutions or unrelated advice.",No relevant tips in memories.,0,WRONG
0a34ad58,50,public,single-session-preference,I’m a bit anxious about getting around Tokyo. Do you have any helpful tips?,"The user would prefer responses that utilize their existing resources, such as their Suica card and TripIt app, to provide personalized tips for navigating Tokyo's public transportation. They might not prefer general tips or recommendations that do not take into account their prior preparations.","Use Suica card, plan routes via TripIt, and take the train from Narita to Shinjuku.",3,CORRECT
0a34ad58,50,strict,single-session-preference,I’m a bit anxious about getting around Tokyo. Do you have any helpful tips?,"The user would prefer responses that utilize their existing resources, such as their Suica card and TripIt app, to provide personalized tips for navigating Tokyo's public transportation. They might not prefer general tips or recommendations that do not take into account their prior preparations.","Use Suica card, plan routes via TripIt, and take the train from Narita to Shinjuku.",3,CORRECT
0a34ad58,200,public,single-session-preference,I’m a bit anxious about getting around Tokyo. Do you have any helpful tips?,"The user would prefer responses that utilize their existing resources, such as their Suica card and TripIt app, to provide personalized tips for navigating Tokyo's public transportation. They might not prefer general tips or recommendations that do not take into account their prior preparations.","Use Suica card, plan routes via TripIt, stay organized.",3,CORRECT
0a34ad58,200,strict,single-session-preference,I’m a bit anxious about getting around Tokyo. Do you have any helpful tips?,"The user would prefer responses that utilize their existing resources, such as their Suica card and TripIt app, to provide personalized tips for navigating Tokyo's public transportation. They might not prefer general tips or recommendations that do not take into account their prior preparations.","Use Suica card, plan routes via TripIt, stay organized.",3,CORRECT
0a995998,50,public,multi-session,How many items of clothing do I need to pick up or return from a store?,3,2 items,0,WRONG
0a995998,50,strict,multi-session,How many items of clothing do I need to pick up or return from a store?,3,2 items,0,WRONG
0a995998,200,public,multi-session,How many items of clothing do I need to pick up or return from a store?,3,3 items,3,CORRECT
0a995998,200,strict,multi-session,How many items of clothing do I need to pick up or return from a store?,3,3 items,3,CORRECT
0bb5a684,50,public,temporal-reasoning,How many days before the team meeting I was preparing for did I attend the workshop on 'Effective Communication in the Workplace'?,7 days. 8 days (including the last day) is also acceptable.,3 days before,0,WRONG
0bb5a684,50,strict,temporal-reasoning,How many days before the team meeting I was preparing for did I attend the workshop on 'Effective Communication in the Workplace'?,7 days. 8 days (including the last day) is also acceptable.,3 days before,0,WRONG
0bb5a684,200,public,temporal-reasoning,How many days before the team meeting I was preparing for did I attend the workshop on 'Effective Communication in the Workplace'?,7 days. 8 days (including the last day) is also acceptable.,"January 10 to January 17 is 7 days.  
Answer: 7 days",3,CORRECT
0bb5a684,200,strict,temporal-reasoning,How many days before the team meeting I was preparing for did I attend the workshop on 'Effective Communication in the Workplace'?,7 days. 8 days (including the last day) is also acceptable.,"January 10 to January 17 is 7 days.  
Answer: 7 days",3,CORRECT
0bc8ad92,50,public,temporal-reasoning,How many months have passed since I last visited a museum with a friend?,5,3 months,0,WRONG
0bc8ad92,50,strict,temporal-reasoning,How many months have passed since I last visited a museum with a friend?,5,3 months,0,WRONG
0bc8ad92,200,public,temporal-reasoning,How many months have passed since I last visited a museum with a friend?,5,3 months,0,WRONG
0bc8ad92,200,strict,temporal-reasoning,How many months have passed since I last visited a museum with a friend?,5,3 months,0,WRONG
0bc8ad93,50,public,temporal-reasoning,I mentioned visiting a museum two months ago. Did I visit with a friend or not?,"No, you did not visit with a friend.",Visited with a friend,0,WRONG
0bc8ad93,50,strict,temporal-reasoning,I mentioned visiting a museum two months ago. Did I visit with a friend or not?,"No, you did not visit with a friend.",Visited with a friend,0,WRONG
0bc8ad93,200,public,temporal-reasoning,I mentioned visiting a museum two months ago. Did I visit with a friend or not?,"No, you did not visit with a friend.",Visited with a friend,0,WRONG
0bc8ad93,200,strict,temporal-reasoning,I mentioned visiting a museum two months ago. Did I visit with a friend or not?,"No, you did not visit with a friend.",Visited with a friend,0,WRONG
0db4c65d,50,public,temporal-reasoning,"How many days had passed since I finished reading 'The Seven Husbands of Evelyn Hugo' when I attended the book reading event at the local library, where the author of 'The Silent Patient' is discussing her latest thriller novel?",18 days. 19 days (including the last day) is also acceptable.,38 days,0,WRONG
0db4c65d,50,strict,temporal-reasoning,"How many days had passed since I finished reading 'The Seven Husbands of Evelyn Hugo' when I attended the book reading event at the local library, where the author of 'The Silent Patient' is discussing her latest thriller novel?",18 days. 19 days (including the last day) is also acceptable.,38 days,0,WRONG
0db4c65d,200,public,temporal-reasoning,"How many days had passed since I finished reading 'The Seven Husbands of Evelyn Hugo' when I attended the book reading event at the local library, where the author of 'The Silent Patient' is discussing her latest thriller novel?",18 days. 19 days (including the last day) is also acceptable.,38 days,0,WRONG
0db4c65d,200,strict,temporal-reasoning,"How many days had passed since I finished reading 'The Seven Husbands of Evelyn Hugo' when I attended the book reading event at the local library, where the author of 'The Silent Patient' is discussing her latest thriller novel?",18 days. 19 days (including the last day) is also acceptable.,38 days,0,WRONG
0ddfec37,50,public,knowledge-update,How many autographed baseballs have I added to my collection in the first three months of collection?,15,20 baseballs,0,WRONG
0ddfec37,50,strict,knowledge-update,How many autographed baseballs have I added to my collection in the first three months of collection?,15,20 baseballs,0,WRONG
0ddfec37,200,public,knowledge-update,How many autographed baseballs have I added to my collection in the first three months of collection?,15,20 autographed baseballs,0,WRONG
0ddfec37,200,strict,knowledge-update,How many autographed baseballs have I added to my collection in the first three months of collection?,15,20 autographed baseballs,0,WRONG
0ddfec37_abs,50,public,knowledge-update,How many autographed football have I added to my collection in the first three months of collection?,The information provided is not enough. You mentioned collecting autographed baseball but not football.,No autographed footballs mentioned.,3,CORRECT
0ddfec37_abs,50,strict,knowledge-update,How many autographed football have I added to my collection in the first three months of collection?,The information provided is not enough. You mentioned collecting autographed baseball but not football.,No autographed footballs mentioned.,3,CORRECT
0ddfec37_abs,200,public,knowledge-update,How many autographed football have I added to my collection in the first three months of collection?,The information provided is not enough. You mentioned collecting autographed baseball but not football.,No autographed footballs mentioned.,3,CORRECT
0ddfec37_abs,200,strict,knowledge-update,How many autographed football have I added to my collection in the first three months of collection?,The information provided is not enough. You mentioned collecting autographed baseball but not football.,No autographed footballs mentioned.,3,CORRECT
0e4e4c46,50,public,knowledge-update,What is my current highest score in Ticket to Ride?,132 points,124 points,0,WRONG
0e4e4c46,50,strict,knowledge-update,What is my current highest score in Ticket to Ride?,132 points,124 points,0,WRONG
0e4e4c46,200,public,knowledge-update,What is my current highest score in Ticket to Ride?,132 points,124 points,0,WRONG
0e4e4c46,200,strict,knowledge-update,What is my current highest score in Ticket to Ride?,132 points,124 points,0,WRONG
0e5e2d1a,50,public,single-session-assistant,"I wanted to follow up on our previous conversation about binaural beats for anxiety and depression. Can you remind me how many subjects were in the study published in the journal Music and Medicine that found significant reductions in symptoms of depression, anxiety, and stress?",38 subjects,No information available.,0,WRONG
0e5e2d1a,50,strict,single-session-assistant,"I wanted to follow up on our previous conversation about binaural beats for anxiety and depression. Can you remind me how many subjects were in the study published in the journal Music and Medicine that found significant reductions in symptoms of depression, anxiety, and stress?",38 subjects,No information available.,0,WRONG
0e5e2d1a,200,public,single-session-assistant,"I wanted to follow up on our previous conversation about binaural beats for anxiety and depression. Can you remind me how many subjects were in the study published in the journal Music and Medicine that found significant reductions in symptoms of depression, anxiety, and stress?",38 subjects,No information available.,0,WRONG
0e5e2d1a,200,strict,single-session-assistant,"I wanted to follow up on our previous conversation about binaural beats for anxiety and depression. Can you remind me how many subjects were in the study published in the journal Music and Medicine that found significant reductions in symptoms of depression, anxiety, and stress?",38 subjects,No information available.,0,WRONG
0ea62687,50,public,multi-session,How much more miles per gallon was my car getting a few months ago compared to now?,2,30 mpg (no current data),0,WRONG
0ea62687,50,strict,multi-session,How much more miles per gallon was my car getting a few months ago compared to now?,2,30 mpg (no current data),0,WRONG
0ea62687,200,public,multi-session,How much more miles per gallon was my car getting a few months ago compared to now?,2,30 mpg (no current data available),0,WRONG
0ea62687,200,strict,multi-session,How much more miles per gallon was my car getting a few months ago compared to now?,2,30 mpg (no current data available),0,WRONG
0edc2aef,50,public,single-session-preference,Can you suggest a hotel for my upcoming trip to Miami?,"The user would prefer suggestions of hotels in Miami that offer great views, possibly of the ocean or the city skyline, and have unique features such as a rooftop pool or a hot tub on the balcony. They may not prefer suggestions of basic or budget hotels without these features.",No relevant hotel information for Miami.,0,WRONG
0edc2aef,50,strict,single-session-preference,Can you suggest a hotel for my upcoming trip to Miami?,"The user would prefer suggestions of hotels in Miami that offer great views, possibly of the ocean or the city skyline, and have unique features such as a rooftop pool or a hot tub on the balcony. They may not prefer suggestions of basic or budget hotels without these features.",No relevant hotel information for Miami.,0,WRONG
0edc2aef,200,public,single-session-preference,Can you suggest a hotel for my upcoming trip to Miami?,"The user would prefer suggestions of hotels in Miami that offer great views, possibly of the ocean or the city skyline, and have unique features such as a rooftop pool or a hot tub on the balcony. They may not prefer suggestions of basic or budget hotels without these features.",No relevant hotel suggestions for Miami found.,0,WRONG
0edc2aef,200,strict,single-session-preference,Can you suggest a hotel for my upcoming trip to Miami?,"The user would prefer suggestions of hotels in Miami that offer great views, possibly of the ocean or the city skyline, and have unique features such as a rooftop pool or a hot tub on the balcony. They may not prefer suggestions of basic or budget hotels without these features.",No relevant hotel suggestions for Miami found.,0,WRONG
0f05491a,50,public,knowledge-update,How many stars do I need to reach the gold level on my Starbucks Rewards app?,120,120 stars,3,CORRECT
0f05491a,50,strict,knowledge-update,How many stars do I need to reach the gold level on my Starbucks Rewards app?,120,120 stars,3,CORRECT
0f05491a,200,public,knowledge-update,How many stars do I need to reach the gold level on my Starbucks Rewards app?,120,120 stars,3,CORRECT
0f05491a,200,strict,knowledge-update,How many stars do I need to reach the gold level on my Starbucks Rewards app?,120,120 stars,3,CORRECT
10d9b85a,50,public,multi-session,"How many days did I spend attending workshops, lectures, and conferences in April?",3 days,2 days,0,WRONG
10d9b85a,50,strict,multi-session,"How many days did I spend attending workshops, lectures, and conferences in April?",3 days,2 days,0,WRONG
10d9b85a,200,public,multi-session,"How many days did I spend attending workshops, lectures, and conferences in April?",3 days,2 days,0,WRONG
10d9b85a,200,strict,multi-session,"How many days did I spend attending workshops, lectures, and conferences in April?",3 days,2 days,0,WRONG
10e09553,50,public,knowledge-update,How many largemouth bass did I catch with Alex on the earlier fishing trip to Lake Michigan before the 7/22 trip?,7,7 largemouth bass,3,CORRECT
10e09553,50,strict,knowledge-update,How many largemouth bass did I catch with Alex on the earlier fishing trip to Lake Michigan before the 7/22 trip?,7,7 largemouth bass,3,CORRECT
10e09553,200,public,knowledge-update,How many largemouth bass did I catch with Alex on the earlier fishing trip to Lake Michigan before the 7/22 trip?,7,7 largemouth bass,3,CORRECT
10e09553,200,strict,knowledge-update,How many largemouth bass did I catch with Alex on the earlier fishing trip to Lake Michigan before the 7/22 trip?,7,7 largemouth bass,3,CORRECT
118b2229,50,public,single-session-user,How long is my daily commute to work?,45 minutes each way,45 minutes each way,3,CORRECT
118b2229,50,strict,single-session-user,How long is my daily commute to work?,45 minutes each way,45 minutes each way,3,CORRECT
118b2229,200,public,single-session-user,How long is my daily commute to work?,45 minutes each way,45 minutes each way,3,CORRECT
118b2229,200,strict,single-session-user,How long is my daily commute to work?,45 minutes each way,45 minutes each way,3,CORRECT
1192316e,50,public,multi-session,What is the total time it takes I to get ready and commute to work?,an hour and a half,"30 minutes commute + 1 hour getting ready = 90 minutes

Answer: 90 minutes",3,CORRECT
1192316e,50,strict,multi-session,What is the total time it takes I to get ready and commute to work?,an hour and a half,"30 minutes commute + 1 hour getting ready = 90 minutes

Answer: 90 minutes",3,CORRECT
1192316e,200,public,multi-session,What is the total time it takes I to get ready and commute to work?,an hour and a half,"30 minutes commute, 1 hour get ready → 1 hour 30 minutes",3,CORRECT
1192316e,200,strict,multi-session,What is the total time it takes I to get ready and commute to work?,an hour and a half,"30 minutes commute, 1 hour get ready → 1 hour 30 minutes",3,CORRECT
129d1232,50,public,multi-session,How much money did I raise in total through all the charity events I participated in?,"$5,850",$850,0,WRONG
129d1232,50,strict,multi-session,How much money did I raise in total through all the charity events I participated in?,"$5,850",$850,0,WRONG
129d1232,200,public,multi-session,How much money did I raise in total through all the charity events I participated in?,"$5,850","$850

Step-by-step reasoning:
1. Identify all memories related to charity events and the amounts raised:
   - Memory 1 (2023-05-01 10:43:00): ""Recently participated in a charity walk and raised $250""
   - Memory 2 (2023-05-01 20:25:30): ""Helped organize a charity yoga event that raised $600 for a local animal shelter""

2. Add the amounts raised:
   - $250 (charity walk) + $600 (charity yoga event) = $850

3. No other memories mention additional charity events or funds raised.

4. Therefore, the total amount raised is $850.",0,WRONG
129d1232,200,strict,multi-session,How much money did I raise in total through all the charity events I participated in?,"$5,850","$850

Step-by-step reasoning:
1. Identify all memories related to charity events and the amounts raised:
   - Memory 1 (2023-05-01 10:43:00): ""Recently participated in a charity walk and raised $250""
   - Memory 2 (2023-05-01 20:25:30): ""Helped organize a charity yoga event that raised $600 for a local animal shelter""

2. Add the amounts raised:
   - $250 (charity walk) + $600 (charity yoga event) = $850

3. No other memories mention additional charity events or funds raised.

4. Therefore, the total amount raised is $850.",0,WRONG
1568498a,50,public,single-session-assistant,"I'm looking back at our previous chess game and I was wondering, what was the move you made after 27. Kg2 Bd5+?",28. Kg3,28. Kf3,0,WRONG
1568498a,50,strict,single-session-assistant,"I'm looking back at our previous chess game and I was wondering, what was the move you made after 27. Kg2 Bd5+?",28. Kg3,28. Kf3,0,WRONG
1568498a,200,public,single-session-assistant,"I'm looking back at our previous chess game and I was wondering, what was the move you made after 27. Kg2 Bd5+?",28. Kg3,28. Kf3,0,WRONG
1568498a,200,strict,single-session-assistant,"I'm looking back at our previous chess game and I was wondering, what was the move you made after 27. Kg2 Bd5+?",28. Kg3,28. Kf3,0,WRONG
15745da0,50,public,single-session-user,How long have I been collecting vintage cameras?,three months,Three months,3,CORRECT
15745da0,50,strict,single-session-user,How long have I been collecting vintage cameras?,three months,Three months,3,CORRECT
15745da0,200,public,single-session-user,How long have I been collecting vintage cameras?,three months,Three months,3,CORRECT
15745da0,200,strict,single-session-user,How long have I been collecting vintage cameras?,three months,Three months,3,CORRECT
15745da0_abs,50,public,single-session-user,How long have I been collecting vintage films?,You did not mention this information. You mentioned collecting vintage cameras but not vintage films.,No information available.,3,CORRECT
15745da0_abs,50,strict,single-session-user,How long have I been collecting vintage films?,You did not mention this information. You mentioned collecting vintage cameras but not vintage films.,No information available.,3,CORRECT
15745da0_abs,200,public,single-session-user,How long have I been collecting vintage films?,You did not mention this information. You mentioned collecting vintage cameras but not vintage films.,"The memories do not mention collecting vintage films. The closest reference is to collecting vintage cameras, which has been ongoing for three months as of 2023-05-28. However, there is no information about collecting vintage films.

Answer: Not mentioned",3,CORRECT
15745da0_abs,200,strict,single-session-user,How long have I been collecting vintage films?,You did not mention this information. You mentioned collecting vintage cameras but not vintage films.,"The memories do not mention collecting vintage films. The closest reference is to collecting vintage cameras, which has been ongoing for three months as of 2023-05-28. However, there is no information about collecting vintage films.

Answer: Not mentioned",3,CORRECT
157a136e,50,public,multi-session,How many years older is my grandma than me?,43,"75 years old (grandma) - 30 years old (user) = 45 years older.

Answer: 45 years",0,WRONG
157a136e,50,strict,multi-session,How many years older is my grandma than me?,43,"75 years old (grandma) - 30 years old (user) = 45 years older.

Answer: 45 years",0,WRONG
157a136e,200,public,multi-session,How many years older is my grandma than me?,43,"75 years old  
(Grandma is 75, and the user is in their 30s, so 75 - 30 = 45 years older. But the question asks for the difference, and the only direct info is grandma's age. The user's age is not explicitly stated, but ""still getting used to being in their 30s"" implies they are in their 30s. The most accurate answer based on available data is that grandma is 75, and the user is in their 30s, so the difference is approximately 45 years. However, the answer must be less than 5-6 words. The only exact number given is 75. But the question is ""how many years older is my grandma than me?"" — the only number we have is grandma's age. We cannot calculate the difference without knowing the user's age. But the user says ""still getting used to being in their 30s"" and ""feels like just yesterday they were in their 20s"" — this suggests they are in their 30s. So, 75 - 30 = 45. But the answer must be concise. The only number we can extract is 75. But the question is about the difference. The only way to answer is to infer the difference. The most direct evidence is that grandma is 75, and the user is in their 30s. So the difference is 45 years. But the answer must be less than 5-6 words. So the answer is: 45 years older. But that's 4 words. However, the instruction says ""less than 5-6 words"" — so 45 years older is acceptable. But let's check if there's a better way. The user says ""thinking about grandma frequently, especially her energy and sharpness at 75 years old"" — so grandma is 75. The user says ""still getting used to being in their 30s"" — so they are in their 30s. So the difference is 45 years. So the answer is: 45 years older. But the instruction says ""less than 5-6 words"" — this is 4 words. So it's acceptable. But is there a more precise way? The user says ""feels like just yesterday they were in their 20s"" —",0,WRONG
157a136e,200,strict,multi-session,How many years older is my grandma than me?,43,"75 years old  
(Grandma is 75, and the user is in their 30s, so 75 - 30 = 45 years older. But the question asks for the difference, and the only direct info is grandma's age. The user's age is not explicitly stated, but ""still getting used to being in their 30s"" implies they are in their 30s. The most accurate answer based on available data is that grandma is 75, and the user is in their 30s, so the difference is approximately 45 years. However, the answer must be less than 5-6 words. The only exact number given is 75. But the question is ""how many years older is my grandma than me?"" — the only number we have is grandma's age. We cannot calculate the difference without knowing the user's age. But the user says ""still getting used to being in their 30s"" and ""feels like just yesterday they were in their 20s"" — this suggests they are in their 30s. So, 75 - 30 = 45. But the answer must be concise. The only number we can extract is 75. But the question is about the difference. The only way to answer is to infer the difference. The most direct evidence is that grandma is 75, and the user is in their 30s. So the difference is 45 years. But the answer must be less than 5-6 words. So the answer is: 45 years older. But that's 4 words. However, the instruction says ""less than 5-6 words"" — so 45 years older is acceptable. But let's check if there's a better way. The user says ""thinking about grandma frequently, especially her energy and sharpness at 75 years old"" — so grandma is 75. The user says ""still getting used to being in their 30s"" — so they are in their 30s. So the difference is 45 years. So the answer is: 45 years older. But the instruction says ""less than 5-6 words"" — this is 4 words. So it's acceptable. But is there a more precise way? The user says ""feels like just yesterday they were in their 20s"" —",0,WRONG
16c90bf4,50,public,single-session-assistant,"I'm looking back at our previous conversation about the Seco de Cordero recipe from Ancash. You mentioned using a light or medium-bodied beer, but I was wondering if you could remind me what type of beer you specifically recommended?",I recommended using a Pilsner or Lager for the recipe.,Pilsner beer,3,CORRECT
16c90bf4,50,strict,single-session-assistant,"I'm looking back at our previous conversation about the Seco de Cordero recipe from Ancash. You mentioned using a light or medium-bodied beer, but I was wondering if you could remind me what type of beer you specifically recommended?",I recommended using a Pilsner or Lager for the recipe.,Pilsner beer,3,CORRECT
16c90bf4,200,public,single-session-assistant,"I'm looking back at our previous conversation about the Seco de Cordero recipe from Ancash. You mentioned using a light or medium-bodied beer, but I was wondering if you could remind me what type of beer you specifically recommended?",I recommended using a Pilsner or Lager for the recipe.,Pilsner beer,3,CORRECT
16c90bf4,200,strict,single-session-assistant,"I'm looking back at our previous conversation about the Seco de Cordero recipe from Ancash. You mentioned using a light or medium-bodied beer, but I was wondering if you could remind me what type of beer you specifically recommended?",I recommended using a Pilsner or Lager for the recipe.,Pilsner beer,3,CORRECT
184da446,50,public,knowledge-update,How many pages of 'A Short History of Nearly Everything' have I read so far?,220,220 pages,3,CORRECT
184da446,50,strict,knowledge-update,How many pages of 'A Short History of Nearly Everything' have I read so far?,220,220 pages,3,CORRECT
184da446,200,public,knowledge-update,How many pages of 'A Short History of Nearly Everything' have I read so far?,220,220 pages,3,CORRECT
184da446,200,strict,knowledge-update,How many pages of 'A Short History of Nearly Everything' have I read so far?,220,220 pages,3,CORRECT
18bc8abd,50,public,knowledge-update,What brand of BBQ sauce am I currently obsessed with?,Kansas City Masterpiece,Kansas City Masterpiece,3,CORRECT
18bc8abd,50,strict,knowledge-update,What brand of BBQ sauce am I currently obsessed with?,Kansas City Masterpiece,Kansas City Masterpiece,3,CORRECT
18bc8abd,200,public,knowledge-update,What brand of BBQ sauce am I currently obsessed with?,Kansas City Masterpiece,Kansas City Masterpiece,3,CORRECT
18bc8abd,200,strict,knowledge-update,What brand of BBQ sauce am I currently obsessed with?,Kansas City Masterpiece,Kansas City Masterpiece,3,CORRECT
18dcd5a5,50,public,single-session-assistant,I'm going back to our previous chat about the Lost Temple of the Djinn one-shot. Can you remind me how many mummies the party will face in the temple?,4,No information available.,0,WRONG
18dcd5a5,50,strict,single-session-assistant,I'm going back to our previous chat about the Lost Temple of the Djinn one-shot. Can you remind me how many mummies the party will face in the temple?,4,No information available.,0,WRONG
18dcd5a5,200,public,single-session-assistant,I'm going back to our previous chat about the Lost Temple of the Djinn one-shot. Can you remind me how many mummies the party will face in the temple?,4,No information available.,0,WRONG
18dcd5a5,200,strict,single-session-assistant,I'm going back to our previous chat about the Lost Temple of the Djinn one-shot. Can you remind me how many mummies the party will face in the temple?,4,No information available.,0,WRONG
1903aded,50,public,single-session-assistant,I think we discussed work from home jobs for seniors earlier. Can you remind me what was the 7th job in the list you provided?,Transcriptionist.,No specific list of work-from-home jobs for seniors was provided.,3,CORRECT
1903aded,50,strict,single-session-assistant,I think we discussed work from home jobs for seniors earlier. Can you remind me what was the 7th job in the list you provided?,Transcriptionist.,No specific list of work-from-home jobs for seniors was provided.,0,WRONG
1903aded,200,public,single-session-assistant,I think we discussed work from home jobs for seniors earlier. Can you remind me what was the 7th job in the list you provided?,Transcriptionist.,No information about work-from-home jobs for seniors or a list of jobs is present in the provided memories.,3,CORRECT
1903aded,200,strict,single-session-assistant,I think we discussed work from home jobs for seniors earlier. Can you remind me what was the 7th job in the list you provided?,Transcriptionist.,No information about work-from-home jobs for seniors or a list of jobs is present in the provided memories.,0,WRONG
195a1a1b,50,public,single-session-preference,Can you suggest some activities that I can do in the evening?,"The user would prefer suggestions that involve relaxing activities that can be done in the evening, preferably before 9:30 pm. They would not prefer suggestions that involve using their phone or watching TV, as these activities have been affecting their sleep quality.","Evening activities: meditation, guided imagery, winding down by 9:30 pm, light reading, journaling.",3,CORRECT
195a1a1b,50,strict,single-session-preference,Can you suggest some activities that I can do in the evening?,"The user would prefer suggestions that involve relaxing activities that can be done in the evening, preferably before 9:30 pm. They would not prefer suggestions that involve using their phone or watching TV, as these activities have been affecting their sleep quality.","Evening activities: meditation, guided imagery, winding down by 9:30 pm, light reading, journaling.",3,CORRECT
195a1a1b,200,public,single-session-preference,Can you suggest some activities that I can do in the evening?,"The user would prefer suggestions that involve relaxing activities that can be done in the evening, preferably before 9:30 pm. They would not prefer suggestions that involve using their phone or watching TV, as these activities have been affecting their sleep quality.","Evening activities: meditation, journaling, gentle yoga, reading, or planning next day.",3,CORRECT
195a1a1b,200,strict,single-session-preference,Can you suggest some activities that I can do in the evening?,"The user would prefer suggestions that involve relaxing activities that can be done in the evening, preferably before 9:30 pm. They would not prefer suggestions that involve using their phone or watching TV, as these activities have been affecting their sleep quality.","Evening activities: meditation, journaling, gentle yoga, reading, or planning next day.",3,CORRECT
19b5f2b3,50,public,single-session-user,How long was I in Japan for?,two weeks,Two weeks,3,CORRECT
19b5f2b3,50,strict,single-session-user,How long was I in Japan for?,two weeks,Two weeks,3,CORRECT
19b5f2b3,200,public,single-session-user,How long was I in Japan for?,two weeks,Two weeks,3,CORRECT
19b5f2b3,200,strict,single-session-user,How long was I in Japan for?,two weeks,Two weeks,3,CORRECT
19b5f2b3_abs,50,public,single-session-user,How long was I in Korea for?,"You did not mention this information. You mentioned staying in Japan, but not in Korea.",No information about Korea trip duration.,3,CORRECT
19b5f2b3_abs,50,strict,single-session-user,How long was I in Korea for?,"You did not mention this information. You mentioned staying in Japan, but not in Korea.",No information about Korea trip duration.,3,CORRECT
19b5f2b3_abs,200,public,single-session-user,How long was I in Korea for?,"You did not mention this information. You mentioned staying in Japan, but not in Korea.","The memories do not contain any information about a trip to Korea. Therefore, the duration of a stay in Korea cannot be determined from the provided data.",3,CORRECT
19b5f2b3_abs,200,strict,single-session-user,How long was I in Korea for?,"You did not mention this information. You mentioned staying in Japan, but not in Korea.","The memories do not contain any information about a trip to Korea. Therefore, the duration of a stay in Korea cannot be determined from the provided data.",3,CORRECT
1a1907b4,50,public,single-session-preference,"I've been thinking about making a cocktail for an upcoming get-together, but I'm not sure which one to choose. Any suggestions?","Considering their mixology class background, the user would prefer cocktail suggestions that build upon their existing skills and interests, such as creative variations of classic cocktails or innovative twists on familiar flavors. They might appreciate recommendations that incorporate their experience with refreshing summer drinks like Pimm's Cup. The user would not prefer overly simplistic or basic cocktail recipes, and may not be interested in suggestions that don't take into account their mixology class background.",Pimm's Cup with a Twist,0,WRONG
1a1907b4,50,strict,single-session-preference,"I've been thinking about making a cocktail for an upcoming get-together, but I'm not sure which one to choose. Any suggestions?","Considering their mixology class background, the user would prefer cocktail suggestions that build upon their existing skills and interests, such as creative variations of classic cocktails or innovative twists on familiar flavors. They might appreciate recommendations that incorporate their experience with refreshing summer drinks like Pimm's Cup. The user would not prefer overly simplistic or basic cocktail recipes, and may not be interested in suggestions that don't take into account their mixology class background.",Pimm's Cup with a Twist,3,CORRECT
1a1907b4,200,public,single-session-preference,"I've been thinking about making a cocktail for an upcoming get-together, but I'm not sure which one to choose. Any suggestions?","Considering their mixology class background, the user would prefer cocktail suggestions that build upon their existing skills and interests, such as creative variations of classic cocktails or innovative twists on familiar flavors. They might appreciate recommendations that incorporate their experience with refreshing summer drinks like Pimm's Cup. The user would not prefer overly simplistic or basic cocktail recipes, and may not be interested in suggestions that don't take into account their mixology class background.",Pimm's Cup with a Twist,0,WRONG
1a1907b4,200,strict,single-session-preference,"I've been thinking about making a cocktail for an upcoming get-together, but I'm not sure which one to choose. Any suggestions?","Considering their mixology class background, the user would prefer cocktail suggestions that build upon their existing skills and interests, such as creative variations of classic cocktails or innovative twists on familiar flavors. They might appreciate recommendations that incorporate their experience with refreshing summer drinks like Pimm's Cup. The user would not prefer overly simplistic or basic cocktail recipes, and may not be interested in suggestions that don't take into account their mixology class background.",Pimm's Cup with a Twist,3,CORRECT
1a8a66a6,50,public,multi-session,How many magazine subscriptions do I currently have?,2,"The New Yorker, Architectural Digest",0,WRONG
1a8a66a6,50,strict,multi-session,How many magazine subscriptions do I currently have?,2,"The New Yorker, Architectural Digest",3,CORRECT
1a8a66a6,200,public,multi-session,How many magazine subscriptions do I currently have?,2,"2 (The New Yorker, Architectural Digest)",3,CORRECT
1a8a66a6,200,strict,multi-session,How many magazine subscriptions do I currently have?,2,"2 (The New Yorker, Architectural Digest)",3,CORRECT
1b9b7252,50,public,single-session-assistant,"I wanted to follow up on our previous conversation about mindfulness techniques. You mentioned some great resources for guided imagery exercises, can you remind me of the website that had free exercises like 'The Mountain Meditation' and 'The Body Scan Meditation'?",Mindful.org.,No specific website mentioned.,0,WRONG
1b9b7252,50,strict,single-session-assistant,"I wanted to follow up on our previous conversation about mindfulness techniques. You mentioned some great resources for guided imagery exercises, can you remind me of the website that had free exercises like 'The Mountain Meditation' and 'The Body Scan Meditation'?",Mindful.org.,No specific website mentioned.,0,WRONG
1b9b7252,200,public,single-session-assistant,"I wanted to follow up on our previous conversation about mindfulness techniques. You mentioned some great resources for guided imagery exercises, can you remind me of the website that had free exercises like 'The Mountain Meditation' and 'The Body Scan Meditation'?",Mindful.org.,No specific website mentioned.,0,WRONG
1b9b7252,200,strict,single-session-assistant,"I wanted to follow up on our previous conversation about mindfulness techniques. You mentioned some great resources for guided imagery exercises, can you remind me of the website that had free exercises like 'The Mountain Meditation' and 'The Body Scan Meditation'?",Mindful.org.,No specific website mentioned.,0,WRONG
1c0ddc50,50,public,single-session-preference,Can you suggest some activities I can do during my commute to work?,"The user would prefer suggestions related to listening to new podcasts or audiobooks, especially the genre beyond true crime or self-improvement, such as history. They may not be interested in activities that require visual attention, such as reading or watching videos, as they are commuting. The user would not prefer general podcast topics such as true crime or self-improvement, as the user wants to explore other topics.","Listen to podcasts, read, or meditate.",0,WRONG
1c0ddc50,50,strict,single-session-preference,Can you suggest some activities I can do during my commute to work?,"The user would prefer suggestions related to listening to new podcasts or audiobooks, especially the genre beyond true crime or self-improvement, such as history. They may not be interested in activities that require visual attention, such as reading or watching videos, as they are commuting. The user would not prefer general podcast topics such as true crime or self-improvement, as the user wants to explore other topics.","Listen to podcasts, read, or meditate.",0,WRONG
1c0ddc50,200,public,single-session-preference,Can you suggest some activities I can do during my commute to work?,"The user would prefer suggestions related to listening to new podcasts or audiobooks, especially the genre beyond true crime or self-improvement, such as history. They may not be interested in activities that require visual attention, such as reading or watching videos, as they are commuting. The user would not prefer general podcast topics such as true crime or self-improvement, as the user wants to explore other topics.","Listen to podcasts, read, or plan routes.",0,WRONG
1c0ddc50,200,strict,single-session-preference,Can you suggest some activities I can do during my commute to work?,"The user would prefer suggestions related to listening to new podcasts or audiobooks, especially the genre beyond true crime or self-improvement, such as history. They may not be interested in activities that require visual attention, such as reading or watching videos, as they are commuting. The user would not prefer general podcast topics such as true crime or self-improvement, as the user wants to explore other topics.","Listen to podcasts, read, or plan routes.",0,WRONG
1c549ce4,50,public,multi-session,What is the total cost of the car cover and detailing spray I purchased?,$140,$140,3,CORRECT
1c549ce4,50,strict,multi-session,What is the total cost of the car cover and detailing spray I purchased?,$140,$140,3,CORRECT
1c549ce4,200,public,multi-session,What is the total cost of the car cover and detailing spray I purchased?,$140,$140,3,CORRECT
1c549ce4,200,strict,multi-session,What is the total cost of the car cover and detailing spray I purchased?,$140,$140,3,CORRECT
1cea1afa,50,public,knowledge-update,How many Instagram followers do I currently have?,600,600 followers,3,CORRECT
1cea1afa,50,strict,knowledge-update,How many Instagram followers do I currently have?,600,600 followers,3,CORRECT
1cea1afa,200,public,knowledge-update,How many Instagram followers do I currently have?,600,600 followers,3,CORRECT
1cea1afa,200,strict,knowledge-update,How many Instagram followers do I currently have?,600,600 followers,3,CORRECT
1d4da289,50,public,single-session-assistant,I was thinking about our previous conversation about data privacy and security. You mentioned that companies use two-factor authentication to enhance security. Can you remind me what kind of two-factor authentication methods you were referring to?,I mentioned biometric authentication or one-time passwords (OTP) as examples of two-factor authentication methods.,No mention of two-factor authentication methods in the memories.,0,WRONG
1d4da289,50,strict,single-session-assistant,I was thinking about our previous conversation about data privacy and security. You mentioned that companies use two-factor authentication to enhance security. Can you remind me what kind of two-factor authentication methods you were referring to?,I mentioned biometric authentication or one-time passwords (OTP) as examples of two-factor authentication methods.,No mention of two-factor authentication methods in the memories.,0,WRONG
1d4da289,200,public,single-session-assistant,I was thinking about our previous conversation about data privacy and security. You mentioned that companies use two-factor authentication to enhance security. Can you remind me what kind of two-factor authentication methods you were referring to?,I mentioned biometric authentication or one-time passwords (OTP) as examples of two-factor authentication methods.,The memories do not mention any specific two-factor authentication methods.,0,WRONG
1d4da289,200,strict,single-session-assistant,I was thinking about our previous conversation about data privacy and security. You mentioned that companies use two-factor authentication to enhance security. Can you remind me what kind of two-factor authentication methods you were referring to?,I mentioned biometric authentication or one-time passwords (OTP) as examples of two-factor authentication methods.,The memories do not mention any specific two-factor authentication methods.,0,WRONG
1d4e3b97,50,public,single-session-preference,I noticed my bike seems to be performing even better during my Sunday group rides. Could there be a reason for this?,"The user would prefer responses that reference specific details from their previous interactions, such as the replacement of the bike's chain and cassette, and the use of a new Garmin bike computer. They might prefer explanations that connect these details to the observed improvement in bike performance. The user may not prefer responses that fail to acknowledge these specific details or provide vague, general explanations for the improvement.",New chain and cassette installed on February 1st,3,CORRECT
1d4e3b97,50,strict,single-session-preference,I noticed my bike seems to be performing even better during my Sunday group rides. Could there be a reason for this?,"The user would prefer responses that reference specific details from their previous interactions, such as the replacement of the bike's chain and cassette, and the use of a new Garmin bike computer. They might prefer explanations that connect these details to the observed improvement in bike performance. The user may not prefer responses that fail to acknowledge these specific details or provide vague, general explanations for the improvement.",New chain and cassette installed on February 1st,3,CORRECT
1d4e3b97,200,public,single-session-preference,I noticed my bike seems to be performing even better during my Sunday group rides. Could there be a reason for this?,"The user would prefer responses that reference specific details from their previous interactions, such as the replacement of the bike's chain and cassette, and the use of a new Garmin bike computer. They might prefer explanations that connect these details to the observed improvement in bike performance. The user may not prefer responses that fail to acknowledge these specific details or provide vague, general explanations for the improvement.",Chain and cassette replaced on February 1st.,3,CORRECT
1d4e3b97,200,strict,single-session-preference,I noticed my bike seems to be performing even better during my Sunday group rides. Could there be a reason for this?,"The user would prefer responses that reference specific details from their previous interactions, such as the replacement of the bike's chain and cassette, and the use of a new Garmin bike computer. They might prefer explanations that connect these details to the observed improvement in bike performance. The user may not prefer responses that fail to acknowledge these specific details or provide vague, general explanations for the improvement.",Chain and cassette replaced on February 1st.,3,CORRECT
1da05512,50,public,single-session-preference,I'm trying to decide whether to buy a NAS device now or wait. What do you think?,"The user would prefer responses that take into account their current home network storage capacity issues and recent reliance on external hard drives, highlighting the potential benefits of a NAS device in addressing these specific needs. They might not prefer responses that ignore their current storage challenges or fail to consider their recent tech upgrades and priorities. Preferred responses would utilize the user's previous mentions of storage capacity issues and tech investments to inform their decision.",Consider buying now for immediate storage needs.,0,WRONG
1da05512,50,strict,single-session-preference,I'm trying to decide whether to buy a NAS device now or wait. What do you think?,"The user would prefer responses that take into account their current home network storage capacity issues and recent reliance on external hard drives, highlighting the potential benefits of a NAS device in addressing these specific needs. They might not prefer responses that ignore their current storage challenges or fail to consider their recent tech upgrades and priorities. Preferred responses would utilize the user's previous mentions of storage capacity issues and tech investments to inform their decision.",Consider buying now for immediate storage needs.,0,WRONG
1da05512,200,public,single-session-preference,I'm trying to decide whether to buy a NAS device now or wait. What do you think?,"The user would prefer responses that take into account their current home network storage capacity issues and recent reliance on external hard drives, highlighting the potential benefits of a NAS device in addressing these specific needs. They might not prefer responses that ignore their current storage challenges or fail to consider their recent tech upgrades and priorities. Preferred responses would utilize the user's previous mentions of storage capacity issues and tech investments to inform their decision.",Consider buying now for immediate storage needs.,0,WRONG
1da05512,200,strict,single-session-preference,I'm trying to decide whether to buy a NAS device now or wait. What do you think?,"The user would prefer responses that take into account their current home network storage capacity issues and recent reliance on external hard drives, highlighting the potential benefits of a NAS device in addressing these specific needs. They might not prefer responses that ignore their current storage challenges or fail to consider their recent tech upgrades and priorities. Preferred responses would utilize the user's previous mentions of storage capacity issues and tech investments to inform their decision.",Consider buying now for immediate storage needs.,0,WRONG
1de5cff2,50,public,single-session-assistant,"I was going through our previous conversation about high-end fashion brands, and I was wondering if you could remind me of the brand that uses wild rubber sourced from the Amazon rainforest?",Veja,No mention of brand using Amazon wild rubber.,0,WRONG
1de5cff2,50,strict,single-session-assistant,"I was going through our previous conversation about high-end fashion brands, and I was wondering if you could remind me of the brand that uses wild rubber sourced from the Amazon rainforest?",Veja,No mention of brand using Amazon wild rubber.,0,WRONG
1de5cff2,200,public,single-session-assistant,"I was going through our previous conversation about high-end fashion brands, and I was wondering if you could remind me of the brand that uses wild rubber sourced from the Amazon rainforest?",Veja,No information about a brand using wild rubber from the Amazon rainforest.,3,CORRECT
1de5cff2,200,strict,single-session-assistant,"I was going through our previous conversation about high-end fashion brands, and I was wondering if you could remind me of the brand that uses wild rubber sourced from the Amazon rainforest?",Veja,No information about a brand using wild rubber from the Amazon rainforest.,0,WRONG
1e043500,50,public,single-session-user,What is the name of the playlist I created on Spotify?,Summer Vibes,Summer Vibes,3,CORRECT
1e043500,50,strict,single-session-user,What is the name of the playlist I created on Spotify?,Summer Vibes,Summer Vibes,3,CORRECT
1e043500,200,public,single-session-user,What is the name of the playlist I created on Spotify?,Summer Vibes,Summer Vibes,3,CORRECT
1e043500,200,strict,single-session-user,What is the name of the playlist I created on Spotify?,Summer Vibes,Summer Vibes,3,CORRECT
1f2b8d4f,50,public,multi-session,What is the difference in price between my luxury boots and the similar pair found at the budget store?,$750,$750,3,CORRECT
1f2b8d4f,50,strict,multi-session,What is the difference in price between my luxury boots and the similar pair found at the budget store?,$750,$750,3,CORRECT
1f2b8d4f,200,public,multi-session,What is the difference in price between my luxury boots and the similar pair found at the budget store?,$750,$750,3,CORRECT
1f2b8d4f,200,strict,multi-session,What is the difference in price between my luxury boots and the similar pair found at the budget store?,$750,$750,3,CORRECT
1faac195,50,public,single-session-user,Where does my sister Emily live?,Denver,Emily lives in San Francisco.,0,WRONG
1faac195,50,strict,single-session-user,Where does my sister Emily live?,Denver,Emily lives in San Francisco.,0,WRONG
1faac195,200,public,single-session-user,Where does my sister Emily live?,Denver,No information about Emily's residence.,3,CORRECT
1faac195,200,strict,single-session-user,Where does my sister Emily live?,Denver,No information about Emily's residence.,0,WRONG
2133c1b5,50,public,knowledge-update,How long have I been living in my current apartment in Harajuku?,3 months,One month,0,WRONG
2133c1b5,50,strict,knowledge-update,How long have I been living in my current apartment in Harajuku?,3 months,One month,0,WRONG
2133c1b5,200,public,knowledge-update,How long have I been living in my current apartment in Harajuku?,3 months,One month,0,WRONG
2133c1b5,200,strict,knowledge-update,How long have I been living in my current apartment in Harajuku?,3 months,One month,0,WRONG
2133c1b5_abs,50,public,knowledge-update,How long have I been living in my current apartment in Shinjuku?,The information provided is not enough. You mentioned living in Harajuku but not Shinjuku.,Not in memories.,3,CORRECT
2133c1b5_abs,50,strict,knowledge-update,How long have I been living in my current apartment in Shinjuku?,The information provided is not enough. You mentioned living in Harajuku but not Shinjuku.,Not in memories.,3,CORRECT
2133c1b5_abs,200,public,knowledge-update,How long have I been living in my current apartment in Shinjuku?,The information provided is not enough. You mentioned living in Harajuku but not Shinjuku.,3 months,0,WRONG
2133c1b5_abs,200,strict,knowledge-update,How long have I been living in my current apartment in Shinjuku?,The information provided is not enough. You mentioned living in Harajuku but not Shinjuku.,3 months,0,WRONG
21436231,50,public,single-session-user,How many largemouth bass did I catch on my fishing trip to Lake Michigan?,12,12 largemouth bass,3,CORRECT
21436231,50,strict,single-session-user,How many largemouth bass did I catch on my fishing trip to Lake Michigan?,12,12 largemouth bass,3,CORRECT
21436231,200,public,single-session-user,How many largemouth bass did I catch on my fishing trip to Lake Michigan?,12,12 largemouth bass,3,CORRECT
21436231,200,strict,single-session-user,How many largemouth bass did I catch on my fishing trip to Lake Michigan?,12,12 largemouth bass,3,CORRECT
21d02d0d,50,public,multi-session,How many fun runs did I miss in March due to work commitments?,2,Missed 2 fun runs in March due to work.,3,CORRECT
21d02d0d,50,strict,multi-session,How many fun runs did I miss in March due to work commitments?,2,Missed 2 fun runs in March due to work.,3,CORRECT
21d02d0d,200,public,multi-session,How many fun runs did I miss in March due to work commitments?,2,Missed 2 fun runs in March.,3,CORRECT
21d02d0d,200,strict,multi-session,How many fun runs did I miss in March due to work commitments?,2,Missed 2 fun runs in March.,3,CORRECT
22d2cb42,50,public,knowledge-update,Where did I get my guitar serviced?,The music shop on Main St.,No information available.,0,WRONG
22d2cb42,50,strict,knowledge-update,Where did I get my guitar serviced?,The music shop on Main St.,No information available.,0,WRONG
22d2cb42,200,public,knowledge-update,Where did I get my guitar serviced?,The music shop on Main St.,No information available.,0,WRONG
22d2cb42,200,strict,knowledge-update,Where did I get my guitar serviced?,The music shop on Main St.,No information available.,0,WRONG
2311e44b,50,public,multi-session,How many pages do I have left to read in 'The Nightingale'?,190,150 pages left,0,WRONG
2311e44b,50,strict,multi-session,How many pages do I have left to read in 'The Nightingale'?,190,150 pages left,0,WRONG
2311e44b,200,public,multi-session,How many pages do I have left to read in 'The Nightingale'?,190,150 pages left,0,WRONG
2311e44b,200,strict,multi-session,How many pages do I have left to read in 'The Nightingale'?,190,150 pages left,0,WRONG
2311e44b_abs,50,public,multi-session,How many pages do I have left to read in 'Sapiens'?,The information provided is not enough. You did not mention how many paged do you have left to read in 'Sapiens'.,Cannot determine pages left in 'Sapiens' as no information about the book's total pages or progress is provided.,3,CORRECT
2311e44b_abs,50,strict,multi-session,How many pages do I have left to read in 'Sapiens'?,The information provided is not enough. You did not mention how many paged do you have left to read in 'Sapiens'.,Cannot determine pages left in 'Sapiens' as no information about the book's total pages or progress is provided.,3,CORRECT
2311e44b_abs,200,public,multi-session,How many pages do I have left to read in 'Sapiens'?,The information provided is not enough. You did not mention how many paged do you have left to read in 'Sapiens'.,Cannot determine.,3,CORRECT
2311e44b_abs,200,strict,multi-session,How many pages do I have left to read in 'Sapiens'?,The information provided is not enough. You did not mention how many paged do you have left to read in 'Sapiens'.,Cannot determine.,3,CORRECT
2318644b,50,public,multi-session,How much more did I spend on accommodations per night in Hawaii compared to Tokyo?,$270,"$270

Step-by-step reasoning:
- In Hawaii (Maui), booked a luxurious resort for over $300 per night → use $300 as baseline.
- In Tokyo, stayed in a hostel for around $30 per night.
- Difference: $300 - $30 = $270.
- The question asks ""how much more,"" so the answer is $270.",3,CORRECT
2318644b,50,strict,multi-session,How much more did I spend on accommodations per night in Hawaii compared to Tokyo?,$270,"$270

Step-by-step reasoning:
- In Hawaii (Maui), booked a luxurious resort for over $300 per night → use $300 as baseline.
- In Tokyo, stayed in a hostel for around $30 per night.
- Difference: $300 - $30 = $270.
- The question asks ""how much more,"" so the answer is $270.",3,CORRECT
2318644b,200,public,multi-session,How much more did I spend on accommodations per night in Hawaii compared to Tokyo?,$270,$270,3,CORRECT
2318644b,200,strict,multi-session,How much more did I spend on accommodations per night in Hawaii compared to Tokyo?,$270,$270,3,CORRECT
25e5aa4f,50,public,single-session-user,Where did I complete my Bachelor's degree in Computer Science?,"University of California, Los Angeles (UCLA)",UCLA,3,CORRECT
25e5aa4f,50,strict,single-session-user,Where did I complete my Bachelor's degree in Computer Science?,"University of California, Los Angeles (UCLA)",UCLA,3,CORRECT
25e5aa4f,200,public,single-session-user,Where did I complete my Bachelor's degree in Computer Science?,"University of California, Los Angeles (UCLA)",UCLA,3,CORRECT
25e5aa4f,200,strict,single-session-user,Where did I complete my Bachelor's degree in Computer Science?,"University of California, Los Angeles (UCLA)",UCLA,3,CORRECT
2698e78f,50,public,knowledge-update,"How often do I see my therapist, Dr. Smith?",every week,Weekly,3,CORRECT
2698e78f,50,strict,knowledge-update,"How often do I see my therapist, Dr. Smith?",every week,Weekly,3,CORRECT
2698e78f,200,public,knowledge-update,"How often do I see my therapist, Dr. Smith?",every week,Weekly,3,CORRECT
2698e78f,200,strict,knowledge-update,"How often do I see my therapist, Dr. Smith?",every week,Weekly,3,CORRECT
2698e78f_abs,50,public,knowledge-update,How often do I see Dr. Johnson?,The information provided is not enough. You mentioned seeing Dr. Smith but not Dr. Johnson.,No information available.,3,CORRECT
2698e78f_abs,50,strict,knowledge-update,How often do I see Dr. Johnson?,The information provided is not enough. You mentioned seeing Dr. Smith but not Dr. Johnson.,No information available.,3,CORRECT
2698e78f_abs,200,public,knowledge-update,How often do I see Dr. Johnson?,The information provided is not enough. You mentioned seeing Dr. Smith but not Dr. Johnson.,No information available.,3,CORRECT
2698e78f_abs,200,strict,knowledge-update,How often do I see Dr. Johnson?,The information provided is not enough. You mentioned seeing Dr. Smith but not Dr. Johnson.,No information available.,3,CORRECT
26bdc477,50,public,knowledge-update,How many trips have I taken my Canon EOS 80D camera on?,five,3 trips,0,WRONG
26bdc477,50,strict,knowledge-update,How many trips have I taken my Canon EOS 80D camera on?,five,3 trips,0,WRONG
26bdc477,200,public,knowledge-update,How many trips have I taken my Canon EOS 80D camera on?,five,3 trips,0,WRONG
26bdc477,200,strict,knowledge-update,How many trips have I taken my Canon EOS 80D camera on?,five,3 trips,0,WRONG
27016adc,50,public,multi-session,What percentage of the countryside property's price is the cost of the renovations I plan to do on my current house?,10%,"20,000 / 200,000 = 10%",3,CORRECT
27016adc,50,strict,multi-session,What percentage of the countryside property's price is the cost of the renovations I plan to do on my current house?,10%,"20,000 / 200,000 = 10%",3,CORRECT
27016adc,200,public,multi-session,What percentage of the countryside property's price is the cost of the renovations I plan to do on my current house?,10%,20%,0,WRONG
27016adc,200,strict,multi-session,What percentage of the countryside property's price is the cost of the renovations I plan to do on my current house?,10%,20%,0,WRONG
2788b940,50,public,multi-session,How many fitness classes do I attend in a typical week?,5,5 classes per week,3,CORRECT
2788b940,50,strict,multi-session,How many fitness classes do I attend in a typical week?,5,5 classes per week,3,CORRECT
2788b940,200,public,multi-session,How many fitness classes do I attend in a typical week?,5,5 classes per week,3,CORRECT
2788b940,200,strict,multi-session,How many fitness classes do I attend in a typical week?,5,5 classes per week,3,CORRECT
28bcfaac,50,public,single-session-assistant,I'm going back to our previous conversation about music theory. You mentioned some online resources for learning music theory. Can you remind me of the website you recommended for free lessons and exercises?,MusicTheory.net,MusicTheory.net,3,CORRECT
28bcfaac,50,strict,single-session-assistant,I'm going back to our previous conversation about music theory. You mentioned some online resources for learning music theory. Can you remind me of the website you recommended for free lessons and exercises?,MusicTheory.net,MusicTheory.net,3,CORRECT
28bcfaac,200,public,single-session-assistant,I'm going back to our previous conversation about music theory. You mentioned some online resources for learning music theory. Can you remind me of the website you recommended for free lessons and exercises?,MusicTheory.net,MusicTheory.net,3,CORRECT
28bcfaac,200,strict,single-session-assistant,I'm going back to our previous conversation about music theory. You mentioned some online resources for learning music theory. Can you remind me of the website you recommended for free lessons and exercises?,MusicTheory.net,MusicTheory.net,3,CORRECT
28dc39ac,50,public,multi-session,How many hours have I spent playing games in total?,140 hours,105 hours,0,WRONG
28dc39ac,50,strict,multi-session,How many hours have I spent playing games in total?,140 hours,105 hours,0,WRONG
28dc39ac,200,public,multi-session,How many hours have I spent playing games in total?,140 hours,150 hours,0,WRONG
28dc39ac,200,strict,multi-session,How many hours have I spent playing games in total?,140 hours,150 hours,0,WRONG
29f2956b,50,public,single-session-user,How much time do I dedicate to practicing guitar every day?,30 minutes,30 minutes daily,3,CORRECT
29f2956b,50,strict,single-session-user,How much time do I dedicate to practicing guitar every day?,30 minutes,30 minutes daily,3,CORRECT
29f2956b,200,public,single-session-user,How much time do I dedicate to practicing guitar every day?,30 minutes,30 minutes,3,CORRECT
29f2956b,200,strict,single-session-user,How much time do I dedicate to practicing guitar every day?,30 minutes,30 minutes,3,CORRECT
29f2956b_abs,50,public,single-session-user,How much time do I dedicate to practicing violin every day?,"You did not mention this information. You mentioned practing guitar everyday, but not violin.",No information available.,3,CORRECT
29f2956b_abs,50,strict,single-session-user,How much time do I dedicate to practicing violin every day?,"You did not mention this information. You mentioned practing guitar everyday, but not violin.",No information available.,3,CORRECT
29f2956b_abs,200,public,single-session-user,How much time do I dedicate to practicing violin every day?,"You did not mention this information. You mentioned practing guitar everyday, but not violin.",No information available.,3,CORRECT
29f2956b_abs,200,strict,single-session-user,How much time do I dedicate to practicing violin every day?,"You did not mention this information. You mentioned practing guitar everyday, but not violin.",No information available.,3,CORRECT
2a1811e2,50,public,temporal-reasoning,How many days had passed between the Hindu festival of Holi and the Sunday mass at St. Mary's Church?,21 days. 22 days (including the last day) is also acceptable.,"Holi: February 26, 2023  
Sunday mass: March 19, 2023  

Days between:  
March 19 - February 26 = 21 days  

Answer: 21 days",3,CORRECT
2a1811e2,50,strict,temporal-reasoning,How many days had passed between the Hindu festival of Holi and the Sunday mass at St. Mary's Church?,21 days. 22 days (including the last day) is also acceptable.,"Holi: February 26, 2023  
Sunday mass: March 19, 2023  

Days between:  
March 19 - February 26 = 21 days  

Answer: 21 days",3,CORRECT
2a1811e2,200,public,temporal-reasoning,How many days had passed between the Hindu festival of Holi and the Sunday mass at St. Mary's Church?,21 days. 22 days (including the last day) is also acceptable.,"Holi: February 26  
Sunday Mass: March 19  

March 19 - February 26 = 21 days  

Answer: 21 days",3,CORRECT
2a1811e2,200,strict,temporal-reasoning,How many days had passed between the Hindu festival of Holi and the Sunday mass at St. Mary's Church?,21 days. 22 days (including the last day) is also acceptable.,"Holi: February 26  
Sunday Mass: March 19  

March 19 - February 26 = 21 days  

Answer: 21 days",3,CORRECT
2b8f3739,50,public,multi-session,What is the total amount of money I earned from selling my products at the markets?,$495,$420,0,WRONG
2b8f3739,50,strict,multi-session,What is the total amount of money I earned from selling my products at the markets?,$495,$420,0,WRONG
2b8f3739,200,public,multi-session,What is the total amount of money I earned from selling my products at the markets?,$495,$345,0,WRONG
2b8f3739,200,strict,multi-session,What is the total amount of money I earned from selling my products at the markets?,$495,$345,0,WRONG
2bf43736,50,public,single-session-assistant,I was going through our previous chat and I wanted to clarify something about the prayer of beginners in Tanqueray's Spiritual Life treatise. Can you remind me which chapter of the second part discusses vocal prayer and meditation?,"Chapter 4 of Book 1, titled 'Vocal Prayer and Meditation'.",No information available.,0,WRONG
2bf43736,50,strict,single-session-assistant,I was going through our previous chat and I wanted to clarify something about the prayer of beginners in Tanqueray's Spiritual Life treatise. Can you remind me which chapter of the second part discusses vocal prayer and meditation?,"Chapter 4 of Book 1, titled 'Vocal Prayer and Meditation'.",No information available.,0,WRONG
2bf43736,200,public,single-session-assistant,I was going through our previous chat and I wanted to clarify something about the prayer of beginners in Tanqueray's Spiritual Life treatise. Can you remind me which chapter of the second part discusses vocal prayer and meditation?,"Chapter 4 of Book 1, titled 'Vocal Prayer and Meditation'.",No information available on the chapter discussing vocal prayer and meditation in Tanqueray's treatise.,0,WRONG
2bf43736,200,strict,single-session-assistant,I was going through our previous chat and I wanted to clarify something about the prayer of beginners in Tanqueray's Spiritual Life treatise. Can you remind me which chapter of the second part discusses vocal prayer and meditation?,"Chapter 4 of Book 1, titled 'Vocal Prayer and Meditation'.",No information available on the chapter discussing vocal prayer and meditation in Tanqueray's treatise.,0,WRONG
2c63a862,50,public,temporal-reasoning,How many days did it take for me to find a house I loved after starting to work with Rachel?,14 days. 15 days (including the last day) is also acceptable.,14 days,3,CORRECT
2c63a862,50,strict,temporal-reasoning,How many days did it take for me to find a house I loved after starting to work with Rachel?,14 days. 15 days (including the last day) is also acceptable.,14 days,3,CORRECT
2c63a862,200,public,temporal-reasoning,How many days did it take for me to find a house I loved after starting to work with Rachel?,14 days. 15 days (including the last day) is also acceptable.,14 days,3,CORRECT
2c63a862,200,strict,temporal-reasoning,How many days did it take for me to find a house I loved after starting to work with Rachel?,14 days. 15 days (including the last day) is also acceptable.,14 days,3,CORRECT
2ce6a0f2,50,public,multi-session,How many different art-related events did I attend in the past month?,4,"1. 'Women in Art' exhibition – February 10  
2. 'Art Afternoon' event – February 17  
3. Lecture on 'The Evolution of Street Art' – March 3  

Total: 3 events

Answer: 3",0,WRONG
2ce6a0f2,50,strict,multi-session,How many different art-related events did I attend in the past month?,4,"1. 'Women in Art' exhibition – February 10  
2. 'Art Afternoon' event – February 17  
3. Lecture on 'The Evolution of Street Art' – March 3  

Total: 3 events

Answer: 3",0,WRONG
2ce6a0f2,200,public,multi-session,How many different art-related events did I attend in the past month?,4,"Two events: 'Women in Art' exhibition on February 10th, and 'Art Afternoon' on February 17th.",0,WRONG
2ce6a0f2,200,strict,multi-session,How many different art-related events did I attend in the past month?,4,"Two events: 'Women in Art' exhibition on February 10th, and 'Art Afternoon' on February 17th.",0,WRONG
2e6d26dc,50,public,multi-session,How many babies were born to friends and family members in the last few months?,5,4 babies,0,WRONG
2e6d26dc,50,strict,multi-session,How many babies were born to friends and family members in the last few months?,5,4 babies,0,WRONG
2e6d26dc,200,public,multi-session,How many babies were born to friends and family members in the last few months?,5,4 babies,0,WRONG
2e6d26dc,200,strict,multi-session,How many babies were born to friends and family members in the last few months?,5,4 babies,0,WRONG
2ebe6c90,50,public,temporal-reasoning,How many days did it take me to finish 'The Nightingale' by Kristin Hannah?,21 days. 22 days (including the last day) is also acceptable.,Not specified,0,WRONG
2ebe6c90,50,strict,temporal-reasoning,How many days did it take me to finish 'The Nightingale' by Kristin Hannah?,21 days. 22 days (including the last day) is also acceptable.,Not specified,0,WRONG
2ebe6c90,200,public,temporal-reasoning,How many days did it take me to finish 'The Nightingale' by Kristin Hannah?,21 days. 22 days (including the last day) is also acceptable.,Not specified,0,WRONG
2ebe6c90,200,strict,temporal-reasoning,How many days did it take me to finish 'The Nightingale' by Kristin Hannah?,21 days. 22 days (including the last day) is also acceptable.,Not specified,0,WRONG
2ebe6c92,50,public,temporal-reasoning,Which book did I finish a week ago?,'The Nightingale' by Kristin Hannah,The Song of Achilles,0,WRONG
2ebe6c92,50,strict,temporal-reasoning,Which book did I finish a week ago?,'The Nightingale' by Kristin Hannah,The Song of Achilles,0,WRONG
2ebe6c92,200,public,temporal-reasoning,Which book did I finish a week ago?,'The Nightingale' by Kristin Hannah,The Song of Achilles,0,WRONG
2ebe6c92,200,strict,temporal-reasoning,Which book did I finish a week ago?,'The Nightingale' by Kristin Hannah,The Song of Achilles,0,WRONG
311778f1,50,public,single-session-user,How many hours did I spend watching documentaries on Netflix last month?,10,10 hours,3,CORRECT
311778f1,50,strict,single-session-user,How many hours did I spend watching documentaries on Netflix last month?,10,10 hours,3,CORRECT
311778f1,200,public,single-session-user,How many hours did I spend watching documentaries on Netflix last month?,10,10 hours,3,CORRECT
311778f1,200,strict,single-session-user,How many hours did I spend watching documentaries on Netflix last month?,10,10 hours,3,CORRECT
32260d93,50,public,single-session-preference,Can you recommend a show or movie for me to watch tonight?,"The user would prefer recommendations for stand-up comedy specials on Netflix, especially those that are known for their storytelling. They may not prefer recommendations for other genres or platforms.",Comedy writing workshop tonight.,0,WRONG
32260d93,50,strict,single-session-preference,Can you recommend a show or movie for me to watch tonight?,"The user would prefer recommendations for stand-up comedy specials on Netflix, especially those that are known for their storytelling. They may not prefer recommendations for other genres or platforms.",Comedy writing workshop tonight.,0,WRONG
32260d93,200,public,single-session-preference,Can you recommend a show or movie for me to watch tonight?,"The user would prefer recommendations for stand-up comedy specials on Netflix, especially those that are known for their storytelling. They may not prefer recommendations for other genres or platforms.","Based on the memories, the user is interested in stand-up comedy specials with strong storytelling, like John Mulaney's 'Kid Gorgeous'. The most relevant memory is:

- 2023-05-29 01:04:00: Interested in stand-up comedy specials with strong storytelling like John Mulaney's 'Kid Gorgeous'

This directly indicates a preference for stand-up comedy with narrative depth.

Answer: Kid Gorgeous",3,CORRECT
32260d93,200,strict,single-session-preference,Can you recommend a show or movie for me to watch tonight?,"The user would prefer recommendations for stand-up comedy specials on Netflix, especially those that are known for their storytelling. They may not prefer recommendations for other genres or platforms.","Based on the memories, the user is interested in stand-up comedy specials with strong storytelling, like John Mulaney's 'Kid Gorgeous'. The most relevant memory is:

- 2023-05-29 01:04:00: Interested in stand-up comedy specials with strong storytelling like John Mulaney's 'Kid Gorgeous'

This directly indicates a preference for stand-up comedy with narrative depth.

Answer: Kid Gorgeous",3,CORRECT
3249768e,50,public,single-session-assistant,I'm looking back at our previous conversation about building a cocktail bar. You recommended five bottles to make the widest variety of gin-based cocktails. Can you remind me what the fifth bottle was?,Absinthe,"Based on the provided memories, there is no mention of a cocktail bar or any recommendation of five bottles for gin-based cocktails. Therefore, there is no information to determine what the fifth bottle was.

Answer: Not mentioned",3,CORRECT
3249768e,50,strict,single-session-assistant,I'm looking back at our previous conversation about building a cocktail bar. You recommended five bottles to make the widest variety of gin-based cocktails. Can you remind me what the fifth bottle was?,Absinthe,"Based on the provided memories, there is no mention of a cocktail bar or any recommendation of five bottles for gin-based cocktails. Therefore, there is no information to determine what the fifth bottle was.

Answer: Not mentioned",0,WRONG
3249768e,200,public,single-session-assistant,I'm looking back at our previous conversation about building a cocktail bar. You recommended five bottles to make the widest variety of gin-based cocktails. Can you remind me what the fifth bottle was?,Absinthe,"Based on the provided memories, there is no mention of building a cocktail bar or any recommendations for bottles to make gin-based cocktails. Therefore, the information needed to answer the question is not present in the memories.

Answer: Not mentioned",3,CORRECT
3249768e,200,strict,single-session-assistant,I'm looking back at our previous conversation about building a cocktail bar. You recommended five bottles to make the widest variety of gin-based cocktails. Can you remind me what the fifth bottle was?,Absinthe,"Based on the provided memories, there is no mention of building a cocktail bar or any recommendations for bottles to make gin-based cocktails. Therefore, the information needed to answer the question is not present in the memories.

Answer: Not mentioned",0,WRONG
352ab8bd,50,public,single-session-assistant,Can you remind me what was the average improvement in framerate when using the Hardware-Aware Modular Training (HAMT) agent in the 'To Adapt or Not to Adapt? Real-Time Adaptation for Semantic Segmentation' submission?,The average improvement in framerate was approximately 20% when using the Hardware-Aware Modular Training (HAMT) agent.,No information available.,0,WRONG
352ab8bd,50,strict,single-session-assistant,Can you remind me what was the average improvement in framerate when using the Hardware-Aware Modular Training (HAMT) agent in the 'To Adapt or Not to Adapt? Real-Time Adaptation for Semantic Segmentation' submission?,The average improvement in framerate was approximately 20% when using the Hardware-Aware Modular Training (HAMT) agent.,No information available.,0,WRONG
352ab8bd,200,public,single-session-assistant,Can you remind me what was the average improvement in framerate when using the Hardware-Aware Modular Training (HAMT) agent in the 'To Adapt or Not to Adapt? Real-Time Adaptation for Semantic Segmentation' submission?,The average improvement in framerate was approximately 20% when using the Hardware-Aware Modular Training (HAMT) agent.,No information available.,0,WRONG
352ab8bd,200,strict,single-session-assistant,Can you remind me what was the average improvement in framerate when using the Hardware-Aware Modular Training (HAMT) agent in the 'To Adapt or Not to Adapt? Real-Time Adaptation for Semantic Segmentation' submission?,The average improvement in framerate was approximately 20% when using the Hardware-Aware Modular Training (HAMT) agent.,No information available.,0,WRONG
35a27287,50,public,single-session-preference,Can you recommend some interesting cultural events happening around me this weekend?,"The user would prefer responses that suggest cultural events where they can practice their language skills, particularly Spanish and French. They would also appreciate if the event has a focus on language learning resources. They would not prefer events that do not provide opportunities for language practice or cultural exchange.","Cultural dinner party, language exchange, cooking class",3,CORRECT
35a27287,50,strict,single-session-preference,Can you recommend some interesting cultural events happening around me this weekend?,"The user would prefer responses that suggest cultural events where they can practice their language skills, particularly Spanish and French. They would also appreciate if the event has a focus on language learning resources. They would not prefer events that do not provide opportunities for language practice or cultural exchange.","Cultural dinner party, language exchange, cooking class",1,WRONG
35a27287,200,public,single-session-preference,Can you recommend some interesting cultural events happening around me this weekend?,"The user would prefer responses that suggest cultural events where they can practice their language skills, particularly Spanish and French. They would also appreciate if the event has a focus on language learning resources. They would not prefer events that do not provide opportunities for language practice or cultural exchange.",No specific cultural events mentioned.,0,WRONG
35a27287,200,strict,single-session-preference,Can you recommend some interesting cultural events happening around me this weekend?,"The user would prefer responses that suggest cultural events where they can practice their language skills, particularly Spanish and French. They would also appreciate if the event has a focus on language learning resources. They would not prefer events that do not provide opportunities for language practice or cultural exchange.",No specific cultural events mentioned.,0,WRONG
36580ce8,50,public,single-session-user,What health issue did I initially think was just a cold?,bronchitis,Bronchitis,3,CORRECT
36580ce8,50,strict,single-session-user,What health issue did I initially think was just a cold?,bronchitis,Bronchitis,3,CORRECT
36580ce8,200,public,single-session-user,What health issue did I initially think was just a cold?,bronchitis,Bronchitis,3,CORRECT
36580ce8,200,strict,single-session-user,What health issue did I initially think was just a cold?,bronchitis,Bronchitis,3,CORRECT
36b9f61e,50,public,multi-session,What is the total amount I spent on luxury items in the past few months?,"$2,500","$2,500",3,CORRECT
36b9f61e,50,strict,multi-session,What is the total amount I spent on luxury items in the past few months?,"$2,500","$2,500",3,CORRECT
36b9f61e,200,public,multi-session,What is the total amount I spent on luxury items in the past few months?,"$2,500","$2,500",3,CORRECT
36b9f61e,200,strict,multi-session,What is the total amount I spent on luxury items in the past few months?,"$2,500","$2,500",3,CORRECT
370a8ff4,50,public,temporal-reasoning,How many weeks had passed since I recovered from the flu when I went on my 10th jog outdoors?,15,"1. Identify when the flu recovery occurred:  
   - Memory 2 (2023-01-17 11:27:00): ""Recovered from the flu today""  
   → Flu recovery date: **2023-01-17**

2. Identify when the 10th jog occurred:  
   - Memory 11 (2023-01-30 18:47:00): ""Just finished a 5K run with a personal best time of 27 minutes and 42 seconds at the Midsummer 5K Run""  
   → This is a jog, and it's the only specific jog mentioned after the flu recovery.  
   → Assume this is the 10th jog (no other jog is specified, and it's the first post-recovery jog mentioned).  
   → Jog date: **2023-01-30**

3. Calculate the number of weeks between 2023-01-17 and 2023-01-30:  
   - 2023-01-30 minus 2023-01-17 = 13 days  
   - 13 days ÷ 7 = 1.857 weeks → approximately **2 weeks**

4. Final answer: **2 weeks**",0,WRONG
370a8ff4,50,strict,temporal-reasoning,How many weeks had passed since I recovered from the flu when I went on my 10th jog outdoors?,15,"1. Identify when the flu recovery occurred:  
   - Memory 2 (2023-01-17 11:27:00): ""Recovered from the flu today""  
   → Flu recovery date: **2023-01-17**

2. Identify when the 10th jog occurred:  
   - Memory 11 (2023-01-30 18:47:00): ""Just finished a 5K run with a personal best time of 27 minutes and 42 seconds at the Midsummer 5K Run""  
   → This is a jog, and it's the only specific jog mentioned after the flu recovery.  
   → Assume this is the 10th jog (no other jog is specified, and it's the first post-recovery jog mentioned).  
   → Jog date: **2023-01-30**

3. Calculate the number of weeks between 2023-01-17 and 2023-01-30:  
   - 2023-01-30 minus 2023-01-17 = 13 days  
   - 13 days ÷ 7 = 1.857 weeks → approximately **2 weeks**

4. Final answer: **2 weeks**",0,WRONG
370a8ff4,200,public,temporal-reasoning,How many weeks had passed since I recovered from the flu when I went on my 10th jog outdoors?,15,"1. Identify when the flu recovery was mentioned:  
   - Memory 2: ""Recovered from the flu today"" on **2023-01-17 11:27:00**

2. Identify the 10th jog outdoors:  
   - Memory 11: ""Just finished a 5K run with a personal best time of 27 minutes and 42 seconds at the Midsummer 5K Run"" on **2023-01-30 18:47:00**  
   - This is a jog, and it's the only one mentioned after the flu recovery.

3. Calculate the number of weeks between 2023-01-17 and 2023-01-30:  
   - From January 17 to January 30 is **13 days**.  
   - 13 days = 1 week and 6 days → **1 full week** passed.

4. The question asks for ""how many weeks"" — so the answer is **1 week**.

Answer: 1 week",0,WRONG
370a8ff4,200,strict,temporal-reasoning,How many weeks had passed since I recovered from the flu when I went on my 10th jog outdoors?,15,"1. Identify when the flu recovery was mentioned:  
   - Memory 2: ""Recovered from the flu today"" on **2023-01-17 11:27:00**

2. Identify the 10th jog outdoors:  
   - Memory 11: ""Just finished a 5K run with a personal best time of 27 minutes and 42 seconds at the Midsummer 5K Run"" on **2023-01-30 18:47:00**  
   - This is a jog, and it's the only one mentioned after the flu recovery.

3. Calculate the number of weeks between 2023-01-17 and 2023-01-30:  
   - From January 17 to January 30 is **13 days**.  
   - 13 days = 1 week and 6 days → **1 full week** passed.

4. The question asks for ""how many weeks"" — so the answer is **1 week**.

Answer: 1 week",0,WRONG
37d43f65,50,public,single-session-user,How much RAM did I upgrade my laptop to?,16GB,16GB,3,CORRECT
37d43f65,50,strict,single-session-user,How much RAM did I upgrade my laptop to?,16GB,16GB,3,CORRECT
37d43f65,200,public,single-session-user,How much RAM did I upgrade my laptop to?,16GB,16GB,3,CORRECT
37d43f65,200,strict,single-session-user,How much RAM did I upgrade my laptop to?,16GB,16GB,3,CORRECT
37f165cf,50,public,multi-session,What was the page count of the two novels I finished in January and March?,856,"The memory timestamps and content do not mention any novels finished in January or March. The only novels mentioned are ""The Nightingale"" (440 pages) and ""The Power"" (no page count given). Since no information about novels finished in January or March is available, the answer cannot be determined from the provided memories.

Answer: Cannot determine",3,CORRECT
37f165cf,50,strict,multi-session,What was the page count of the two novels I finished in January and March?,856,"The memory timestamps and content do not mention any novels finished in January or March. The only novels mentioned are ""The Nightingale"" (440 pages) and ""The Power"" (no page count given). Since no information about novels finished in January or March is available, the answer cannot be determined from the provided memories.

Answer: Cannot determine",0,WRONG
37f165cf,200,public,multi-session,What was the page count of the two novels I finished in January and March?,856,"The memory from 2023-05-22 10:06:00 states that ""The Nightingale"" by Kristin Hannah has 440 pages and was finished on that date. Since the question asks about novels finished in January and March, and the only novel mentioned with a page count is ""The Nightingale,"" which was finished in May 2023, there is no information in the memories about any novel finished in January or March.

Therefore, based on the provided memories, the page count of the two novels finished in January and March cannot be determined.

Answer: Not specified",3,CORRECT
37f165cf,200,strict,multi-session,What was the page count of the two novels I finished in January and March?,856,"The memory from 2023-05-22 10:06:00 states that ""The Nightingale"" by Kristin Hannah has 440 pages and was finished on that date. Since the question asks about novels finished in January and March, and the only novel mentioned with a page count is ""The Nightingale,"" which was finished in May 2023, there is no information in the memories about any novel finished in January or March.

Therefore, based on the provided memories, the page count of the two novels finished in January and March cannot be determined.

Answer: Not specified",0,WRONG
38146c39,50,public,single-session-preference,I've been feeling like my chocolate chip cookies need something extra. Any advice?,"The user would prefer responses that build upon their previous experimentation with turbinado sugar, suggesting ingredients or techniques that complement its richer flavor. They might not prefer generic cookie-making advice or suggestions that don't take into account their existing use of turbinado sugar.",Try turbinado sugar for richer flavor.,3,CORRECT
38146c39,50,strict,single-session-preference,I've been feeling like my chocolate chip cookies need something extra. Any advice?,"The user would prefer responses that build upon their previous experimentation with turbinado sugar, suggesting ingredients or techniques that complement its richer flavor. They might not prefer generic cookie-making advice or suggestions that don't take into account their existing use of turbinado sugar.",Try turbinado sugar for richer flavor.,3,CORRECT
38146c39,200,public,single-session-preference,I've been feeling like my chocolate chip cookies need something extra. Any advice?,"The user would prefer responses that build upon their previous experimentation with turbinado sugar, suggesting ingredients or techniques that complement its richer flavor. They might not prefer generic cookie-making advice or suggestions that don't take into account their existing use of turbinado sugar.",Add sea salt and brown sugar,3,CORRECT
38146c39,200,strict,single-session-preference,I've been feeling like my chocolate chip cookies need something extra. Any advice?,"The user would prefer responses that build upon their previous experimentation with turbinado sugar, suggesting ingredients or techniques that complement its richer flavor. They might not prefer generic cookie-making advice or suggestions that don't take into account their existing use of turbinado sugar.",Add sea salt and brown sugar,3,CORRECT
3a704032,50,public,multi-session,How many plants did I acquire in the last month?,3,3 plants,3,CORRECT
3a704032,50,strict,multi-session,How many plants did I acquire in the last month?,3,3 plants,3,CORRECT
3a704032,200,public,multi-session,How many plants did I acquire in the last month?,3,3 plants,3,CORRECT
3a704032,200,strict,multi-session,How many plants did I acquire in the last month?,3,3 plants,3,CORRECT
3b6f954b,50,public,single-session-user,Where did I attend for my study abroad program?,University of Melbourne in Australia,University of Melbourne,3,CORRECT
3b6f954b,50,strict,single-session-user,Where did I attend for my study abroad program?,University of Melbourne in Australia,University of Melbourne,3,CORRECT
3b6f954b,200,public,single-session-user,Where did I attend for my study abroad program?,University of Melbourne in Australia,University of Melbourne,3,CORRECT
3b6f954b,200,strict,single-session-user,Where did I attend for my study abroad program?,University of Melbourne in Australia,University of Melbourne,3,CORRECT
3ba21379,50,public,knowledge-update,What type of vehicle model am I currently working on?,Ford F-150 pickup truck,Ford Mustang Shelby GT350R,0,WRONG
3ba21379,50,strict,knowledge-update,What type of vehicle model am I currently working on?,Ford F-150 pickup truck,Ford Mustang Shelby GT350R,0,WRONG
3ba21379,200,public,knowledge-update,What type of vehicle model am I currently working on?,Ford F-150 pickup truck,Ford Mustang Shelby GT350R,0,WRONG
3ba21379,200,strict,knowledge-update,What type of vehicle model am I currently working on?,Ford F-150 pickup truck,Ford Mustang Shelby GT350R,0,WRONG
3c1045c8,50,public,multi-session,How much older am I than the average age of employees in my department?,2.5 years,Insufficient information to determine.,0,WRONG
3c1045c8,50,strict,multi-session,How much older am I than the average age of employees in my department?,2.5 years,Insufficient information to determine.,0,WRONG
3c1045c8,200,public,multi-session,How much older am I than the average age of employees in my department?,2.5 years,32 years old,0,WRONG
3c1045c8,200,strict,multi-session,How much older am I than the average age of employees in my department?,2.5 years,32 years old,0,WRONG
3d86fd0a,50,public,single-session-user,Where did I meet Sophia?,a coffee shop in the city,Coffee shop in the city,3,CORRECT
3d86fd0a,50,strict,single-session-user,Where did I meet Sophia?,a coffee shop in the city,Coffee shop in the city,3,CORRECT
3d86fd0a,200,public,single-session-user,Where did I meet Sophia?,a coffee shop in the city,Coffee shop in the city,3,CORRECT
3d86fd0a,200,strict,single-session-user,Where did I meet Sophia?,a coffee shop in the city,Coffee shop in the city,3,CORRECT
3e321797,50,public,single-session-assistant,"I wanted to follow up on our previous conversation about natural remedies for dark circles under the eyes. You mentioned applying tomato juice mixed with lemon juice, how long did you say I should leave it on for?",10 minutes,30 minutes,0,WRONG
3e321797,50,strict,single-session-assistant,"I wanted to follow up on our previous conversation about natural remedies for dark circles under the eyes. You mentioned applying tomato juice mixed with lemon juice, how long did you say I should leave it on for?",10 minutes,30 minutes,0,WRONG
3e321797,200,public,single-session-assistant,"I wanted to follow up on our previous conversation about natural remedies for dark circles under the eyes. You mentioned applying tomato juice mixed with lemon juice, how long did you say I should leave it on for?",10 minutes,30 minutes,0,WRONG
3e321797,200,strict,single-session-assistant,"I wanted to follow up on our previous conversation about natural remedies for dark circles under the eyes. You mentioned applying tomato juice mixed with lemon juice, how long did you say I should leave it on for?",10 minutes,30 minutes,0,WRONG
3f1e9474,50,public,single-session-user,Who did I have a conversation with about destiny?,Sarah,Sarah,3,CORRECT
3f1e9474,50,strict,single-session-user,Who did I have a conversation with about destiny?,Sarah,Sarah,3,CORRECT
3f1e9474,200,public,single-session-user,Who did I have a conversation with about destiny?,Sarah,Sarah,3,CORRECT
3f1e9474,200,strict,single-session-user,Who did I have a conversation with about destiny?,Sarah,Sarah,3,CORRECT
3fdac837,50,public,multi-session,What is the total number of days I spent in Japan and Chicago?,"11 days (or 12 days, if April 15th to 22nd is considered as 8 days)","Japan: 8 days (April 15–22)  
Chicago: 4 days (March trip)  
Total: 12 days  

Answer: 12 days",3,CORRECT
3fdac837,50,strict,multi-session,What is the total number of days I spent in Japan and Chicago?,"11 days (or 12 days, if April 15th to 22nd is considered as 8 days)","Japan: 8 days (April 15–22)  
Chicago: 4 days (March trip)  
Total: 12 days  

Answer: 12 days",3,CORRECT
3fdac837,200,public,multi-session,What is the total number of days I spent in Japan and Chicago?,"11 days (or 12 days, if April 15th to 22nd is considered as 8 days)","Japan: 8 days (April 15–22)  
Chicago: 4 days (March trip)  
Total: 12 days",3,CORRECT
3fdac837,200,strict,multi-session,What is the total number of days I spent in Japan and Chicago?,"11 days (or 12 days, if April 15th to 22nd is considered as 8 days)","Japan: 8 days (April 15–22)  
Chicago: 4 days (March trip)  
Total: 12 days",3,CORRECT
3fe836c9,50,public,multi-session,How much more was the pre-approval amount than the final sale price of the house?,"$25,000","$25,000",3,CORRECT
3fe836c9,50,strict,multi-session,How much more was the pre-approval amount than the final sale price of the house?,"$25,000","$25,000",3,CORRECT
3fe836c9,200,public,multi-session,How much more was the pre-approval amount than the final sale price of the house?,"$25,000","$25,000",3,CORRECT
3fe836c9,200,strict,multi-session,How much more was the pre-approval amount than the final sale price of the house?,"$25,000","$25,000",3,CORRECT
4100d0a0,50,public,single-session-user,What is my ethnicity?,A mix of Irish and Italian,Asian American,0,WRONG
4100d0a0,50,strict,single-session-user,What is my ethnicity?,A mix of Irish and Italian,Asian American,0,WRONG
4100d0a0,200,public,single-session-user,What is my ethnicity?,A mix of Irish and Italian,Asian American,0,WRONG
4100d0a0,200,strict,single-session-user,What is my ethnicity?,A mix of Irish and Italian,Asian American,0,WRONG
41275add,50,public,single-session-assistant,I wanted to follow up on our previous conversation about YouTube videos for workplace posture. Can you remind me of the Mayo Clinic video you recommended?,The video is 'How to Sit Properly at a Desk to Avoid Back Pain' and the link is https://www.youtube.com/watch?v=UfOvNlX9Hh0.,No Mayo Clinic video mentioned.,0,WRONG
41275add,50,strict,single-session-assistant,I wanted to follow up on our previous conversation about YouTube videos for workplace posture. Can you remind me of the Mayo Clinic video you recommended?,The video is 'How to Sit Properly at a Desk to Avoid Back Pain' and the link is https://www.youtube.com/watch?v=UfOvNlX9Hh0.,No Mayo Clinic video mentioned.,0,WRONG
41275add,200,public,single-session-assistant,I wanted to follow up on our previous conversation about YouTube videos for workplace posture. Can you remind me of the Mayo Clinic video you recommended?,The video is 'How to Sit Properly at a Desk to Avoid Back Pain' and the link is https://www.youtube.com/watch?v=UfOvNlX9Hh0.,No specific Mayo Clinic video was mentioned in the memories.,0,WRONG
41275add,200,strict,single-session-assistant,I wanted to follow up on our previous conversation about YouTube videos for workplace posture. Can you remind me of the Mayo Clinic video you recommended?,The video is 'How to Sit Properly at a Desk to Avoid Back Pain' and the link is https://www.youtube.com/watch?v=UfOvNlX9Hh0.,No specific Mayo Clinic video was mentioned in the memories.,0,WRONG
41698283,50,public,knowledge-update,What type of camera lens did I purchase most recently?,a 70-200mm zoom lens,50mm prime lens,0,WRONG
41698283,50,strict,knowledge-update,What type of camera lens did I purchase most recently?,a 70-200mm zoom lens,50mm prime lens,0,WRONG
41698283,200,public,knowledge-update,What type of camera lens did I purchase most recently?,a 70-200mm zoom lens,50mm prime lens,0,WRONG
41698283,200,strict,knowledge-update,What type of camera lens did I purchase most recently?,a 70-200mm zoom lens,50mm prime lens,0,WRONG
42ec0761,50,public,knowledge-update,Do I have a spare screwdriver for opening up my laptop?,Yes,"Yes, has spare screwdriver.",3,CORRECT
42ec0761,50,strict,knowledge-update,Do I have a spare screwdriver for opening up my laptop?,Yes,"Yes, has spare screwdriver.",3,CORRECT
42ec0761,200,public,knowledge-update,Do I have a spare screwdriver for opening up my laptop?,Yes,"Yes, spare screwdriver available.",3,CORRECT
42ec0761,200,strict,knowledge-update,Do I have a spare screwdriver for opening up my laptop?,Yes,"Yes, spare screwdriver available.",3,CORRECT
4388e9dd,50,public,single-session-assistant,"I was going through our previous chat and I was wondering, what was Andy wearing in the script you wrote for the comedy movie scene?","Andy was wearing an untidy, stained white shirt.",No information about Andy's clothing in the script.,0,WRONG
4388e9dd,50,strict,single-session-assistant,"I was going through our previous chat and I was wondering, what was Andy wearing in the script you wrote for the comedy movie scene?","Andy was wearing an untidy, stained white shirt.",No information about Andy's clothing in the script.,0,WRONG
4388e9dd,200,public,single-session-assistant,"I was going through our previous chat and I was wondering, what was Andy wearing in the script you wrote for the comedy movie scene?","Andy was wearing an untidy, stained white shirt.",No information available.,3,CORRECT
4388e9dd,200,strict,single-session-assistant,"I was going through our previous chat and I was wondering, what was Andy wearing in the script you wrote for the comedy movie scene?","Andy was wearing an untidy, stained white shirt.",No information available.,0,WRONG
45dc21b6,50,public,knowledge-update,How many of Emma's recipes have I tried out?,3,3 of Emma's recipes,3,CORRECT
45dc21b6,50,strict,knowledge-update,How many of Emma's recipes have I tried out?,3,3 of Emma's recipes,3,CORRECT
45dc21b6,200,public,knowledge-update,How many of Emma's recipes have I tried out?,3,3 of Emma's recipes,3,CORRECT
45dc21b6,200,strict,knowledge-update,How many of Emma's recipes have I tried out?,3,3 of Emma's recipes,3,CORRECT
46a3abf7,50,public,multi-session,"How many tanks do I currently have, including the one I set up for my friend's kid?",3,3 tanks,3,CORRECT
46a3abf7,50,strict,multi-session,"How many tanks do I currently have, including the one I set up for my friend's kid?",3,3 tanks,3,CORRECT
46a3abf7,200,public,multi-session,"How many tanks do I currently have, including the one I set up for my friend's kid?",3,3 tanks,3,CORRECT
46a3abf7,200,strict,multi-session,"How many tanks do I currently have, including the one I set up for my friend's kid?",3,3 tanks,3,CORRECT
488d3006,50,public,single-session-assistant,"I'm planning to go back to the Natural Park of Moncayo mountain in Aragón and I was wondering, what was the name of that hiking trail you recommended that takes you through the park's most stunning landscapes and offers panoramic views of the surrounding mountainside?",The GR-90 trail.,Moncayo Panoramic Trail,0,WRONG
488d3006,50,strict,single-session-assistant,"I'm planning to go back to the Natural Park of Moncayo mountain in Aragón and I was wondering, what was the name of that hiking trail you recommended that takes you through the park's most stunning landscapes and offers panoramic views of the surrounding mountainside?",The GR-90 trail.,Moncayo Panoramic Trail,0,WRONG
488d3006,200,public,single-session-assistant,"I'm planning to go back to the Natural Park of Moncayo mountain in Aragón and I was wondering, what was the name of that hiking trail you recommended that takes you through the park's most stunning landscapes and offers panoramic views of the surrounding mountainside?",The GR-90 trail.,Moncayo High Route,0,WRONG
488d3006,200,strict,single-session-assistant,"I'm planning to go back to the Natural Park of Moncayo mountain in Aragón and I was wondering, what was the name of that hiking trail you recommended that takes you through the park's most stunning landscapes and offers panoramic views of the surrounding mountainside?",The GR-90 trail.,Moncayo High Route,0,WRONG
4adc0475,50,public,multi-session,What is the total number of goals and assists I have in the recreational indoor soccer league?,5,"3 goals, 2 assists",3,CORRECT
4adc0475,50,strict,multi-session,What is the total number of goals and assists I have in the recreational indoor soccer league?,5,"3 goals, 2 assists",3,CORRECT
4adc0475,200,public,multi-session,What is the total number of goals and assists I have in the recreational indoor soccer league?,5,"3 goals, 2 assists",3,CORRECT
4adc0475,200,strict,multi-session,What is the total number of goals and assists I have in the recreational indoor soccer league?,5,"3 goals, 2 assists",3,CORRECT
4b24c848,50,public,knowledge-update,How many tops have I bought from H&M so far?,five,Five tops,3,CORRECT
4b24c848,50,strict,knowledge-update,How many tops have I bought from H&M so far?,five,Five tops,3,CORRECT
4b24c848,200,public,knowledge-update,How many tops have I bought from H&M so far?,five,Five tops,3,CORRECT
4b24c848,200,strict,knowledge-update,How many tops have I bought from H&M so far?,five,Five tops,3,CORRECT
4baee567,50,public,single-session-assistant,"I was looking back at our previous chat and I wanted to confirm, how many times did the Chiefs play the Jaguars at Arrowhead Stadium?",The Chiefs played the Jaguars 12 times at Arrowhead Stadium.,No information available.,0,WRONG
4baee567,50,strict,single-session-assistant,"I was looking back at our previous chat and I wanted to confirm, how many times did the Chiefs play the Jaguars at Arrowhead Stadium?",The Chiefs played the Jaguars 12 times at Arrowhead Stadium.,No information available.,0,WRONG
4baee567,200,public,single-session-assistant,"I was looking back at our previous chat and I wanted to confirm, how many times did the Chiefs play the Jaguars at Arrowhead Stadium?",The Chiefs played the Jaguars 12 times at Arrowhead Stadium.,No information available.,0,WRONG
4baee567,200,strict,single-session-assistant,"I was looking back at our previous chat and I wanted to confirm, how many times did the Chiefs play the Jaguars at Arrowhead Stadium?",The Chiefs played the Jaguars 12 times at Arrowhead Stadium.,No information available.,0,WRONG
4bc144e2,50,public,multi-session,How much did I spend on car wash and parking ticket?,$65,"$15, $50",0,WRONG
4bc144e2,50,strict,multi-session,How much did I spend on car wash and parking ticket?,$65,"$15, $50",0,WRONG
4bc144e2,200,public,multi-session,How much did I spend on car wash and parking ticket?,$65,"$15 car wash, $50 parking ticket",3,CORRECT
4bc144e2,200,strict,multi-session,How much did I spend on car wash and parking ticket?,$65,"$15 car wash, $50 parking ticket",3,CORRECT
4c36ccef,50,public,single-session-assistant,Can you remind me of the name of the romantic Italian restaurant in Rome you recommended for dinner?,Roscioli,No specific restaurant name mentioned.,0,WRONG
4c36ccef,50,strict,single-session-assistant,Can you remind me of the name of the romantic Italian restaurant in Rome you recommended for dinner?,Roscioli,No specific restaurant name mentioned.,0,WRONG
4c36ccef,200,public,single-session-assistant,Can you remind me of the name of the romantic Italian restaurant in Rome you recommended for dinner?,Roscioli,Pâtisserie-chocolaterie Guillaume Daix,0,WRONG
4c36ccef,200,strict,single-session-assistant,Can you remind me of the name of the romantic Italian restaurant in Rome you recommended for dinner?,Roscioli,Pâtisserie-chocolaterie Guillaume Daix,0,WRONG
4d6b87c8,50,public,knowledge-update,How many titles are currently on my to-watch list?,25,20 titles,0,WRONG
4d6b87c8,50,strict,knowledge-update,How many titles are currently on my to-watch list?,25,20 titles,0,WRONG
4d6b87c8,200,public,knowledge-update,How many titles are currently on my to-watch list?,25,20 titles,0,WRONG
4d6b87c8,200,strict,knowledge-update,How many titles are currently on my to-watch list?,25,20 titles,0,WRONG
4dfccbf7,50,public,temporal-reasoning,How many days had passed since I started taking ukulele lessons when I decided to take my acoustic guitar to the guitar tech for servicing?,24 days. 25 days (including the last day) is also acceptable.,14 days,0,WRONG
4dfccbf7,50,strict,temporal-reasoning,How many days had passed since I started taking ukulele lessons when I decided to take my acoustic guitar to the guitar tech for servicing?,24 days. 25 days (including the last day) is also acceptable.,14 days,0,WRONG
4dfccbf7,200,public,temporal-reasoning,How many days had passed since I started taking ukulele lessons when I decided to take my acoustic guitar to the guitar tech for servicing?,24 days. 25 days (including the last day) is also acceptable.,"1. Identify the start date of ukulele lessons:  
   - Memory 1 (2023-02-01 17:59:30): ""Just started taking ukulele lessons with friend Rachel""  
   → Start date: **2023-02-01**

2. Identify when the acoustic guitar was serviced:  
   - Memory 10 (2023-02-25 13:54:30): ""Had Taylor GS Mini serviced by Joe, action was high and causing discomfort in left hand""  
   → Service date: **2023-02-25**

3. Calculate the number of days between 2023-02-01 and 2023-02-25:  
   - From Feb 1 to Feb 25 = 24 days

4. Final answer:  
   → 24 days had passed.

Answer: 24 days",3,CORRECT
4dfccbf7,200,strict,temporal-reasoning,How many days had passed since I started taking ukulele lessons when I decided to take my acoustic guitar to the guitar tech for servicing?,24 days. 25 days (including the last day) is also acceptable.,"1. Identify the start date of ukulele lessons:  
   - Memory 1 (2023-02-01 17:59:30): ""Just started taking ukulele lessons with friend Rachel""  
   → Start date: **2023-02-01**

2. Identify when the acoustic guitar was serviced:  
   - Memory 10 (2023-02-25 13:54:30): ""Had Taylor GS Mini serviced by Joe, action was high and causing discomfort in left hand""  
   → Service date: **2023-02-25**

3. Calculate the number of days between 2023-02-01 and 2023-02-25:  
   - From Feb 1 to Feb 25 = 24 days

4. Final answer:  
   → 24 days had passed.

Answer: 24 days",3,CORRECT
4dfccbf8,50,public,temporal-reasoning,What did I do with Rachel on the Wednesday two months ago?,I started taking ukulele lessons with Rachel.,Reviewed suggestions with Rachel on data analysis.,0,WRONG
4dfccbf8,50,strict,temporal-reasoning,What did I do with Rachel on the Wednesday two months ago?,I started taking ukulele lessons with Rachel.,Reviewed suggestions with Rachel on data analysis.,0,WRONG
4dfccbf8,200,public,temporal-reasoning,What did I do with Rachel on the Wednesday two months ago?,I started taking ukulele lessons with Rachel.,Reviewed data analysis with Rachel on Wednesday two months ago.,0,WRONG
4dfccbf8,200,strict,temporal-reasoning,What did I do with Rachel on the Wednesday two months ago?,I started taking ukulele lessons with Rachel.,Reviewed data analysis with Rachel on Wednesday two months ago.,0,WRONG
4f54b7c9,50,public,multi-session,How many antique items did I inherit or acquire from my family members?,5,3 antique items,0,WRONG
4f54b7c9,50,strict,multi-session,How many antique items did I inherit or acquire from my family members?,5,3 antique items,0,WRONG
4f54b7c9,200,public,multi-session,How many antique items did I inherit or acquire from my family members?,5,3 antique items,0,WRONG
4f54b7c9,200,strict,multi-session,How many antique items did I inherit or acquire from my family members?,5,3 antique items,0,WRONG
4fd1909e,50,public,single-session-user,Where did I attend the Imagine Dragons concert?,Xfinity Center,No information available.,0,WRONG
4fd1909e,50,strict,single-session-user,Where did I attend the Imagine Dragons concert?,Xfinity Center,No information available.,0,WRONG
4fd1909e,200,public,single-session-user,Where did I attend the Imagine Dragons concert?,Xfinity Center,No information available.,0,WRONG
4fd1909e,200,strict,single-session-user,Where did I attend the Imagine Dragons concert?,Xfinity Center,No information available.,0,WRONG
5025383b,50,public,multi-session,What are the two hobbies that led me to join online communities?,photography and cooking,"Photography, cooking",3,CORRECT
5025383b,50,strict,multi-session,What are the two hobbies that led me to join online communities?,photography and cooking,"Photography, cooking",3,CORRECT
5025383b,200,public,multi-session,What are the two hobbies that led me to join online communities?,photography and cooking,"Photography, cooking",3,CORRECT
5025383b,200,strict,multi-session,What are the two hobbies that led me to join online communities?,photography and cooking,"Photography, cooking",3,CORRECT
505af2f5,50,public,single-session-preference,I was thinking of trying a new coffee creamer recipe. Any recommendations?,"The user would prefer responses that suggest variations on their existing almond milk, vanilla extract, and honey creamer recipe or new ideas that align with their goals of reducing sugar intake and saving money. They might not prefer responses that recommend commercial creamer products or recipes that are high in sugar or expensive.","Almond milk, vanilla, honey, and maple syrup",3,CORRECT
505af2f5,50,strict,single-session-preference,I was thinking of trying a new coffee creamer recipe. Any recommendations?,"The user would prefer responses that suggest variations on their existing almond milk, vanilla extract, and honey creamer recipe or new ideas that align with their goals of reducing sugar intake and saving money. They might not prefer responses that recommend commercial creamer products or recipes that are high in sugar or expensive.","Almond milk, vanilla, honey, and maple syrup",3,CORRECT
505af2f5,200,public,single-session-preference,I was thinking of trying a new coffee creamer recipe. Any recommendations?,"The user would prefer responses that suggest variations on their existing almond milk, vanilla extract, and honey creamer recipe or new ideas that align with their goals of reducing sugar intake and saving money. They might not prefer responses that recommend commercial creamer products or recipes that are high in sugar or expensive.","Almond milk, vanilla, honey",3,CORRECT
505af2f5,200,strict,single-session-preference,I was thinking of trying a new coffee creamer recipe. Any recommendations?,"The user would prefer responses that suggest variations on their existing almond milk, vanilla extract, and honey creamer recipe or new ideas that align with their goals of reducing sugar intake and saving money. They might not prefer responses that recommend commercial creamer products or recipes that are high in sugar or expensive.","Almond milk, vanilla, honey",3,CORRECT
50635ada,50,public,knowledge-update,What was my previous frequent flyer status on United Airlines before I got the current status?,Premier Silver,Premier Silver,3,CORRECT
50635ada,50,strict,knowledge-update,What was my previous frequent flyer status on United Airlines before I got the current status?,Premier Silver,Premier Silver,3,CORRECT
50635ada,200,public,knowledge-update,What was my previous frequent flyer status on United Airlines before I got the current status?,Premier Silver,Premier Silver,3,CORRECT
50635ada,200,strict,knowledge-update,What was my previous frequent flyer status on United Airlines before I got the current status?,Premier Silver,Premier Silver,3,CORRECT
51a45a95,50,public,single-session-user,Where did I redeem a $5 coupon on coffee creamer?,Target,Target,3,CORRECT
51a45a95,50,strict,single-session-user,Where did I redeem a $5 coupon on coffee creamer?,Target,Target,3,CORRECT
51a45a95,200,public,single-session-user,Where did I redeem a $5 coupon on coffee creamer?,Target,Target,3,CORRECT
51a45a95,200,strict,single-session-user,Where did I redeem a $5 coupon on coffee creamer?,Target,Target,3,CORRECT
51b23612,50,public,single-session-assistant,"I was going through our previous conversation about political propaganda and humor, and I was wondering if you could remind me of that Soviet cartoon you mentioned that mocked Western culture?","Nu, pogodi!",No mention of Soviet cartoon mocking Western culture.,0,WRONG
51b23612,50,strict,single-session-assistant,"I was going through our previous conversation about political propaganda and humor, and I was wondering if you could remind me of that Soviet cartoon you mentioned that mocked Western culture?","Nu, pogodi!",No mention of Soviet cartoon mocking Western culture.,0,WRONG
51b23612,200,public,single-session-assistant,"I was going through our previous conversation about political propaganda and humor, and I was wondering if you could remind me of that Soviet cartoon you mentioned that mocked Western culture?","Nu, pogodi!",No mention of Soviet cartoon or political propaganda in memories.,0,WRONG
51b23612,200,strict,single-session-assistant,"I was going through our previous conversation about political propaganda and humor, and I was wondering if you could remind me of that Soviet cartoon you mentioned that mocked Western culture?","Nu, pogodi!",No mention of Soviet cartoon or political propaganda in memories.,0,WRONG
51c32626,50,public,multi-session,When did I submit my research paper on sentiment analysis?,February 1st,2023-05-22,0,WRONG
51c32626,50,strict,multi-session,When did I submit my research paper on sentiment analysis?,February 1st,2023-05-22,0,WRONG
51c32626,200,public,multi-session,When did I submit my research paper on sentiment analysis?,February 1st,2023-05-22,0,WRONG
51c32626,200,strict,multi-session,When did I submit my research paper on sentiment analysis?,February 1st,2023-05-22,0,WRONG
54026fce,50,public,single-session-preference,I've been thinking about ways to stay connected with my colleagues. Any suggestions?,"The user would prefer responses that acknowledge their desire for social interaction and collaboration while working remotely, utilizing their previous experiences with company initiatives and team collaborations. They might prefer suggestions of virtual team-building activities, regular check-ins, or joining interest-based groups within the company. The user may not prefer generic suggestions that do not take into account their specific work situation or previous attempts at staying connected with colleagues.",Virtual coffee breaks,3,CORRECT
54026fce,50,strict,single-session-preference,I've been thinking about ways to stay connected with my colleagues. Any suggestions?,"The user would prefer responses that acknowledge their desire for social interaction and collaboration while working remotely, utilizing their previous experiences with company initiatives and team collaborations. They might prefer suggestions of virtual team-building activities, regular check-ins, or joining interest-based groups within the company. The user may not prefer generic suggestions that do not take into account their specific work situation or previous attempts at staying connected with colleagues.",Virtual coffee breaks,0,WRONG
54026fce,200,public,single-session-preference,I've been thinking about ways to stay connected with my colleagues. Any suggestions?,"The user would prefer responses that acknowledge their desire for social interaction and collaboration while working remotely, utilizing their previous experiences with company initiatives and team collaborations. They might prefer suggestions of virtual team-building activities, regular check-ins, or joining interest-based groups within the company. The user may not prefer generic suggestions that do not take into account their specific work situation or previous attempts at staying connected with colleagues.",Virtual coffee breaks,3,CORRECT
54026fce,200,strict,single-session-preference,I've been thinking about ways to stay connected with my colleagues. Any suggestions?,"The user would prefer responses that acknowledge their desire for social interaction and collaboration while working remotely, utilizing their previous experiences with company initiatives and team collaborations. They might prefer suggestions of virtual team-building activities, regular check-ins, or joining interest-based groups within the company. The user may not prefer generic suggestions that do not take into account their specific work situation or previous attempts at staying connected with colleagues.",Virtual coffee breaks,0,WRONG
545bd2b5,50,public,single-session-user,How much screen time have I been averaging on Instagram per day?,2 hours,2 hours,3,CORRECT
545bd2b5,50,strict,single-session-user,How much screen time have I been averaging on Instagram per day?,2 hours,2 hours,3,CORRECT
545bd2b5,200,public,single-session-user,How much screen time have I been averaging on Instagram per day?,2 hours,2 hours,3,CORRECT
545bd2b5,200,strict,single-session-user,How much screen time have I been averaging on Instagram per day?,2 hours,2 hours,3,CORRECT
55241a1f,50,public,multi-session,What is the total number of comments on my recent Facebook Live session and my most popular YouTube video?,33,"12 comments, 21 comments",3,CORRECT
55241a1f,50,strict,multi-session,What is the total number of comments on my recent Facebook Live session and my most popular YouTube video?,33,"12 comments, 21 comments",0,WRONG
55241a1f,200,public,multi-session,What is the total number of comments on my recent Facebook Live session and my most popular YouTube video?,33,"21 comments on YouTube video, 12 on Facebook Live.",3,CORRECT
55241a1f,200,strict,multi-session,What is the total number of comments on my recent Facebook Live session and my most popular YouTube video?,33,"21 comments on YouTube video, 12 on Facebook Live.",3,CORRECT
561fabcd,50,public,single-session-assistant,"I was thinking back to our previous conversation about the Radiation Amplified zombie, and I was wondering if you remembered what we finally decided to name it?",Fissionator.,Fissionator,3,CORRECT
561fabcd,50,strict,single-session-assistant,"I was thinking back to our previous conversation about the Radiation Amplified zombie, and I was wondering if you remembered what we finally decided to name it?",Fissionator.,Fissionator,3,CORRECT
561fabcd,200,public,single-session-assistant,"I was thinking back to our previous conversation about the Radiation Amplified zombie, and I was wondering if you remembered what we finally decided to name it?",Fissionator.,Fissionator,3,CORRECT
561fabcd,200,strict,single-session-assistant,"I was thinking back to our previous conversation about the Radiation Amplified zombie, and I was wondering if you remembered what we finally decided to name it?",Fissionator.,Fissionator,3,CORRECT
577d4d32,50,public,single-session-user,What time do I stop checking work emails and messages?,7 pm,7 PM,3,CORRECT
577d4d32,50,strict,single-session-user,What time do I stop checking work emails and messages?,7 pm,7 PM,3,CORRECT
577d4d32,200,public,single-session-user,What time do I stop checking work emails and messages?,7 pm,7 PM,3,CORRECT
577d4d32,200,strict,single-session-user,What time do I stop checking work emails and messages?,7 pm,7 PM,3,CORRECT
57f827a0,50,public,single-session-preference,I was thinking about rearranging the furniture in my bedroom this weekend. Any tips?,"The user would prefer responses that take into account their existing plans to replace the bedroom dresser and their interest in mid-century modern style, suggesting furniture layouts that accommodate the new dresser and incorporate elements of this design aesthetic. They might not prefer general furniture arrangement tips or suggestions that do not consider their specific design preferences.",Consider router placement for better signal.,0,WRONG
57f827a0,50,strict,single-session-preference,I was thinking about rearranging the furniture in my bedroom this weekend. Any tips?,"The user would prefer responses that take into account their existing plans to replace the bedroom dresser and their interest in mid-century modern style, suggesting furniture layouts that accommodate the new dresser and incorporate elements of this design aesthetic. They might not prefer general furniture arrangement tips or suggestions that do not consider their specific design preferences.",Consider router placement for better signal.,0,WRONG
57f827a0,200,public,single-session-preference,I was thinking about rearranging the furniture in my bedroom this weekend. Any tips?,"The user would prefer responses that take into account their existing plans to replace the bedroom dresser and their interest in mid-century modern style, suggesting furniture layouts that accommodate the new dresser and incorporate elements of this design aesthetic. They might not prefer general furniture arrangement tips or suggestions that do not consider their specific design preferences.",Consider router placement for better Wi-Fi.,0,WRONG
57f827a0,200,strict,single-session-preference,I was thinking about rearranging the furniture in my bedroom this weekend. Any tips?,"The user would prefer responses that take into account their existing plans to replace the bedroom dresser and their interest in mid-century modern style, suggesting furniture layouts that accommodate the new dresser and incorporate elements of this design aesthetic. They might not prefer general furniture arrangement tips or suggestions that do not consider their specific design preferences.",Consider router placement for better Wi-Fi.,0,WRONG
5809eb10,50,public,single-session-assistant,I'm looking back at our previous conversation about the Bajimaya v Reward Homes Pty Ltd case. Can you remind me what year the construction of the house began?,2014.,2018,0,WRONG
5809eb10,50,strict,single-session-assistant,I'm looking back at our previous conversation about the Bajimaya v Reward Homes Pty Ltd case. Can you remind me what year the construction of the house began?,2014.,2018,0,WRONG
5809eb10,200,public,single-session-assistant,I'm looking back at our previous conversation about the Bajimaya v Reward Homes Pty Ltd case. Can you remind me what year the construction of the house began?,2014.,2018,0,WRONG
5809eb10,200,strict,single-session-assistant,I'm looking back at our previous conversation about the Bajimaya v Reward Homes Pty Ltd case. Can you remind me what year the construction of the house began?,2014.,2018,0,WRONG
5831f84d,50,public,knowledge-update,How many Crash Course videos have I watched in the past few weeks?,15,10 videos,0,WRONG
5831f84d,50,strict,knowledge-update,How many Crash Course videos have I watched in the past few weeks?,15,10 videos,0,WRONG
5831f84d,200,public,knowledge-update,How many Crash Course videos have I watched in the past few weeks?,15,10 videos,0,WRONG
5831f84d,200,strict,knowledge-update,How many Crash Course videos have I watched in the past few weeks?,15,10 videos,0,WRONG
58470ed2,50,public,single-session-assistant,"I was going through our previous conversation about The Library of Babel, and I wanted to confirm - what did Borges say about the center and circumference of the Library?","According to Borges, 'The Library is a sphere whose exact center is any one of its hexagons and whose circumference is inaccessible.'",The Library has no center or circumference.,0,WRONG
58470ed2,50,strict,single-session-assistant,"I was going through our previous conversation about The Library of Babel, and I wanted to confirm - what did Borges say about the center and circumference of the Library?","According to Borges, 'The Library is a sphere whose exact center is any one of its hexagons and whose circumference is inaccessible.'",The Library has no center or circumference.,0,WRONG
58470ed2,200,public,single-session-assistant,"I was going through our previous conversation about The Library of Babel, and I wanted to confirm - what did Borges say about the center and circumference of the Library?","According to Borges, 'The Library is a sphere whose exact center is any one of its hexagons and whose circumference is inaccessible.'",The Library has no center or circumference.,0,WRONG
58470ed2,200,strict,single-session-assistant,"I was going through our previous conversation about The Library of Babel, and I wanted to confirm - what did Borges say about the center and circumference of the Library?","According to Borges, 'The Library is a sphere whose exact center is any one of its hexagons and whose circumference is inaccessible.'",The Library has no center or circumference.,0,WRONG
58bf7951,50,public,single-session-user,What play did I attend at the local community theater?,The Glass Menagerie,The Glass Menagerie,3,CORRECT
58bf7951,50,strict,single-session-user,What play did I attend at the local community theater?,The Glass Menagerie,The Glass Menagerie,3,CORRECT
58bf7951,200,public,single-session-user,What play did I attend at the local community theater?,The Glass Menagerie,The Glass Menagerie,3,CORRECT
58bf7951,200,strict,single-session-user,What play did I attend at the local community theater?,The Glass Menagerie,The Glass Menagerie,3,CORRECT
58ef2f1c,50,public,single-session-user,When did I volunteer at the local animal shelter's fundraising dinner?,February 14th,No information available.,0,WRONG
58ef2f1c,50,strict,single-session-user,When did I volunteer at the local animal shelter's fundraising dinner?,February 14th,No information available.,0,WRONG
58ef2f1c,200,public,single-session-user,When did I volunteer at the local animal shelter's fundraising dinner?,February 14th,No information available.,0,WRONG
58ef2f1c,200,strict,single-session-user,When did I volunteer at the local animal shelter's fundraising dinner?,February 14th,No information available.,0,WRONG
59524333,50,public,knowledge-update,What time do I usually go to the gym?,6:00 pm,6:00 pm,3,CORRECT
59524333,50,strict,knowledge-update,What time do I usually go to the gym?,6:00 pm,6:00 pm,3,CORRECT
59524333,200,public,knowledge-update,What time do I usually go to the gym?,6:00 pm,6:00 pm,3,CORRECT
59524333,200,strict,knowledge-update,What time do I usually go to the gym?,6:00 pm,6:00 pm,3,CORRECT
5a4f22c0,50,public,knowledge-update,"What company is Rachel, an old colleague from my previous company, currently working at?",TechCorp,TechCorp,3,CORRECT
5a4f22c0,50,strict,knowledge-update,"What company is Rachel, an old colleague from my previous company, currently working at?",TechCorp,TechCorp,3,CORRECT
5a4f22c0,200,public,knowledge-update,"What company is Rachel, an old colleague from my previous company, currently working at?",TechCorp,TechCorp,3,CORRECT
5a4f22c0,200,strict,knowledge-update,"What company is Rachel, an old colleague from my previous company, currently working at?",TechCorp,TechCorp,3,CORRECT
5a7937c8,50,public,multi-session,How many days did I spend participating in faith-related activities in December?,3 days.,December 10 and December 17 — 2 days,0,WRONG
5a7937c8,50,strict,multi-session,How many days did I spend participating in faith-related activities in December?,3 days.,December 10 and December 17 — 2 days,0,WRONG
5a7937c8,200,public,multi-session,How many days did I spend participating in faith-related activities in December?,3 days.,December 10 and December 17 — 2 days,0,WRONG
5a7937c8,200,strict,multi-session,How many days did I spend participating in faith-related activities in December?,3 days.,December 10 and December 17 — 2 days,0,WRONG
5c40ec5b,50,public,knowledge-update,How many times have I met up with Alex from Germany?,We've met up twice.,Twice,3,CORRECT
5c40ec5b,50,strict,knowledge-update,How many times have I met up with Alex from Germany?,We've met up twice.,Twice,3,CORRECT
5c40ec5b,200,public,knowledge-update,How many times have I met up with Alex from Germany?,We've met up twice.,Twice,3,CORRECT
5c40ec5b,200,strict,knowledge-update,How many times have I met up with Alex from Germany?,We've met up twice.,Twice,3,CORRECT
5d3d2817,50,public,single-session-user,What was my previous occupation?,Marketing specialist at a small startup,Marketing specialist,3,CORRECT
5d3d2817,50,strict,single-session-user,What was my previous occupation?,Marketing specialist at a small startup,Marketing specialist,3,CORRECT
5d3d2817,200,public,single-session-user,What was my previous occupation?,Marketing specialist at a small startup,Marketing specialist,3,CORRECT
5d3d2817,200,strict,single-session-user,What was my previous occupation?,Marketing specialist at a small startup,Marketing specialist,3,CORRECT
5e1b23de,50,public,temporal-reasoning,How many months ago did I attend the photography workshop?,3,"The photography workshop is not mentioned in the memories. The only workshop mentioned is the gardening workshop, which occurred in the first week of June 2023. Since the reference date is 2024/02/01, and the gardening workshop was in June 2023, it was 8 months ago.

However, the question asks about a photography workshop, which is not referenced in any memory. Therefore, there is no evidence of attending a photography workshop.

Answer: Not mentioned",3,CORRECT
5e1b23de,50,strict,temporal-reasoning,How many months ago did I attend the photography workshop?,3,"The photography workshop is not mentioned in the memories. The only workshop mentioned is the gardening workshop, which occurred in the first week of June 2023. Since the reference date is 2024/02/01, and the gardening workshop was in June 2023, it was 8 months ago.

However, the question asks about a photography workshop, which is not referenced in any memory. Therefore, there is no evidence of attending a photography workshop.

Answer: Not mentioned",0,WRONG
5e1b23de,200,public,temporal-reasoning,How many months ago did I attend the photography workshop?,3,"1. Identify the relevant memory:  
   Memory #2: ""Recently attended a gardening workshop in the first week of June at the community center"" (timestamp: 2023-10-26 00:54:30)

2. Determine the date of the workshop:  
   The workshop was in the ""first week of June"" — this refers to June 1–7, 2023.

3. Calculate the time difference from the reference date (2024/02/01):  
   From June 2023 to February 2024 is 8 months.

4. Confirm the workshop was in June 2023:  
   The memory was recorded on October 26, 2023, and refers to the workshop as ""recently attended"" — consistent with June 2023.

5. Final calculation:  
   June 2023 to February 2024 = 8 months.

Answer: 8 months ago",0,WRONG
5e1b23de,200,strict,temporal-reasoning,How many months ago did I attend the photography workshop?,3,"1. Identify the relevant memory:  
   Memory #2: ""Recently attended a gardening workshop in the first week of June at the community center"" (timestamp: 2023-10-26 00:54:30)

2. Determine the date of the workshop:  
   The workshop was in the ""first week of June"" — this refers to June 1–7, 2023.

3. Calculate the time difference from the reference date (2024/02/01):  
   From June 2023 to February 2024 is 8 months.

4. Confirm the workshop was in June 2023:  
   The memory was recorded on October 26, 2023, and refers to the workshop as ""recently attended"" — consistent with June 2023.

5. Final calculation:  
   June 2023 to February 2024 = 8 months.

Answer: 8 months ago",0,WRONG
60036106,50,public,multi-session,What was the total number of people reached by my Facebook ad campaign and Instagram influencer collaboration?,"12,000","12,000",3,CORRECT
60036106,50,strict,multi-session,What was the total number of people reached by my Facebook ad campaign and Instagram influencer collaboration?,"12,000","12,000",3,CORRECT
60036106,200,public,multi-session,What was the total number of people reached by my Facebook ad campaign and Instagram influencer collaboration?,"12,000","10,000 people",0,WRONG
60036106,200,strict,multi-session,What was the total number of people reached by my Facebook ad campaign and Instagram influencer collaboration?,"12,000","10,000 people",0,WRONG
60159905,50,public,multi-session,How many dinner parties have I attended in the past month?,three,"1. Identify relevant memories about dinner parties:
   - Memory 16 (2023-05-22 10:29:00): ""Attended a lovely Italian feast at Sarah's place last week""
   - Memory 19 (2023-05-24 10:52:00): ""Had a party with at least 15 people to watch Super Bowl LVII"" — this is a Super Bowl party, not a dinner party
   - Memory 26 (2023-05-23 16:12:00): ""Had a big BBQ recently with burgers, hot dogs, and sausages"" — this is a BBQ, not a dinner party
   - Memory 38 (2023-05-22 19:51:00): ""Planning to serve Pulled Pork with Coleslaw and Baked Beans"" — this is a future plan, not an attended event

2. Focus on memory 16: ""Attended a lovely Italian feast at Sarah's place last week"" — this is the only confirmed dinner party attended.

3. Determine if ""last week"" falls within the past month:
   - Reference date: 2023-05-30
   - Memory 16 is from 2023-05-22, which is within the past month (May 22 to May 30)

4. No other memories mention attending a dinner party in the past month.

5. Conclusion: Only one dinner party attended in the past month.

Answer: 1",0,WRONG
60159905,50,strict,multi-session,How many dinner parties have I attended in the past month?,three,"1. Identify relevant memories about dinner parties:
   - Memory 16 (2023-05-22 10:29:00): ""Attended a lovely Italian feast at Sarah's place last week""
   - Memory 19 (2023-05-24 10:52:00): ""Had a party with at least 15 people to watch Super Bowl LVII"" — this is a Super Bowl party, not a dinner party
   - Memory 26 (2023-05-23 16:12:00): ""Had a big BBQ recently with burgers, hot dogs, and sausages"" — this is a BBQ, not a dinner party
   - Memory 38 (2023-05-22 19:51:00): ""Planning to serve Pulled Pork with Coleslaw and Baked Beans"" — this is a future plan, not an attended event

2. Focus on memory 16: ""Attended a lovely Italian feast at Sarah's place last week"" — this is the only confirmed dinner party attended.

3. Determine if ""last week"" falls within the past month:
   - Reference date: 2023-05-30
   - Memory 16 is from 2023-05-22, which is within the past month (May 22 to May 30)

4. No other memories mention attending a dinner party in the past month.

5. Conclusion: Only one dinner party attended in the past month.

Answer: 1",0,WRONG
60159905,200,public,multi-session,How many dinner parties have I attended in the past month?,three,"1. Identify relevant memories about dinner parties:
   - Memory 16 (2023-05-22 19:27:00): ""Attended a lovely Italian feast at Sarah's place last week""
   - Memory 19 (2023-05-24 10:52:00): ""Had a party with at least 15 people to watch Super Bowl LVII""
   - Memory 26 (2023-05-23 16:12:00): ""Had a big BBQ recently with burgers, hot dogs, and sausages""

2. Determine what constitutes a ""dinner party"":
   - Memory 16 explicitly mentions an ""Italian feast"" at Sarah's place, which qualifies as a dinner party.
   - Memory 19 describes a Super Bowl party, which is a sports event, not a dinner party.
   - Memory 26 describes a BBQ, which is a casual outdoor meal, not a formal dinner party.

3. Check the timing:
   - Reference date: 2023-05-30
   - ""Last week"" in memory 16 (2023-05-22) refers to the week of May 15–21, 2023, which is within the past month.

4. Count the number of dinner parties:
   - Only memory 16 confirms attendance at a dinner party in the past month.

Answer: 1",0,WRONG
60159905,200,strict,multi-session,How many dinner parties have I attended in the past month?,three,"1. Identify relevant memories about dinner parties:
   - Memory 16 (2023-05-22 19:27:00): ""Attended a lovely Italian feast at Sarah's place last week""
   - Memory 19 (2023-05-24 10:52:00): ""Had a party with at least 15 people to watch Super Bowl LVII""
   - Memory 26 (2023-05-23 16:12:00): ""Had a big BBQ recently with burgers, hot dogs, and sausages""

2. Determine what constitutes a ""dinner party"":
   - Memory 16 explicitly mentions an ""Italian feast"" at Sarah's place, which qualifies as a dinner party.
   - Memory 19 describes a Super Bowl party, which is a sports event, not a dinner party.
   - Memory 26 describes a BBQ, which is a casual outdoor meal, not a formal dinner party.

3. Check the timing:
   - Reference date: 2023-05-30
   - ""Last week"" in memory 16 (2023-05-22) refers to the week of May 15–21, 2023, which is within the past month.

4. Count the number of dinner parties:
   - Only memory 16 confirms attendance at a dinner party in the past month.

Answer: 1",0,WRONG
603deb26,50,public,knowledge-update,How many times have I tried making a Negroni at home since my friend Emma showed me how to make it?,10,10 times,3,CORRECT
603deb26,50,strict,knowledge-update,How many times have I tried making a Negroni at home since my friend Emma showed me how to make it?,10,10 times,3,CORRECT
603deb26,200,public,knowledge-update,How many times have I tried making a Negroni at home since my friend Emma showed me how to make it?,10,10 times,3,CORRECT
603deb26,200,strict,knowledge-update,How many times have I tried making a Negroni at home since my friend Emma showed me how to make it?,10,10 times,3,CORRECT
60472f9c,50,public,multi-session,"How many projects have I been working on simultaneously, excluding my thesis?",2,3 projects,0,WRONG
60472f9c,50,strict,multi-session,"How many projects have I been working on simultaneously, excluding my thesis?",2,3 projects,0,WRONG
60472f9c,200,public,multi-session,"How many projects have I been working on simultaneously, excluding my thesis?",2,"Data Mining, Database Systems, group project",0,WRONG
60472f9c,200,strict,multi-session,"How many projects have I been working on simultaneously, excluding my thesis?",2,"Data Mining, Database Systems, group project",0,WRONG
6071bd76,50,public,knowledge-update,"For the coffee-to-water ratio in my French press, did I switch to more water per tablespoon of coffee, or less?",You switched to less water (5 ounces) per tablespoon of coffee.,More water per tablespoon,0,WRONG
6071bd76,50,strict,knowledge-update,"For the coffee-to-water ratio in my French press, did I switch to more water per tablespoon of coffee, or less?",You switched to less water (5 ounces) per tablespoon of coffee.,More water per tablespoon,0,WRONG
6071bd76,200,public,knowledge-update,"For the coffee-to-water ratio in my French press, did I switch to more water per tablespoon of coffee, or less?",You switched to less water (5 ounces) per tablespoon of coffee.,More water per tablespoon,0,WRONG
6071bd76,200,strict,knowledge-update,"For the coffee-to-water ratio in my French press, did I switch to more water per tablespoon of coffee, or less?",You switched to less water (5 ounces) per tablespoon of coffee.,More water per tablespoon,0,WRONG
60bf93ed,50,public,multi-session,How many days did it take for my laptop backpack to arrive after I bought it?,5 days. 6 days (including the last day) is also acceptable.,10 days,0,WRONG
60bf93ed,50,strict,multi-session,How many days did it take for my laptop backpack to arrive after I bought it?,5 days. 6 days (including the last day) is also acceptable.,10 days,0,WRONG
60bf93ed,200,public,multi-session,How many days did it take for my laptop backpack to arrive after I bought it?,5 days. 6 days (including the last day) is also acceptable.,9 days,0,WRONG
60bf93ed,200,strict,multi-session,How many days did it take for my laptop backpack to arrive after I bought it?,5 days. 6 days (including the last day) is also acceptable.,9 days,0,WRONG
60bf93ed_abs,50,public,multi-session,How many days did it take for my iPad case to arrive after I bought it?,The information provided is not enough. You did not mention buying an iPad case.,No information available.,3,CORRECT
60bf93ed_abs,50,strict,multi-session,How many days did it take for my iPad case to arrive after I bought it?,The information provided is not enough. You did not mention buying an iPad case.,No information available.,3,CORRECT
60bf93ed_abs,200,public,multi-session,How many days did it take for my iPad case to arrive after I bought it?,The information provided is not enough. You did not mention buying an iPad case.,No information about iPad case delivery time.,3,CORRECT
60bf93ed_abs,200,strict,multi-session,How many days did it take for my iPad case to arrive after I bought it?,The information provided is not enough. You did not mention buying an iPad case.,No information about iPad case delivery time.,3,CORRECT
60d45044,50,public,single-session-user,What type of rice is my favorite?,Japanese short-grain rice,Short-grain rice,3,CORRECT
60d45044,50,strict,single-session-user,What type of rice is my favorite?,Japanese short-grain rice,Short-grain rice,3,CORRECT
60d45044,200,public,single-session-user,What type of rice is my favorite?,Japanese short-grain rice,Short-grain rice,3,CORRECT
60d45044,200,strict,single-session-user,What type of rice is my favorite?,Japanese short-grain rice,Short-grain rice,3,CORRECT
618f13b2,50,public,knowledge-update,How many times have I worn my new black Converse Chuck Taylor All Star sneakers?,six,Six times,3,CORRECT
618f13b2,50,strict,knowledge-update,How many times have I worn my new black Converse Chuck Taylor All Star sneakers?,six,Six times,3,CORRECT
618f13b2,200,public,knowledge-update,How many times have I worn my new black Converse Chuck Taylor All Star sneakers?,six,6 times,3,CORRECT
618f13b2,200,strict,knowledge-update,How many times have I worn my new black Converse Chuck Taylor All Star sneakers?,six,6 times,3,CORRECT
61f8c8f8,50,public,multi-session,How much faster did I finish the 5K run compared to my previous year's time?,10 minutes,No comparison data available.,0,WRONG
61f8c8f8,50,strict,multi-session,How much faster did I finish the 5K run compared to my previous year's time?,10 minutes,No comparison data available.,0,WRONG
61f8c8f8,200,public,multi-session,How much faster did I finish the 5K run compared to my previous year's time?,10 minutes,35 minutes (no previous year's time mentioned),0,WRONG
61f8c8f8,200,strict,multi-session,How much faster did I finish the 5K run compared to my previous year's time?,10 minutes,35 minutes (no previous year's time mentioned),0,WRONG
6222b6eb,50,public,single-session-assistant,"I was going through our previous conversation about atmospheric correction methods, and I wanted to confirm - you mentioned that 6S, MAJA, and Sen2Cor are all algorithms for atmospheric correction of remote sensing images. Can you remind me which one is implemented in the SIAC_GEE tool?",The 6S algorithm is implemented in the SIAC_GEE tool.,SIAC_GEE uses Sen2Cor.,0,WRONG
6222b6eb,50,strict,single-session-assistant,"I was going through our previous conversation about atmospheric correction methods, and I wanted to confirm - you mentioned that 6S, MAJA, and Sen2Cor are all algorithms for atmospheric correction of remote sensing images. Can you remind me which one is implemented in the SIAC_GEE tool?",The 6S algorithm is implemented in the SIAC_GEE tool.,SIAC_GEE uses Sen2Cor.,0,WRONG
6222b6eb,200,public,single-session-assistant,"I was going through our previous conversation about atmospheric correction methods, and I wanted to confirm - you mentioned that 6S, MAJA, and Sen2Cor are all algorithms for atmospheric correction of remote sensing images. Can you remind me which one is implemented in the SIAC_GEE tool?",The 6S algorithm is implemented in the SIAC_GEE tool.,MAJA,0,WRONG
6222b6eb,200,strict,single-session-assistant,"I was going through our previous conversation about atmospheric correction methods, and I wanted to confirm - you mentioned that 6S, MAJA, and Sen2Cor are all algorithms for atmospheric correction of remote sensing images. Can you remind me which one is implemented in the SIAC_GEE tool?",The 6S algorithm is implemented in the SIAC_GEE tool.,MAJA,0,WRONG
6456829e,50,public,multi-session,How many plants did I initially plant for tomatoes and cucumbers?,8,"5 tomato plants, 0 cucumber plants",0,WRONG
6456829e,50,strict,multi-session,How many plants did I initially plant for tomatoes and cucumbers?,8,"5 tomato plants, 0 cucumber plants",0,WRONG
6456829e,200,public,multi-session,How many plants did I initially plant for tomatoes and cucumbers?,8,"5 tomato plants, 0 cucumber plants",0,WRONG
6456829e,200,strict,multi-session,How many plants did I initially plant for tomatoes and cucumbers?,8,"5 tomato plants, 0 cucumber plants",0,WRONG
6456829e_abs,50,public,multi-session,How many plants did I initially plant for tomatoes and chili peppers?,The information provided is not enough. You mentioned planting 5 plants for tomatoes but you did not mention chili peppers.,"5 tomato plants, 0 chili peppers",0,WRONG
6456829e_abs,50,strict,multi-session,How many plants did I initially plant for tomatoes and chili peppers?,The information provided is not enough. You mentioned planting 5 plants for tomatoes but you did not mention chili peppers.,"5 tomato plants, 0 chili peppers",0,WRONG
6456829e_abs,200,public,multi-session,How many plants did I initially plant for tomatoes and chili peppers?,The information provided is not enough. You mentioned planting 5 plants for tomatoes but you did not mention chili peppers.,"5 tomato plants, 0 chili peppers",0,WRONG
6456829e_abs,200,strict,multi-session,How many plants did I initially plant for tomatoes and chili peppers?,The information provided is not enough. You mentioned planting 5 plants for tomatoes but you did not mention chili peppers.,"5 tomato plants, 0 chili peppers",0,WRONG
65240037,50,public,single-session-assistant,I remember you told me to dilute tea tree oil with a carrier oil before applying it to my skin. Can you remind me what the recommended ratio is?,"The recommended ratio is 1:10, meaning one part tea tree oil to ten parts carrier oil.",No memory mentions a recommended ratio.,0,WRONG
65240037,50,strict,single-session-assistant,I remember you told me to dilute tea tree oil with a carrier oil before applying it to my skin. Can you remind me what the recommended ratio is?,"The recommended ratio is 1:10, meaning one part tea tree oil to ten parts carrier oil.",No memory mentions a recommended ratio.,0,WRONG
65240037,200,public,single-session-assistant,I remember you told me to dilute tea tree oil with a carrier oil before applying it to my skin. Can you remind me what the recommended ratio is?,"The recommended ratio is 1:10, meaning one part tea tree oil to ten parts carrier oil.",No recommendation found in memories.,0,WRONG
65240037,200,strict,single-session-assistant,I remember you told me to dilute tea tree oil with a carrier oil before applying it to my skin. Can you remind me what the recommended ratio is?,"The recommended ratio is 1:10, meaning one part tea tree oil to ten parts carrier oil.",No recommendation found in memories.,0,WRONG
6613b389,50,public,temporal-reasoning,How many months before my anniversary did Rachel get engaged?,2,May 15 to July 22 is 2 months.,3,CORRECT
6613b389,50,strict,temporal-reasoning,How many months before my anniversary did Rachel get engaged?,2,May 15 to July 22 is 2 months.,3,CORRECT
6613b389,200,public,temporal-reasoning,How many months before my anniversary did Rachel get engaged?,2,May to July = 2 months,3,CORRECT
6613b389,200,strict,temporal-reasoning,How many months before my anniversary did Rachel get engaged?,2,May to July = 2 months,3,CORRECT
66f24dbb,50,public,single-session-user,What did I buy for my sister's birthday gift?,a yellow dress,Yellow dress and matching earrings,3,CORRECT
66f24dbb,50,strict,single-session-user,What did I buy for my sister's birthday gift?,a yellow dress,Yellow dress and matching earrings,3,CORRECT
66f24dbb,200,public,single-session-user,What did I buy for my sister's birthday gift?,a yellow dress,Yellow dress and matching earrings,3,CORRECT
66f24dbb,200,strict,single-session-user,What did I buy for my sister's birthday gift?,a yellow dress,Yellow dress and matching earrings,3,CORRECT
67e0d0f2,50,public,multi-session,What is the total number of online courses I've completed?,20,12 courses,0,WRONG
67e0d0f2,50,strict,multi-session,What is the total number of online courses I've completed?,20,12 courses,0,WRONG
67e0d0f2,200,public,multi-session,What is the total number of online courses I've completed?,20,12 courses,0,WRONG
67e0d0f2,200,strict,multi-session,What is the total number of online courses I've completed?,20,12 courses,0,WRONG
681a1674,50,public,multi-session,How many Marvel movies did I re-watch?,2,1 (Avengers: Endgame),0,WRONG
681a1674,50,strict,multi-session,How many Marvel movies did I re-watch?,2,1 (Avengers: Endgame),0,WRONG
681a1674,200,public,multi-session,How many Marvel movies did I re-watch?,2,1 (Avengers: Endgame),0,WRONG
681a1674,200,strict,multi-session,How many Marvel movies did I re-watch?,2,1 (Avengers: Endgame),0,WRONG
69fee5aa,50,public,knowledge-update,How many pre-1920 American coins do I have in my collection?,38,37 pre-1920 American coins,0,WRONG
69fee5aa,50,strict,knowledge-update,How many pre-1920 American coins do I have in my collection?,38,37 pre-1920 American coins,0,WRONG
69fee5aa,200,public,knowledge-update,How many pre-1920 American coins do I have in my collection?,38,37 pre-1920 American coins,0,WRONG
69fee5aa,200,strict,knowledge-update,How many pre-1920 American coins do I have in my collection?,38,37 pre-1920 American coins,0,WRONG
6a1eabeb,50,public,knowledge-update,What was my personal best time in the charity 5K run?,25 minutes and 50 seconds (or 25:50),27:12,0,WRONG
6a1eabeb,50,strict,knowledge-update,What was my personal best time in the charity 5K run?,25 minutes and 50 seconds (or 25:50),27:12,0,WRONG
6a1eabeb,200,public,knowledge-update,What was my personal best time in the charity 5K run?,25 minutes and 50 seconds (or 25:50),27:12,0,WRONG
6a1eabeb,200,strict,knowledge-update,What was my personal best time in the charity 5K run?,25 minutes and 50 seconds (or 25:50),27:12,0,WRONG
6a27ffc2,50,public,knowledge-update,How many videos of Corey Schafer's Python programming series have I completed so far?,30,20 videos,0,WRONG
6a27ffc2,50,strict,knowledge-update,How many videos of Corey Schafer's Python programming series have I completed so far?,30,20 videos,0,WRONG
6a27ffc2,200,public,knowledge-update,How many videos of Corey Schafer's Python programming series have I completed so far?,30,20 videos,0,WRONG
6a27ffc2,200,strict,knowledge-update,How many videos of Corey Schafer's Python programming series have I completed so far?,30,20 videos,0,WRONG
6ade9755,50,public,single-session-user,Where do I take yoga classes?,Serenity Yoga,Serenity Yoga,3,CORRECT
6ade9755,50,strict,single-session-user,Where do I take yoga classes?,Serenity Yoga,Serenity Yoga,3,CORRECT
6ade9755,200,public,single-session-user,Where do I take yoga classes?,Serenity Yoga,Serenity Yoga,3,CORRECT
6ade9755,200,strict,single-session-user,Where do I take yoga classes?,Serenity Yoga,Serenity Yoga,3,CORRECT
6ae235be,50,public,single-session-assistant,I remember you told me about the refining processes at CITGO's three refineries earlier. Can you remind me what kind of processes are used at the Lake Charles Refinery?,"Atmospheric distillation, fluid catalytic cracking (FCC), alkylation, and hydrotreating.",Cracking and hydrotreating processes,3,CORRECT
6ae235be,50,strict,single-session-assistant,I remember you told me about the refining processes at CITGO's three refineries earlier. Can you remind me what kind of processes are used at the Lake Charles Refinery?,"Atmospheric distillation, fluid catalytic cracking (FCC), alkylation, and hydrotreating.",Cracking and hydrotreating processes,3,CORRECT
6ae235be,200,public,single-session-assistant,I remember you told me about the refining processes at CITGO's three refineries earlier. Can you remind me what kind of processes are used at the Lake Charles Refinery?,"Atmospheric distillation, fluid catalytic cracking (FCC), alkylation, and hydrotreating.",The memories do not specify the refining processes used at the Lake Charles Refinery.,0,WRONG
6ae235be,200,strict,single-session-assistant,I remember you told me about the refining processes at CITGO's three refineries earlier. Can you remind me what kind of processes are used at the Lake Charles Refinery?,"Atmospheric distillation, fluid catalytic cracking (FCC), alkylation, and hydrotreating.",The memories do not specify the refining processes used at the Lake Charles Refinery.,0,WRONG
6aeb4375,50,public,knowledge-update,How many Korean restaurants have I tried in my city?,four,Four Korean restaurants,3,CORRECT
6aeb4375,50,strict,knowledge-update,How many Korean restaurants have I tried in my city?,four,Four Korean restaurants,3,CORRECT
6aeb4375,200,public,knowledge-update,How many Korean restaurants have I tried in my city?,four,Four Korean restaurants.,3,CORRECT
6aeb4375,200,strict,knowledge-update,How many Korean restaurants have I tried in my city?,four,Four Korean restaurants.,3,CORRECT
6aeb4375_abs,50,public,knowledge-update,How many Italian restaurants have I tried in my city?,The information provided is not enough. You mentioned trying Korean restaurants but not Italian restaurants.,No Italian restaurants tried.,3,CORRECT
6aeb4375_abs,50,strict,knowledge-update,How many Italian restaurants have I tried in my city?,The information provided is not enough. You mentioned trying Korean restaurants but not Italian restaurants.,No Italian restaurants tried.,3,CORRECT
6aeb4375_abs,200,public,knowledge-update,How many Italian restaurants have I tried in my city?,The information provided is not enough. You mentioned trying Korean restaurants but not Italian restaurants.,No information available.,3,CORRECT
6aeb4375_abs,200,strict,knowledge-update,How many Italian restaurants have I tried in my city?,The information provided is not enough. You mentioned trying Korean restaurants but not Italian restaurants.,No information available.,3,CORRECT
6b168ec8,50,public,single-session-user,How many bikes do I own?,three,Three bikes,3,CORRECT
6b168ec8,50,strict,single-session-user,How many bikes do I own?,three,Three bikes,3,CORRECT
6b168ec8,200,public,single-session-user,How many bikes do I own?,three,Three bikes,3,CORRECT
6b168ec8,200,strict,single-session-user,How many bikes do I own?,three,Three bikes,3,CORRECT
6b7dfb22,50,public,single-session-preference,I've been feeling a bit stuck with my paintings lately. Do you have any ideas on how I can find new inspiration?,"The user would prefer responses that build upon their existing sources of inspiration, such as revisiting Instagram art accounts or exploring new techniques from online tutorials. They might also appreciate suggestions that revisit previous themes they found enjoyable, like painting flowers. The user would not prefer generic or vague suggestions for finding inspiration, and would likely appreciate responses that utilize their recent 30-day painting challenge experience.","Inspired by rustic barn weddings, natural elements, and social media.",0,WRONG
6b7dfb22,50,strict,single-session-preference,I've been feeling a bit stuck with my paintings lately. Do you have any ideas on how I can find new inspiration?,"The user would prefer responses that build upon their existing sources of inspiration, such as revisiting Instagram art accounts or exploring new techniques from online tutorials. They might also appreciate suggestions that revisit previous themes they found enjoyable, like painting flowers. The user would not prefer generic or vague suggestions for finding inspiration, and would likely appreciate responses that utilize their recent 30-day painting challenge experience.","Inspired by rustic barn weddings, natural elements, and social media.",0,WRONG
6b7dfb22,200,public,single-session-preference,I've been feeling a bit stuck with my paintings lately. Do you have any ideas on how I can find new inspiration?,"The user would prefer responses that build upon their existing sources of inspiration, such as revisiting Instagram art accounts or exploring new techniques from online tutorials. They might also appreciate suggestions that revisit previous themes they found enjoyable, like painting flowers. The user would not prefer generic or vague suggestions for finding inspiration, and would likely appreciate responses that utilize their recent 30-day painting challenge experience.","Explore nature, try new textures, join online art communities, visit galleries, or revisit old sketches for fresh ideas.",0,WRONG
6b7dfb22,200,strict,single-session-preference,I've been feeling a bit stuck with my paintings lately. Do you have any ideas on how I can find new inspiration?,"The user would prefer responses that build upon their existing sources of inspiration, such as revisiting Instagram art accounts or exploring new techniques from online tutorials. They might also appreciate suggestions that revisit previous themes they found enjoyable, like painting flowers. The user would not prefer generic or vague suggestions for finding inspiration, and would likely appreciate responses that utilize their recent 30-day painting challenge experience.","Explore nature, try new textures, join online art communities, visit galleries, or revisit old sketches for fresh ideas.",0,WRONG
6c49646a,50,public,multi-session,What is the total distance I covered in my four road trips?,"3,000 miles","1,800 miles",0,WRONG
6c49646a,50,strict,multi-session,What is the total distance I covered in my four road trips?,"3,000 miles","1,800 miles",0,WRONG
6c49646a,200,public,multi-session,What is the total distance I covered in my four road trips?,"3,000 miles","1,800 miles",0,WRONG
6c49646a,200,strict,multi-session,What is the total distance I covered in my four road trips?,"3,000 miles","1,800 miles",0,WRONG
6cb6f249,50,public,multi-session,How many days did I take social media breaks in total?,17 days,10 + 7 = 17 days,3,CORRECT
6cb6f249,50,strict,multi-session,How many days did I take social media breaks in total?,17 days,10 + 7 = 17 days,3,CORRECT
6cb6f249,200,public,multi-session,How many days did I take social media breaks in total?,17 days,10 + 7 = 17 days,3,CORRECT
6cb6f249,200,strict,multi-session,How many days did I take social media breaks in total?,17 days,10 + 7 = 17 days,3,CORRECT
6d550036,50,public,multi-session,How many projects have I led or am currently leading?,2,Three projects.,0,WRONG
6d550036,50,strict,multi-session,How many projects have I led or am currently leading?,2,Three projects.,0,WRONG
6d550036,200,public,multi-session,How many projects have I led or am currently leading?,2,Three projects.,0,WRONG
6d550036,200,strict,multi-session,How many projects have I led or am currently leading?,2,Three projects.,0,WRONG
6e984301,50,public,temporal-reasoning,How many weeks have I been taking sculpting classes when I invested in my own set of sculpting tools?,3,6 weeks,0,WRONG
6e984301,50,strict,temporal-reasoning,How many weeks have I been taking sculpting classes when I invested in my own set of sculpting tools?,3,6 weeks,0,WRONG
6e984301,200,public,temporal-reasoning,How many weeks have I been taking sculpting classes when I invested in my own set of sculpting tools?,3,6 weeks,0,WRONG
6e984301,200,strict,temporal-reasoning,How many weeks have I been taking sculpting classes when I invested in my own set of sculpting tools?,3,6 weeks,0,WRONG
6e984302,50,public,temporal-reasoning,I mentioned an investment for a competition four weeks ago? What did I buy?,I got my own set of sculpting tools.,Sculpture materials,3,CORRECT
6e984302,50,strict,temporal-reasoning,I mentioned an investment for a competition four weeks ago? What did I buy?,I got my own set of sculpting tools.,Sculpture materials,3,CORRECT
6e984302,200,public,temporal-reasoning,I mentioned an investment for a competition four weeks ago? What did I buy?,I got my own set of sculpting tools.,Silver necklace with pendant,0,WRONG
6e984302,200,strict,temporal-reasoning,I mentioned an investment for a competition four weeks ago? What did I buy?,I got my own set of sculpting tools.,Silver necklace with pendant,0,WRONG
6f9b354f,50,public,single-session-user,What color did I repaint my bedroom walls?,a lighter shade of gray,Lighter shade of gray,3,CORRECT
6f9b354f,50,strict,single-session-user,What color did I repaint my bedroom walls?,a lighter shade of gray,Lighter shade of gray,3,CORRECT
6f9b354f,200,public,single-session-user,What color did I repaint my bedroom walls?,a lighter shade of gray,Lighter shade of gray,3,CORRECT
6f9b354f,200,strict,single-session-user,What color did I repaint my bedroom walls?,a lighter shade of gray,Lighter shade of gray,3,CORRECT
7024f17c,50,public,multi-session,How many hours of jogging and yoga did I do last week?,0.5 hours,"Jogging: 0.5 hours, Yoga: 0 hours",3,CORRECT
7024f17c,50,strict,multi-session,How many hours of jogging and yoga did I do last week?,0.5 hours,"Jogging: 0.5 hours, Yoga: 0 hours",3,CORRECT
7024f17c,200,public,multi-session,How many hours of jogging and yoga did I do last week?,0.5 hours,"Jogging: 0.5 hours, Yoga: 0 hours",3,CORRECT
7024f17c,200,strict,multi-session,How many hours of jogging and yoga did I do last week?,0.5 hours,"Jogging: 0.5 hours, Yoga: 0 hours",3,CORRECT
70b3e69b,50,public,single-session-assistant,I was going through our previous conversation about the impact of the political climate in Catalonia on its literature and music. Can you remind me of the example you gave of a Spanish-Catalan singer-songwriter who supports unity between Catalonia and Spain?,Manolo García,No specific singer-songwriter mentioned.,0,WRONG
70b3e69b,50,strict,single-session-assistant,I was going through our previous conversation about the impact of the political climate in Catalonia on its literature and music. Can you remind me of the example you gave of a Spanish-Catalan singer-songwriter who supports unity between Catalonia and Spain?,Manolo García,No specific singer-songwriter mentioned.,0,WRONG
70b3e69b,200,public,single-session-assistant,I was going through our previous conversation about the impact of the political climate in Catalonia on its literature and music. Can you remind me of the example you gave of a Spanish-Catalan singer-songwriter who supports unity between Catalonia and Spain?,Manolo García,No specific singer-songwriter was mentioned in the memories.,0,WRONG
70b3e69b,200,strict,single-session-assistant,I was going through our previous conversation about the impact of the political climate in Catalonia on its literature and music. Can you remind me of the example you gave of a Spanish-Catalan singer-songwriter who supports unity between Catalonia and Spain?,Manolo García,No specific singer-songwriter was mentioned in the memories.,0,WRONG
71017276,50,public,temporal-reasoning,How many weeks ago did I meet up with my aunt and receive the crystal chandelier?,4,1 week ago,0,WRONG
71017276,50,strict,temporal-reasoning,How many weeks ago did I meet up with my aunt and receive the crystal chandelier?,4,1 week ago,0,WRONG
71017276,200,public,temporal-reasoning,How many weeks ago did I meet up with my aunt and receive the crystal chandelier?,4,4 weeks ago,3,CORRECT
71017276,200,strict,temporal-reasoning,How many weeks ago did I meet up with my aunt and receive the crystal chandelier?,4,4 weeks ago,3,CORRECT
71017277,50,public,temporal-reasoning,I received a piece of jewelry last Saturday from whom?,my aunt,Aunt,3,CORRECT
71017277,50,strict,temporal-reasoning,I received a piece of jewelry last Saturday from whom?,my aunt,Aunt,3,CORRECT
71017277,200,public,temporal-reasoning,I received a piece of jewelry last Saturday from whom?,my aunt,Aunt,3,CORRECT
71017277,200,strict,temporal-reasoning,I received a piece of jewelry last Saturday from whom?,my aunt,Aunt,3,CORRECT
71315a70,50,public,knowledge-update,How many hours have I spent on my abstract ocean sculpture?,10-12 hours,10-12 hours,3,CORRECT
71315a70,50,strict,knowledge-update,How many hours have I spent on my abstract ocean sculpture?,10-12 hours,10-12 hours,3,CORRECT
71315a70,200,public,knowledge-update,How many hours have I spent on my abstract ocean sculpture?,10-12 hours,10-12 hours,3,CORRECT
71315a70,200,strict,knowledge-update,How many hours have I spent on my abstract ocean sculpture?,10-12 hours,10-12 hours,3,CORRECT
7161e7e2,50,public,single-session-assistant,I'm checking our previous chat about the shift rotation sheet for GM social media agents. Can you remind me what was the rotation for Admon on a Sunday?,Admon was assigned to the 8 am - 4 pm (Day Shift) on Sundays.,Admon works the Day Shift (8 am - 4 pm) on Sunday.,3,CORRECT
7161e7e2,50,strict,single-session-assistant,I'm checking our previous chat about the shift rotation sheet for GM social media agents. Can you remind me what was the rotation for Admon on a Sunday?,Admon was assigned to the 8 am - 4 pm (Day Shift) on Sundays.,Admon works the Day Shift (8 am - 4 pm) on Sunday.,3,CORRECT
7161e7e2,200,public,single-session-assistant,I'm checking our previous chat about the shift rotation sheet for GM social media agents. Can you remind me what was the rotation for Admon on a Sunday?,Admon was assigned to the 8 am - 4 pm (Day Shift) on Sundays.,Admon works the Day Shift (8 am - 4 pm) on Sunday.,3,CORRECT
7161e7e2,200,strict,single-session-assistant,I'm checking our previous chat about the shift rotation sheet for GM social media agents. Can you remind me what was the rotation for Admon on a Sunday?,Admon was assigned to the 8 am - 4 pm (Day Shift) on Sundays.,Admon works the Day Shift (8 am - 4 pm) on Sunday.,3,CORRECT
71a3fd6b,50,public,single-session-assistant,"I'm planning my trip to Speyer again and I wanted to confirm, what's the phone number of the Speyer tourism board that you provided me earlier?",+49 (0) 62 32 / 14 23 - 0,No phone number provided,0,WRONG
71a3fd6b,50,strict,single-session-assistant,"I'm planning my trip to Speyer again and I wanted to confirm, what's the phone number of the Speyer tourism board that you provided me earlier?",+49 (0) 62 32 / 14 23 - 0,No phone number provided,0,WRONG
71a3fd6b,200,public,single-session-assistant,"I'm planning my trip to Speyer again and I wanted to confirm, what's the phone number of the Speyer tourism board that you provided me earlier?",+49 (0) 62 32 / 14 23 - 0,No phone number provided.,0,WRONG
71a3fd6b,200,strict,single-session-assistant,"I'm planning my trip to Speyer again and I wanted to confirm, what's the phone number of the Speyer tourism board that you provided me earlier?",+49 (0) 62 32 / 14 23 - 0,No phone number provided.,0,WRONG
720133ac,50,public,multi-session,What is the total cost of Lola's vet visit and flea medication?,$75,"$75

Step-by-step reasoning:
- From memory 1 (2023-05-24 19:12:30): ""Recently took Lola to the vet and received a $50 discounted consultation fee as a regular customer"" → Vet visit cost: $50
- From memory 3 (2023-05-30 10:32:00): ""Purchased flea and tick prevention medication for $25 for a 3-month supply"" → Medication cost: $25
- Total cost = $50 (vet) + $25 (medication) = $75

No contradictions or conflicting data. Answer is direct and based on explicit costs in memories.",3,CORRECT
720133ac,50,strict,multi-session,What is the total cost of Lola's vet visit and flea medication?,$75,"$75

Step-by-step reasoning:
- From memory 1 (2023-05-24 19:12:30): ""Recently took Lola to the vet and received a $50 discounted consultation fee as a regular customer"" → Vet visit cost: $50
- From memory 3 (2023-05-30 10:32:00): ""Purchased flea and tick prevention medication for $25 for a 3-month supply"" → Medication cost: $25
- Total cost = $50 (vet) + $25 (medication) = $75

No contradictions or conflicting data. Answer is direct and based on explicit costs in memories.",3,CORRECT
720133ac,200,public,multi-session,What is the total cost of Lola's vet visit and flea medication?,$75,$75,3,CORRECT
720133ac,200,strict,multi-session,What is the total cost of Lola's vet visit and flea medication?,$75,$75,3,CORRECT
726462e0,50,public,single-session-user,What was the discount I got on my first purchase from the new clothing brand?,10%,10% discount,3,CORRECT
726462e0,50,strict,single-session-user,What was the discount I got on my first purchase from the new clothing brand?,10%,10% discount,3,CORRECT
726462e0,200,public,single-session-user,What was the discount I got on my first purchase from the new clothing brand?,10%,10% discount,3,CORRECT
726462e0,200,strict,single-session-user,What was the discount I got on my first purchase from the new clothing brand?,10%,10% discount,3,CORRECT
72e3ee87,50,public,knowledge-update,How many episodes of the Science series have I completed on Crash Course?,50,50 episodes,3,CORRECT
72e3ee87,50,strict,knowledge-update,How many episodes of the Science series have I completed on Crash Course?,50,50 episodes,3,CORRECT
72e3ee87,200,public,knowledge-update,How many episodes of the Science series have I completed on Crash Course?,50,50 episodes,3,CORRECT
72e3ee87,200,strict,knowledge-update,How many episodes of the Science series have I completed on Crash Course?,50,50 episodes,3,CORRECT
73d42213,50,public,multi-session,What time did I reach the clinic on Monday?,9:00 AM,1:00 PM,0,WRONG
73d42213,50,strict,multi-session,What time did I reach the clinic on Monday?,9:00 AM,1:00 PM,0,WRONG
73d42213,200,public,multi-session,What time did I reach the clinic on Monday?,9:00 AM,1:00 PM,0,WRONG
73d42213,200,strict,multi-session,What time did I reach the clinic on Monday?,9:00 AM,1:00 PM,0,WRONG
7401057b,50,public,knowledge-update,How many free night's stays can I redeem at any Hilton property with my accumulated points?,Two,1 free night stay,0,WRONG
7401057b,50,strict,knowledge-update,How many free night's stays can I redeem at any Hilton property with my accumulated points?,Two,1 free night stay,0,WRONG
7401057b,200,public,knowledge-update,How many free night's stays can I redeem at any Hilton property with my accumulated points?,Two,1 free night stay,0,WRONG
7401057b,200,strict,knowledge-update,How many free night's stays can I redeem at any Hilton property with my accumulated points?,Two,1 free night stay,0,WRONG
7405e8b1,50,public,multi-session,"Did I receive a higher percentage discount on my first order from HelloFresh, compared to my first UberEats order?",Yes.,"Yes, 40% > 20%",3,CORRECT
7405e8b1,50,strict,multi-session,"Did I receive a higher percentage discount on my first order from HelloFresh, compared to my first UberEats order?",Yes.,"Yes, 40% > 20%",3,CORRECT
7405e8b1,200,public,multi-session,"Did I receive a higher percentage discount on my first order from HelloFresh, compared to my first UberEats order?",Yes.,40% > 20%,3,CORRECT
7405e8b1,200,strict,multi-session,"Did I receive a higher percentage discount on my first order from HelloFresh, compared to my first UberEats order?",Yes.,40% > 20%,3,CORRECT
7527f7e2,50,public,single-session-user,How much did I spend on a designer handbag?,$800,$800,3,CORRECT
7527f7e2,50,strict,single-session-user,How much did I spend on a designer handbag?,$800,$800,3,CORRECT
7527f7e2,200,public,single-session-user,How much did I spend on a designer handbag?,$800,$800,3,CORRECT
7527f7e2,200,strict,single-session-user,How much did I spend on a designer handbag?,$800,$800,3,CORRECT
75499fd8,50,public,single-session-user,What breed is my dog?,Golden Retriever,Golden Retriever,3,CORRECT
75499fd8,50,strict,single-session-user,What breed is my dog?,Golden Retriever,Golden Retriever,3,CORRECT
75499fd8,200,public,single-session-user,What breed is my dog?,Golden Retriever,Golden Retriever,3,CORRECT
75499fd8,200,strict,single-session-user,What breed is my dog?,Golden Retriever,Golden Retriever,3,CORRECT
75832dbd,50,public,single-session-preference,Can you recommend some recent publications or conferences that I might find interesting?,"The user would prefer suggestions related to recent research papers, articles, or conferences that focus on artificial intelligence in healthcare, particularly those that involve deep learning for medical image analysis. They would not be interested in general AI topics or those unrelated to healthcare.",2023-05-22 03:10:30,0,WRONG
75832dbd,50,strict,single-session-preference,Can you recommend some recent publications or conferences that I might find interesting?,"The user would prefer suggestions related to recent research papers, articles, or conferences that focus on artificial intelligence in healthcare, particularly those that involve deep learning for medical image analysis. They would not be interested in general AI topics or those unrelated to healthcare.",2023-05-22 03:10:30,0,WRONG
75832dbd,200,public,single-session-preference,Can you recommend some recent publications or conferences that I might find interesting?,"The user would prefer suggestions related to recent research papers, articles, or conferences that focus on artificial intelligence in healthcare, particularly those that involve deep learning for medical image analysis. They would not be interested in general AI topics or those unrelated to healthcare.",2023-05-22 03:10:30,0,WRONG
75832dbd,200,strict,single-session-preference,Can you recommend some recent publications or conferences that I might find interesting?,"The user would prefer suggestions related to recent research papers, articles, or conferences that focus on artificial intelligence in healthcare, particularly those that involve deep learning for medical image analysis. They would not be interested in general AI topics or those unrelated to healthcare.",2023-05-22 03:10:30,0,WRONG
75f70248,50,public,single-session-preference,I've been sneezing quite a bit lately. Do you think it might be my living room?,"The user would prefer responses that consider the potential impact of their cat, Luna, and her shedding on their sneezing, as well as the recent deep clean of the living room and its possible effect on stirring up dust. They might not prefer responses that fail to take into account these specific details previously mentioned, such as generic suggestions or unrelated factors.",Allergic reaction to plants or dust in living room.,0,WRONG
75f70248,50,strict,single-session-preference,I've been sneezing quite a bit lately. Do you think it might be my living room?,"The user would prefer responses that consider the potential impact of their cat, Luna, and her shedding on their sneezing, as well as the recent deep clean of the living room and its possible effect on stirring up dust. They might not prefer responses that fail to take into account these specific details previously mentioned, such as generic suggestions or unrelated factors.",Allergic reaction to plants or dust in living room.,0,WRONG
75f70248,200,public,single-session-preference,I've been sneezing quite a bit lately. Do you think it might be my living room?,"The user would prefer responses that consider the potential impact of their cat, Luna, and her shedding on their sneezing, as well as the recent deep clean of the living room and its possible effect on stirring up dust. They might not prefer responses that fail to take into account these specific details previously mentioned, such as generic suggestions or unrelated factors.",Allergy trigger in living room,0,WRONG
75f70248,200,strict,single-session-preference,I've been sneezing quite a bit lately. Do you think it might be my living room?,"The user would prefer responses that consider the potential impact of their cat, Luna, and her shedding on their sneezing, as well as the recent deep clean of the living room and its possible effect on stirring up dust. They might not prefer responses that fail to take into account these specific details previously mentioned, such as generic suggestions or unrelated factors.",Allergy trigger in living room,0,WRONG
76d63226,50,public,single-session-user,What size is my new Samsung TV?,55-inch,55-inch,3,CORRECT
76d63226,50,strict,single-session-user,What size is my new Samsung TV?,55-inch,55-inch,3,CORRECT
76d63226,200,public,single-session-user,What size is my new Samsung TV?,55-inch,55-inch,3,CORRECT
76d63226,200,strict,single-session-user,What size is my new Samsung TV?,55-inch,55-inch,3,CORRECT
778164c6,50,public,single-session-assistant,"I was looking back at our previous conversation about Caribbean dishes and I was wondering, what was the name of that Jamaican dish you recommended I try with snapper that has fruit in it?",Grilled Snapper with Mango Salsa,Ackee and saltfish,0,WRONG
778164c6,50,strict,single-session-assistant,"I was looking back at our previous conversation about Caribbean dishes and I was wondering, what was the name of that Jamaican dish you recommended I try with snapper that has fruit in it?",Grilled Snapper with Mango Salsa,Ackee and saltfish,0,WRONG
778164c6,200,public,single-session-assistant,"I was looking back at our previous conversation about Caribbean dishes and I was wondering, what was the name of that Jamaican dish you recommended I try with snapper that has fruit in it?",Grilled Snapper with Mango Salsa,Ackee and saltfish,0,WRONG
778164c6,200,strict,single-session-assistant,"I was looking back at our previous conversation about Caribbean dishes and I was wondering, what was the name of that Jamaican dish you recommended I try with snapper that has fruit in it?",Grilled Snapper with Mango Salsa,Ackee and saltfish,0,WRONG
77eafa52,50,public,multi-session,How much more did I have to pay for the trip after the initial quote?,$300,$300 more,3,CORRECT
77eafa52,50,strict,multi-session,How much more did I have to pay for the trip after the initial quote?,$300,$300 more,3,CORRECT
77eafa52,200,public,multi-session,How much more did I have to pay for the trip after the initial quote?,$300,$300 more,3,CORRECT
77eafa52,200,strict,multi-session,How much more did I have to pay for the trip after the initial quote?,$300,$300 more,3,CORRECT
7a87bd0c,50,public,knowledge-update,How long have I been sticking to my daily tidying routine?,4 weeks,4 weeks,3,CORRECT
7a87bd0c,50,strict,knowledge-update,How long have I been sticking to my daily tidying routine?,4 weeks,4 weeks,3,CORRECT
7a87bd0c,200,public,knowledge-update,How long have I been sticking to my daily tidying routine?,4 weeks,4 weeks,3,CORRECT
7a87bd0c,200,strict,knowledge-update,How long have I been sticking to my daily tidying routine?,4 weeks,4 weeks,3,CORRECT
7a8d0b71,50,public,single-session-assistant,I'm looking back at our previous chat about the DHL Wellness Retreats campaign. Can you remind me how much was allocated for influencer marketing in the campaign plan?,"$2,000",No information available.,0,WRONG
7a8d0b71,50,strict,single-session-assistant,I'm looking back at our previous chat about the DHL Wellness Retreats campaign. Can you remind me how much was allocated for influencer marketing in the campaign plan?,"$2,000",No information available.,0,WRONG
7a8d0b71,200,public,single-session-assistant,I'm looking back at our previous chat about the DHL Wellness Retreats campaign. Can you remind me how much was allocated for influencer marketing in the campaign plan?,"$2,000",No information available on influencer marketing budget.,0,WRONG
7a8d0b71,200,strict,single-session-assistant,I'm looking back at our previous chat about the DHL Wellness Retreats campaign. Can you remind me how much was allocated for influencer marketing in the campaign plan?,"$2,000",No information available on influencer marketing budget.,0,WRONG
7e00a6cb,50,public,single-session-assistant,"I'm planning my trip to Amsterdam again and I was wondering, what was the name of that hostel near the Red Light District that you recommended last time?",International Budget Hostel,No specific hostel name mentioned.,0,WRONG
7e00a6cb,50,strict,single-session-assistant,"I'm planning my trip to Amsterdam again and I was wondering, what was the name of that hostel near the Red Light District that you recommended last time?",International Budget Hostel,No specific hostel name mentioned.,0,WRONG
7e00a6cb,200,public,single-session-assistant,"I'm planning my trip to Amsterdam again and I was wondering, what was the name of that hostel near the Red Light District that you recommended last time?",International Budget Hostel,No specific hostel name mentioned.,0,WRONG
7e00a6cb,200,strict,single-session-assistant,"I'm planning my trip to Amsterdam again and I was wondering, what was the name of that hostel near the Red Light District that you recommended last time?",International Budget Hostel,No specific hostel name mentioned.,0,WRONG
7e974930,50,public,knowledge-update,How much did I earn at the Downtown Farmers Market on my most recent visit?,$420,$420,3,CORRECT
7e974930,50,strict,knowledge-update,How much did I earn at the Downtown Farmers Market on my most recent visit?,$420,$420,3,CORRECT
7e974930,200,public,knowledge-update,How much did I earn at the Downtown Farmers Market on my most recent visit?,$420,$420,3,CORRECT
7e974930,200,strict,knowledge-update,How much did I earn at the Downtown Farmers Market on my most recent visit?,$420,$420,3,CORRECT
8077ef71,50,public,temporal-reasoning,How many days ago did I attend a networking event?,26 days. 27 days (including the last day) is also acceptable.,2 days ago,0,WRONG
8077ef71,50,strict,temporal-reasoning,How many days ago did I attend a networking event?,26 days. 27 days (including the last day) is also acceptable.,2 days ago,0,WRONG
8077ef71,200,public,temporal-reasoning,How many days ago did I attend a networking event?,26 days. 27 days (including the last day) is also acceptable.,2 days ago,0,WRONG
8077ef71,200,strict,temporal-reasoning,How many days ago did I attend a networking event?,26 days. 27 days (including the last day) is also acceptable.,2 days ago,0,WRONG
80ec1f4f,50,public,multi-session,How many different museums or galleries did I visit in the month of February?,2,"1. 2023-03-03 13:45:00: Takes niece to the Natural History Museum on 2/8

From the memory, the only museum visit mentioned is the Natural History Museum on 2/8 (February 8, 2023). No other museum or gallery visits are mentioned in February.

Answer: 1 museum",0,WRONG
80ec1f4f,50,strict,multi-session,How many different museums or galleries did I visit in the month of February?,2,"1. 2023-03-03 13:45:00: Takes niece to the Natural History Museum on 2/8

From the memory, the only museum visit mentioned is the Natural History Museum on 2/8 (February 8, 2023). No other museum or gallery visits are mentioned in February.

Answer: 1 museum",0,WRONG
80ec1f4f,200,public,multi-session,How many different museums or galleries did I visit in the month of February?,2,"1. 2023-03-03 13:45:00: Takes niece to the Natural History Museum on 2/8  
2. 2023-03-03 15:51:00: Recently returned to art after attending a guided workshop at the Modern Art Museum in January  
3. 2023-03-03 11:43:00: Met curator Rachel Lee at the opening night of The Art Cube on 15th February  

From the memories:  
- Natural History Museum on 2/8 → February  
- The Art Cube opening night on 15th February → February  
- Modern Art Museum workshop in January → not February  

Thus, two museums/galleries visited in February:  
- Natural History Museum  
- The Art Cube  

Answer: 2",3,CORRECT
80ec1f4f,200,strict,multi-session,How many different museums or galleries did I visit in the month of February?,2,"1. 2023-03-03 13:45:00: Takes niece to the Natural History Museum on 2/8  
2. 2023-03-03 15:51:00: Recently returned to art after attending a guided workshop at the Modern Art Museum in January  
3. 2023-03-03 11:43:00: Met curator Rachel Lee at the opening night of The Art Cube on 15th February  

From the memories:  
- Natural History Museum on 2/8 → February  
- The Art Cube opening night on 15th February → February  
- Modern Art Museum workshop in January → not February  

Thus, two museums/galleries visited in February:  
- Natural History Museum  
- The Art Cube  

Answer: 2",3,CORRECT
80ec1f4f_abs,50,public,multi-session,How many different museums or galleries did I visit in December?,0. You did not mention visitng any museum in December,No museums or galleries visited in December.,3,CORRECT
80ec1f4f_abs,50,strict,multi-session,How many different museums or galleries did I visit in December?,0. You did not mention visitng any museum in December,No museums or galleries visited in December.,3,CORRECT
80ec1f4f_abs,200,public,multi-session,How many different museums or galleries did I visit in December?,0. You did not mention visitng any museum in December,No museums or galleries visited in December.,3,CORRECT
80ec1f4f_abs,200,strict,multi-session,How many different museums or galleries did I visit in December?,0. You did not mention visitng any museum in December,No museums or galleries visited in December.,3,CORRECT
81507db6,50,public,multi-session,How many graduation ceremonies have I attended in the past three months?,3,1 (Alex's graduation),0,WRONG
81507db6,50,strict,multi-session,How many graduation ceremonies have I attended in the past three months?,3,1 (Alex's graduation),0,WRONG
81507db6,200,public,multi-session,How many graduation ceremonies have I attended in the past three months?,3,"1. Identify relevant memories: Look for mentions of ""graduation"" and ""attended"" within the past three months.

2. Check timestamps:
   - Memory 2: ""Recently attended colleague Alex's graduation from a leadership development program"" — timestamp: 2023-07-21 13:22:24
   - Memory 1: ""Graduation event occurred a few weeks ago"" — same timestamp: 2023-07-21 13:22:24
   - Both memories are from the same day, 2023-07-21.

3. Determine ""a few weeks ago"" in context:
   - ""A few weeks ago"" is consistent with the reference to the event on 2023-07-21.
   - Three months prior to 2023-07-21 is around 2023-04-21.
   - The event occurred within the past few weeks, so it is within the last three months.

4. Count the number of graduation ceremonies:
   - Only one event is mentioned: Alex's graduation.
   - No other graduation events are referenced in the memories.

5. Conclusion:
   - Only one graduation ceremony has been attended in the past three months.

Answer: 1",0,WRONG
81507db6,200,strict,multi-session,How many graduation ceremonies have I attended in the past three months?,3,"1. Identify relevant memories: Look for mentions of ""graduation"" and ""attended"" within the past three months.

2. Check timestamps:
   - Memory 2: ""Recently attended colleague Alex's graduation from a leadership development program"" — timestamp: 2023-07-21 13:22:24
   - Memory 1: ""Graduation event occurred a few weeks ago"" — same timestamp: 2023-07-21 13:22:24
   - Both memories are from the same day, 2023-07-21.

3. Determine ""a few weeks ago"" in context:
   - ""A few weeks ago"" is consistent with the reference to the event on 2023-07-21.
   - Three months prior to 2023-07-21 is around 2023-04-21.
   - The event occurred within the past few weeks, so it is within the last three months.

4. Count the number of graduation ceremonies:
   - Only one event is mentioned: Alex's graduation.
   - No other graduation events are referenced in the memories.

5. Conclusion:
   - Only one graduation ceremony has been attended in the past three months.

Answer: 1",0,WRONG
830ce83f,50,public,knowledge-update,Where did Rachel move to after her recent relocation?,the suburbs,Suburbs,3,CORRECT
830ce83f,50,strict,knowledge-update,Where did Rachel move to after her recent relocation?,the suburbs,Suburbs,3,CORRECT
830ce83f,200,public,knowledge-update,Where did Rachel move to after her recent relocation?,the suburbs,Suburbs,3,CORRECT
830ce83f,200,strict,knowledge-update,Where did Rachel move to after her recent relocation?,the suburbs,Suburbs,3,CORRECT
8464fc84,50,public,single-session-assistant,I'm planning to visit the Vatican again and I was wondering if you could remind me of the name of that famous deli near the Vatican that serves the best cured meats and cheeses?,Roscioli,Caffè Vaticano,0,WRONG
8464fc84,50,strict,single-session-assistant,I'm planning to visit the Vatican again and I was wondering if you could remind me of the name of that famous deli near the Vatican that serves the best cured meats and cheeses?,Roscioli,Caffè Vaticano,0,WRONG
8464fc84,200,public,single-session-assistant,I'm planning to visit the Vatican again and I was wondering if you could remind me of the name of that famous deli near the Vatican that serves the best cured meats and cheeses?,Roscioli,No mention of a deli near the Vatican in the memories.,0,WRONG
8464fc84,200,strict,single-session-assistant,I'm planning to visit the Vatican again and I was wondering if you could remind me of the name of that famous deli near the Vatican that serves the best cured meats and cheeses?,Roscioli,No mention of a deli near the Vatican in the memories.,0,WRONG
852ce960,50,public,knowledge-update,What was the amount I was pre-approved for when I got my mortgage from Wells Fargo?,"$400,000","$350,000",0,WRONG
852ce960,50,strict,knowledge-update,What was the amount I was pre-approved for when I got my mortgage from Wells Fargo?,"$400,000","$350,000",0,WRONG
852ce960,200,public,knowledge-update,What was the amount I was pre-approved for when I got my mortgage from Wells Fargo?,"$400,000","$350,000",0,WRONG
852ce960,200,strict,knowledge-update,What was the amount I was pre-approved for when I got my mortgage from Wells Fargo?,"$400,000","$350,000",0,WRONG
853b0a1d,50,public,single-session-user,How old was I when my grandma gave me the silver necklace?,18,18 years old,3,CORRECT
853b0a1d,50,strict,single-session-user,How old was I when my grandma gave me the silver necklace?,18,18 years old,3,CORRECT
853b0a1d,200,public,single-session-user,How old was I when my grandma gave me the silver necklace?,18,18 years old,3,CORRECT
853b0a1d,200,strict,single-session-user,How old was I when my grandma gave me the silver necklace?,18,18 years old,3,CORRECT
8550ddae,50,public,single-session-user,What type of cocktail recipe did I try last weekend?,lavender gin fizz,Smokey Mango Mule,0,WRONG
8550ddae,50,strict,single-session-user,What type of cocktail recipe did I try last weekend?,lavender gin fizz,Smokey Mango Mule,0,WRONG
8550ddae,200,public,single-session-user,What type of cocktail recipe did I try last weekend?,lavender gin fizz,Smokey Mango Mule,0,WRONG
8550ddae,200,strict,single-session-user,What type of cocktail recipe did I try last weekend?,lavender gin fizz,Smokey Mango Mule,0,WRONG
85fa3a3f,50,public,multi-session,"What is the total cost of the new food bowl, measuring cup, dental chews, and flea and tick collar I got for Max?",$50,"$50

Step-by-step:
- New food bowl: $15 (memory 3)
- Measuring cup: $5 (memory 2)
- Dental chews: $10 (memory 13)
- Flea and tick collar: $20 (memory 1)

Total: $15 + $5 + $10 + $20 = $50",3,CORRECT
85fa3a3f,50,strict,multi-session,"What is the total cost of the new food bowl, measuring cup, dental chews, and flea and tick collar I got for Max?",$50,"$50

Step-by-step:
- New food bowl: $15 (memory 3)
- Measuring cup: $5 (memory 2)
- Dental chews: $10 (memory 13)
- Flea and tick collar: $20 (memory 1)

Total: $15 + $5 + $10 + $20 = $50",3,CORRECT
85fa3a3f,200,public,multi-session,"What is the total cost of the new food bowl, measuring cup, dental chews, and flea and tick collar I got for Max?",$50,"$50

**Step-by-step reasoning:**

1. **Identify the items and their costs from the memories:**
   - ""Recently bought a stainless steel food bowl for Max from Amazon for $15"" → **$15**
   - ""Recently bought a measuring cup for Max from a pet store for $5"" → **$5**
   - ""Dental chews cost $10 a pack and are bought monthly"" → **$10**
   - ""Recently purchased a flea and tick collar for Max for $20"" → **$20**

2. **Add the costs:**
   - $15 (food bowl) + $5 (measuring cup) + $10 (dental chews) + $20 (flea and tick collar) = **$50**

3. **Verify all items are from the same context (Max's supplies) and are recent purchases.** All are confirmed in the memories.

4. **Final answer: $50** (less than 6 words)",3,CORRECT
85fa3a3f,200,strict,multi-session,"What is the total cost of the new food bowl, measuring cup, dental chews, and flea and tick collar I got for Max?",$50,"$50

**Step-by-step reasoning:**

1. **Identify the items and their costs from the memories:**
   - ""Recently bought a stainless steel food bowl for Max from Amazon for $15"" → **$15**
   - ""Recently bought a measuring cup for Max from a pet store for $5"" → **$5**
   - ""Dental chews cost $10 a pack and are bought monthly"" → **$10**
   - ""Recently purchased a flea and tick collar for Max for $20"" → **$20**

2. **Add the costs:**
   - $15 (food bowl) + $5 (measuring cup) + $10 (dental chews) + $20 (flea and tick collar) = **$50**

3. **Verify all items are from the same context (Max's supplies) and are recent purchases.** All are confirmed in the memories.

4. **Final answer: $50** (less than 6 words)",3,CORRECT
86b68151,50,public,single-session-user,Where did I buy my new bookshelf from?,IKEA,IKEA,3,CORRECT
86b68151,50,strict,single-session-user,Where did I buy my new bookshelf from?,IKEA,IKEA,3,CORRECT
86b68151,200,public,single-session-user,Where did I buy my new bookshelf from?,IKEA,IKEA,3,CORRECT
86b68151,200,strict,single-session-user,Where did I buy my new bookshelf from?,IKEA,IKEA,3,CORRECT
86f00804,50,public,single-session-user,What book am I currently reading?,The Seven Husbands of Evelyn Hugo,The Seven Husbands of Evelyn Hugo,3,CORRECT
86f00804,50,strict,single-session-user,What book am I currently reading?,The Seven Husbands of Evelyn Hugo,The Seven Husbands of Evelyn Hugo,3,CORRECT
86f00804,200,public,single-session-user,What book am I currently reading?,The Seven Husbands of Evelyn Hugo,The Seven Husbands of Evelyn Hugo,3,CORRECT
86f00804,200,strict,single-session-user,What book am I currently reading?,The Seven Husbands of Evelyn Hugo,The Seven Husbands of Evelyn Hugo,3,CORRECT
8752c811,50,public,single-session-assistant,I remember you provided a list of 100 prompt parameters that I can specify to influence your output. Can you remind me what was the 27th parameter on that list?,"The 27th parameter was 'Sound effects (e.g., ambient, diegetic, non-diegetic, etc.)'.",No information available.,0,WRONG
8752c811,50,strict,single-session-assistant,I remember you provided a list of 100 prompt parameters that I can specify to influence your output. Can you remind me what was the 27th parameter on that list?,"The 27th parameter was 'Sound effects (e.g., ambient, diegetic, non-diegetic, etc.)'.",No information available.,0,WRONG
8752c811,200,public,single-session-assistant,I remember you provided a list of 100 prompt parameters that I can specify to influence your output. Can you remind me what was the 27th parameter on that list?,"The 27th parameter was 'Sound effects (e.g., ambient, diegetic, non-diegetic, etc.)'.",27. Temperature,0,WRONG
8752c811,200,strict,single-session-assistant,I remember you provided a list of 100 prompt parameters that I can specify to influence your output. Can you remind me what was the 27th parameter on that list?,"The 27th parameter was 'Sound effects (e.g., ambient, diegetic, non-diegetic, etc.)'.",27. Temperature,0,WRONG
87f22b4a,50,public,multi-session,How much have I made from selling eggs this month?,$120,$120,3,CORRECT
87f22b4a,50,strict,multi-session,How much have I made from selling eggs this month?,$120,$120,3,CORRECT
87f22b4a,200,public,multi-session,How much have I made from selling eggs this month?,$120,$120,3,CORRECT
87f22b4a,200,strict,multi-session,How much have I made from selling eggs this month?,$120,$120,3,CORRECT
88432d0a,50,public,multi-session,How many times did I bake something in the past two weeks?,4,"Let's analyze the memories from the past two weeks (from 2023-05-18 to 2023-05-30):

1. **2023-05-21 11:51:00**: Baked a chocolate cake for a sister's birthday party → **Yes**
2. **2023-05-21 02:38:00**: Used starter in a bread recipe (dense and heavy) → **Yes**
3. **2023-05-23 23:05:30**: Made a delicious whole wheat baguette last Saturday → **Yes** (Saturday, May 20)
4. **2023-05-27 21:45:30**: Used convection setting to bake cookies → **Yes**
5. **2023-05-29 02:18:30**: Recently baked a chocolate cake with espresso powder → **Yes**
6. **2023-05-30 01:34:30**: Planning to use stand mixer for tart crust → **Not baked yet**
7. **2023-05-20 12:00:00**: Made apple pie in cast iron skillet → **May 20, 2023** → within two weeks (May 18–30) → **Yes**

Now count:
- May 20: Apple pie → 1
- May 21: Chocolate cake → 2
- May 21: Bread (sourdough) → 3
- May 23: Baguette → 4
- May 27: Cookies → 5
- May 29: Chocolate cake (espresso) → 6

All these are within the past two weeks (May 18–30).

Answer: **6 times**",0,WRONG
88432d0a,50,strict,multi-session,How many times did I bake something in the past two weeks?,4,"Let's analyze the memories from the past two weeks (from 2023-05-18 to 2023-05-30):

1. **2023-05-21 11:51:00**: Baked a chocolate cake for a sister's birthday party → **Yes**
2. **2023-05-21 02:38:00**: Used starter in a bread recipe (dense and heavy) → **Yes**
3. **2023-05-23 23:05:30**: Made a delicious whole wheat baguette last Saturday → **Yes** (Saturday, May 20)
4. **2023-05-27 21:45:30**: Used convection setting to bake cookies → **Yes**
5. **2023-05-29 02:18:30**: Recently baked a chocolate cake with espresso powder → **Yes**
6. **2023-05-30 01:34:30**: Planning to use stand mixer for tart crust → **Not baked yet**
7. **2023-05-20 12:00:00**: Made apple pie in cast iron skillet → **May 20, 2023** → within two weeks (May 18–30) → **Yes**

Now count:
- May 20: Apple pie → 1
- May 21: Chocolate cake → 2
- May 21: Bread (sourdough) → 3
- May 23: Baguette → 4
- May 27: Cookies → 5
- May 29: Chocolate cake (espresso) → 6

All these are within the past two weeks (May 18–30).

Answer: **6 times**",0,WRONG
88432d0a,200,public,multi-session,How many times did I bake something in the past two weeks?,4,Baked 3 times in the past two weeks.,0,WRONG
88432d0a,200,strict,multi-session,How many times did I bake something in the past two weeks?,4,Baked 3 times in the past two weeks.,0,WRONG
88432d0a_abs,50,public,multi-session,How many times did I bake egg tarts in the past two weeks?,The information provided is not enough. You did not mention baking egg tarts.,No mention of baking egg tarts.,3,CORRECT
88432d0a_abs,50,strict,multi-session,How many times did I bake egg tarts in the past two weeks?,The information provided is not enough. You did not mention baking egg tarts.,No mention of baking egg tarts.,3,CORRECT
88432d0a_abs,200,public,multi-session,How many times did I bake egg tarts in the past two weeks?,The information provided is not enough. You did not mention baking egg tarts.,No mention of baking egg tarts.,3,CORRECT
88432d0a_abs,200,strict,multi-session,How many times did I bake egg tarts in the past two weeks?,The information provided is not enough. You did not mention baking egg tarts.,No mention of baking egg tarts.,3,CORRECT
89527b6b,50,public,single-session-assistant,I'm going back to our previous conversation about the children's book on dinosaurs. Can you remind me what color was the scaly body of the Plesiosaur in the image?,The Plesiosaur had a blue scaly body.,No information available.,0,WRONG
89527b6b,50,strict,single-session-assistant,I'm going back to our previous conversation about the children's book on dinosaurs. Can you remind me what color was the scaly body of the Plesiosaur in the image?,The Plesiosaur had a blue scaly body.,No information available.,0,WRONG
89527b6b,200,public,single-session-assistant,I'm going back to our previous conversation about the children's book on dinosaurs. Can you remind me what color was the scaly body of the Plesiosaur in the image?,The Plesiosaur had a blue scaly body.,No information about the Plesiosaur's color in the image.,0,WRONG
89527b6b,200,strict,single-session-assistant,I'm going back to our previous conversation about the children's book on dinosaurs. Can you remind me what color was the scaly body of the Plesiosaur in the image?,The Plesiosaur had a blue scaly body.,No information about the Plesiosaur's color in the image.,0,WRONG
8979f9ec,50,public,multi-session,What is the total number of lunch meals I got from the chicken fajitas and lentil soup?,8 meals,3 lunch meals,0,WRONG
8979f9ec,50,strict,multi-session,What is the total number of lunch meals I got from the chicken fajitas and lentil soup?,8 meals,3 lunch meals,0,WRONG
8979f9ec,200,public,multi-session,What is the total number of lunch meals I got from the chicken fajitas and lentil soup?,8 meals,"3 lunch meals from chicken fajitas, 0 from lentil soup → 3",0,WRONG
8979f9ec,200,strict,multi-session,What is the total number of lunch meals I got from the chicken fajitas and lentil soup?,8 meals,"3 lunch meals from chicken fajitas, 0 from lentil soup → 3",0,WRONG
89941a93,50,public,knowledge-update,How many bikes do I currently own?,4,Four bikes,3,CORRECT
89941a93,50,strict,knowledge-update,How many bikes do I currently own?,4,Four bikes,3,CORRECT
89941a93,200,public,knowledge-update,How many bikes do I currently own?,4,Four bikes,3,CORRECT
89941a93,200,strict,knowledge-update,How many bikes do I currently own?,4,Four bikes,3,CORRECT
89941a94,50,public,knowledge-update,"Before I purchased the gravel bike, do I have other bikes in addition to my mountain bike and my commuter bike?",Yes. (You have a road bike too.),"Yes, road bike and hybrid bike",3,CORRECT
89941a94,50,strict,knowledge-update,"Before I purchased the gravel bike, do I have other bikes in addition to my mountain bike and my commuter bike?",Yes. (You have a road bike too.),"Yes, road bike and hybrid bike",3,CORRECT
89941a94,200,public,knowledge-update,"Before I purchased the gravel bike, do I have other bikes in addition to my mountain bike and my commuter bike?",Yes. (You have a road bike too.),"Yes, road bike and hybrid bike",3,CORRECT
89941a94,200,strict,knowledge-update,"Before I purchased the gravel bike, do I have other bikes in addition to my mountain bike and my commuter bike?",Yes. (You have a road bike too.),"Yes, road bike and hybrid bike",3,CORRECT
8a137a7f,50,public,single-session-user,What type of bulb did I replace in my bedside lamp?,Philips LED bulb,Warm white LED,0,WRONG
8a137a7f,50,strict,single-session-user,What type of bulb did I replace in my bedside lamp?,Philips LED bulb,Warm white LED,0,WRONG
8a137a7f,200,public,single-session-user,What type of bulb did I replace in my bedside lamp?,Philips LED bulb,Warm white LED,0,WRONG
8a137a7f,200,strict,single-session-user,What type of bulb did I replace in my bedside lamp?,Philips LED bulb,Warm white LED,0,WRONG
8a2466db,50,public,single-session-preference,Can you recommend some resources where I can learn more about video editing?,"The user would prefer responses that suggest resources specifically tailored to Adobe Premiere Pro, especially those that delve into its advanced settings. They might not prefer general video editing resources or resources related to other video editing software.",Adobe Premiere Pro tutorials,3,CORRECT
8a2466db,50,strict,single-session-preference,Can you recommend some resources where I can learn more about video editing?,"The user would prefer responses that suggest resources specifically tailored to Adobe Premiere Pro, especially those that delve into its advanced settings. They might not prefer general video editing resources or resources related to other video editing software.",Adobe Premiere Pro tutorials,3,CORRECT
8a2466db,200,public,single-session-preference,Can you recommend some resources where I can learn more about video editing?,"The user would prefer responses that suggest resources specifically tailored to Adobe Premiere Pro, especially those that delve into its advanced settings. They might not prefer general video editing resources or resources related to other video editing software.",Adobe Premiere Pro tutorials,3,CORRECT
8a2466db,200,strict,single-session-preference,Can you recommend some resources where I can learn more about video editing?,"The user would prefer responses that suggest resources specifically tailored to Adobe Premiere Pro, especially those that delve into its advanced settings. They might not prefer general video editing resources or resources related to other video editing software.",Adobe Premiere Pro tutorials,3,CORRECT
8aef76bc,50,public,single-session-assistant,I'm going back to our previous conversation about DIY home decor projects using recycled materials. Can you remind me what sealant you recommended for the newspaper flower vase?,Mod Podge or another sealant,No sealant recommended,0,WRONG
8aef76bc,50,strict,single-session-assistant,I'm going back to our previous conversation about DIY home decor projects using recycled materials. Can you remind me what sealant you recommended for the newspaper flower vase?,Mod Podge or another sealant,No sealant recommended,0,WRONG
8aef76bc,200,public,single-session-assistant,I'm going back to our previous conversation about DIY home decor projects using recycled materials. Can you remind me what sealant you recommended for the newspaper flower vase?,Mod Podge or another sealant,No sealant recommended.,0,WRONG
8aef76bc,200,strict,single-session-assistant,I'm going back to our previous conversation about DIY home decor projects using recycled materials. Can you remind me what sealant you recommended for the newspaper flower vase?,Mod Podge or another sealant,No sealant recommended.,0,WRONG
8b9d4367,50,public,single-session-assistant,"I wanted to follow up on our previous conversation about private sector businesses in Chaudhary. Can you remind me of the company that employs over 40,000 people in the rug-manufacturing industry?",Jaipur Rugs,No information available.,0,WRONG
8b9d4367,50,strict,single-session-assistant,"I wanted to follow up on our previous conversation about private sector businesses in Chaudhary. Can you remind me of the company that employs over 40,000 people in the rug-manufacturing industry?",Jaipur Rugs,No information available.,0,WRONG
8b9d4367,200,public,single-session-assistant,"I wanted to follow up on our previous conversation about private sector businesses in Chaudhary. Can you remind me of the company that employs over 40,000 people in the rug-manufacturing industry?",Jaipur Rugs,"No information available about private sector businesses in Chaudhary or a rug-manufacturing company employing over 40,000 people.",0,WRONG
8b9d4367,200,strict,single-session-assistant,"I wanted to follow up on our previous conversation about private sector businesses in Chaudhary. Can you remind me of the company that employs over 40,000 people in the rug-manufacturing industry?",Jaipur Rugs,"No information available about private sector businesses in Chaudhary or a rug-manufacturing company employing over 40,000 people.",0,WRONG
8c18457d,50,public,temporal-reasoning,How many days had passed between the day I bought a gift for my brother's graduation ceremony and the day I bought a birthday gift for my best friend?,7 days. 8 days (including the last day) is also acceptable.,"First, identify the relevant memories:

- Memory 4 (2023-03-29 21:49:00): ""Recently gave a silver necklace with a tiny pendant to best friend for her 30th birthday on March 15""

→ This indicates the birthday gift for the best friend was bought on **March 15, 2023**.

Now, look for the gift for the brother's graduation ceremony.

There is no direct mention of a gift for a brother's graduation in the memories. However, memory 6 (2023-03-29 01:22:30) says: ""Spent 30 hours making a quilt for sister's birthday, working 10 hours per week, which took 3 weeks to complete""

→ This is for a **sister's birthday**, not a brother's graduation.

No other memory mentions a brother or a graduation ceremony.

Therefore, **there is no evidence in the memories of a gift being bought for a brother's graduation**.

Since the event (gift for brother's graduation) is not documented, we cannot calculate the number of days between the two events.

But the question assumes such a gift was bought. Since no such memory exists, and we must base our answer only on the provided memories, we conclude:

→ The gift for the brother's graduation is **not mentioned**, so the number of days cannot be determined from the memories.

However, the instructions say: ""If the question asks about a specific event or fact, look for direct evidence in the memories.""

Since there is **no evidence** of the brother's graduation gift, the answer must be based on what is known.

But the question is asking for a number of days between two events — one of which (brother's graduation gift) is **not documented**.

Thus, the only logical conclusion is that the event did not occur in the memory set, or is not recorded.

But the question implies it did happen.

Wait — perhaps we missed something.

Let’s recheck all memories for any mention of a brother or graduation.

No mention of ""brother"" or ""graduation"" in any memory.

Only ""sister"" (memory 6), ""best friend"" (memory 4), ""neighbor"", ""friend"", etc.

So, **no record of a gift for a brother's graduation**.

Therefore, **the event cannot be verified**.

But the instructions say: """,0,WRONG
8c18457d,50,strict,temporal-reasoning,How many days had passed between the day I bought a gift for my brother's graduation ceremony and the day I bought a birthday gift for my best friend?,7 days. 8 days (including the last day) is also acceptable.,"First, identify the relevant memories:

- Memory 4 (2023-03-29 21:49:00): ""Recently gave a silver necklace with a tiny pendant to best friend for her 30th birthday on March 15""

→ This indicates the birthday gift for the best friend was bought on **March 15, 2023**.

Now, look for the gift for the brother's graduation ceremony.

There is no direct mention of a gift for a brother's graduation in the memories. However, memory 6 (2023-03-29 01:22:30) says: ""Spent 30 hours making a quilt for sister's birthday, working 10 hours per week, which took 3 weeks to complete""

→ This is for a **sister's birthday**, not a brother's graduation.

No other memory mentions a brother or a graduation ceremony.

Therefore, **there is no evidence in the memories of a gift being bought for a brother's graduation**.

Since the event (gift for brother's graduation) is not documented, we cannot calculate the number of days between the two events.

But the question assumes such a gift was bought. Since no such memory exists, and we must base our answer only on the provided memories, we conclude:

→ The gift for the brother's graduation is **not mentioned**, so the number of days cannot be determined from the memories.

However, the instructions say: ""If the question asks about a specific event or fact, look for direct evidence in the memories.""

Since there is **no evidence** of the brother's graduation gift, the answer must be based on what is known.

But the question is asking for a number of days between two events — one of which (brother's graduation gift) is **not documented**.

Thus, the only logical conclusion is that the event did not occur in the memory set, or is not recorded.

But the question implies it did happen.

Wait — perhaps we missed something.

Let’s recheck all memories for any mention of a brother or graduation.

No mention of ""brother"" or ""graduation"" in any memory.

Only ""sister"" (memory 6), ""best friend"" (memory 4), ""neighbor"", ""friend"", etc.

So, **no record of a gift for a brother's graduation**.

Therefore, **the event cannot be verified**.

But the instructions say: """,0,WRONG
8c18457d,200,public,temporal-reasoning,How many days had passed between the day I bought a gift for my brother's graduation ceremony and the day I bought a birthday gift for my best friend?,7 days. 8 days (including the last day) is also acceptable.,10 days,0,WRONG
8c18457d,200,strict,temporal-reasoning,How many days had passed between the day I bought a gift for my brother's graduation ceremony and the day I bought a birthday gift for my best friend?,7 days. 8 days (including the last day) is also acceptable.,10 days,0,WRONG
8cf4d046,50,public,multi-session,What is the average GPA of my undergraduate and graduate studies?,3.83,"Undergraduate: 83% (First-Class), Graduate: 3.8/4.0

Converted to GPA: 3.8 (graduate), undergraduate percentage not directly convertible to GPA.

Final answer: 3.8 and 83%",0,WRONG
8cf4d046,50,strict,multi-session,What is the average GPA of my undergraduate and graduate studies?,3.83,"Undergraduate: 83% (First-Class), Graduate: 3.8/4.0

Converted to GPA: 3.8 (graduate), undergraduate percentage not directly convertible to GPA.

Final answer: 3.8 and 83%",0,WRONG
8cf4d046,200,public,multi-session,What is the average GPA of my undergraduate and graduate studies?,3.83,"Undergraduate: 83% (First-Class), Graduate: 3.8/4.0

Converted to GPA: 3.8 (graduate), undergraduate percentage not directly convertible to GPA.

Answer: 3.8 and 83%",0,WRONG
8cf4d046,200,strict,multi-session,What is the average GPA of my undergraduate and graduate studies?,3.83,"Undergraduate: 83% (First-Class), Graduate: 3.8/4.0

Converted to GPA: 3.8 (graduate), undergraduate percentage not directly convertible to GPA.

Answer: 3.8 and 83%",0,WRONG
8cf51dda,50,public,single-session-assistant,I'm going back to our previous conversation about the grant aim page on molecular subtypes and endometrial cancer. Can you remind me what were the three objectives we outlined for the project?,"The three objectives were: 1) to identify molecular subtypes of endometrial cancer, 2) to investigate their clinical and biological significance, and 3) to develop biomarkers for early detection and prognosis.",No information available about grant aim page or project objectives.,0,WRONG
8cf51dda,50,strict,single-session-assistant,I'm going back to our previous conversation about the grant aim page on molecular subtypes and endometrial cancer. Can you remind me what were the three objectives we outlined for the project?,"The three objectives were: 1) to identify molecular subtypes of endometrial cancer, 2) to investigate their clinical and biological significance, and 3) to develop biomarkers for early detection and prognosis.",No information available about grant aim page or project objectives.,0,WRONG
8cf51dda,200,public,single-session-assistant,I'm going back to our previous conversation about the grant aim page on molecular subtypes and endometrial cancer. Can you remind me what were the three objectives we outlined for the project?,"The three objectives were: 1) to identify molecular subtypes of endometrial cancer, 2) to investigate their clinical and biological significance, and 3) to develop biomarkers for early detection and prognosis.",No information available about grant aim page or project objectives.,0,WRONG
8cf51dda,200,strict,single-session-assistant,I'm going back to our previous conversation about the grant aim page on molecular subtypes and endometrial cancer. Can you remind me what were the three objectives we outlined for the project?,"The three objectives were: 1) to identify molecular subtypes of endometrial cancer, 2) to investigate their clinical and biological significance, and 3) to develop biomarkers for early detection and prognosis.",No information available about grant aim page or project objectives.,0,WRONG
8e91e7d9,50,public,multi-session,What is the total number of siblings I have?,4,Two siblings,0,WRONG
8e91e7d9,50,strict,multi-session,What is the total number of siblings I have?,4,Two siblings,0,WRONG
8e91e7d9,200,public,multi-session,What is the total number of siblings I have?,4,2 siblings,0,WRONG
8e91e7d9,200,strict,multi-session,What is the total number of siblings I have?,4,2 siblings,0,WRONG
8e9d538c,50,public,single-session-user,How many skeins of worsted weight yarn did I find in my stash?,17,17 skeins,3,CORRECT
8e9d538c,50,strict,single-session-user,How many skeins of worsted weight yarn did I find in my stash?,17,17 skeins,3,CORRECT
8e9d538c,200,public,single-session-user,How many skeins of worsted weight yarn did I find in my stash?,17,17 skeins,3,CORRECT
8e9d538c,200,strict,single-session-user,How many skeins of worsted weight yarn did I find in my stash?,17,17 skeins,3,CORRECT
8ebdbe50,50,public,single-session-user,What certification did I complete last month?,Data Science,Data Science certification,3,CORRECT
8ebdbe50,50,strict,single-session-user,What certification did I complete last month?,Data Science,Data Science certification,3,CORRECT
8ebdbe50,200,public,single-session-user,What certification did I complete last month?,Data Science,Data Science certification,3,CORRECT
8ebdbe50,200,strict,single-session-user,What certification did I complete last month?,Data Science,Data Science certification,3,CORRECT
8fb83627,50,public,knowledge-update,How many issues of National Geographic have I finished reading?,Five,5 issues,3,CORRECT
8fb83627,50,strict,knowledge-update,How many issues of National Geographic have I finished reading?,Five,5 issues,3,CORRECT
8fb83627,200,public,knowledge-update,How many issues of National Geographic have I finished reading?,Five,5 issues,3,CORRECT
8fb83627,200,strict,knowledge-update,How many issues of National Geographic have I finished reading?,Five,5 issues,3,CORRECT
91b15a6e,50,public,multi-session,What is the minimum amount I could get if I sold the vintage diamond necklace and the antique vanity?,"$5,150","$5,000 (necklace) + $150 (vanity) = $5,150

Answer: $5,150",3,CORRECT
91b15a6e,50,strict,multi-session,What is the minimum amount I could get if I sold the vintage diamond necklace and the antique vanity?,"$5,150","$5,000 (necklace) + $150 (vanity) = $5,150

Answer: $5,150",3,CORRECT
91b15a6e,200,public,multi-session,What is the minimum amount I could get if I sold the vintage diamond necklace and the antique vanity?,"$5,150","$5,150",3,CORRECT
91b15a6e,200,strict,multi-session,What is the minimum amount I could get if I sold the vintage diamond necklace and the antique vanity?,"$5,150","$5,150",3,CORRECT
92a0aa75,50,public,multi-session,How long have I been working in my current role?,1 year and 5 months,3 years 9 months,0,WRONG
92a0aa75,50,strict,multi-session,How long have I been working in my current role?,1 year and 5 months,3 years 9 months,0,WRONG
92a0aa75,200,public,multi-session,How long have I been working in my current role?,1 year and 5 months,3 years and 9 months,0,WRONG
92a0aa75,200,strict,multi-session,How long have I been working in my current role?,1 year and 5 months,3 years and 9 months,0,WRONG
945e3d21,50,public,knowledge-update,How often do I attend yoga classes to help with my anxiety?,Three times a week.,Three times a week,3,CORRECT
945e3d21,50,strict,knowledge-update,How often do I attend yoga classes to help with my anxiety?,Three times a week.,Three times a week,3,CORRECT
945e3d21,200,public,knowledge-update,How often do I attend yoga classes to help with my anxiety?,Three times a week.,Three times a week,3,CORRECT
945e3d21,200,strict,knowledge-update,How often do I attend yoga classes to help with my anxiety?,Three times a week.,Three times a week,3,CORRECT
94f70d80,50,public,single-session-user,How long did it take me to assemble the IKEA bookshelf?,4 hours,4 hours,3,CORRECT
94f70d80,50,strict,single-session-user,How long did it take me to assemble the IKEA bookshelf?,4 hours,4 hours,3,CORRECT
94f70d80,200,public,single-session-user,How long did it take me to assemble the IKEA bookshelf?,4 hours,4 hours,3,CORRECT
94f70d80,200,strict,single-session-user,How long did it take me to assemble the IKEA bookshelf?,4 hours,4 hours,3,CORRECT
95228167,50,public,single-session-preference,I'm getting excited about my visit to the music store this weekend. Any tips on what to look for in a new guitar?,"The user would prefer responses that highlight the differences between Fender Stratocaster and Gibson Les Paul electric guitars, such as the feel of the neck, weight, and sound profile. They might not prefer general tips on buying an electric guitar or suggestions that do not take into account their current guitar and desired upgrade.",Look for coil-tap or coil-splitting feature for tonal flexibility in open D tuning.,0,WRONG
95228167,50,strict,single-session-preference,I'm getting excited about my visit to the music store this weekend. Any tips on what to look for in a new guitar?,"The user would prefer responses that highlight the differences between Fender Stratocaster and Gibson Les Paul electric guitars, such as the feel of the neck, weight, and sound profile. They might not prefer general tips on buying an electric guitar or suggestions that do not take into account their current guitar and desired upgrade.",Look for coil-tap or coil-splitting feature for tonal flexibility in open D tuning.,0,WRONG
95228167,200,public,single-session-preference,I'm getting excited about my visit to the music store this weekend. Any tips on what to look for in a new guitar?,"The user would prefer responses that highlight the differences between Fender Stratocaster and Gibson Les Paul electric guitars, such as the feel of the neck, weight, and sound profile. They might not prefer general tips on buying an electric guitar or suggestions that do not take into account their current guitar and desired upgrade.","Look for coil-splitting feature, open D tuning capability, and tonal flexibility.",0,WRONG
95228167,200,strict,single-session-preference,I'm getting excited about my visit to the music store this weekend. Any tips on what to look for in a new guitar?,"The user would prefer responses that highlight the differences between Fender Stratocaster and Gibson Les Paul electric guitars, such as the feel of the neck, weight, and sound profile. They might not prefer general tips on buying an electric guitar or suggestions that do not take into account their current guitar and desired upgrade.","Look for coil-splitting feature, open D tuning capability, and tonal flexibility.",0,WRONG
95bcc1c8,50,public,single-session-user,How many amateur comedians did I watch perform at the open mic night?,10,10 amateur comedians,3,CORRECT
95bcc1c8,50,strict,single-session-user,How many amateur comedians did I watch perform at the open mic night?,10,10 amateur comedians,3,CORRECT
95bcc1c8,200,public,single-session-user,How many amateur comedians did I watch perform at the open mic night?,10,10 amateur comedians,3,CORRECT
95bcc1c8,200,strict,single-session-user,How many amateur comedians did I watch perform at the open mic night?,10,10 amateur comedians,3,CORRECT
982b5123,50,public,temporal-reasoning,How many months ago did I book the Airbnb in San Francisco?,Five months ago,"The memory states: ""Has had a great experience with Airbnb, specifically staying in Haight-Ashbury for a wedding"" (2023-05-21 20:04:30). The reference to the Airbnb stay is current, and no prior booking date is mentioned. Since the stay is being discussed on May 21, 2023, and no specific past booking date is given, the booking must have been recent.

However, the question asks ""how many months ago"" the Airbnb was booked. Since no specific time before May 2023 is mentioned for the booking, and the stay is described as ongoing or recent, the most accurate inference is that the booking was made recently—likely within the last month.

But the memory does not provide a specific booking date. Therefore, based on the information, the booking was made **0 months ago** (i.e., very recently, possibly just now).

Answer: 0 months ago",0,WRONG
982b5123,50,strict,temporal-reasoning,How many months ago did I book the Airbnb in San Francisco?,Five months ago,"The memory states: ""Has had a great experience with Airbnb, specifically staying in Haight-Ashbury for a wedding"" (2023-05-21 20:04:30). The reference to the Airbnb stay is current, and no prior booking date is mentioned. Since the stay is being discussed on May 21, 2023, and no specific past booking date is given, the booking must have been recent.

However, the question asks ""how many months ago"" the Airbnb was booked. Since no specific time before May 2023 is mentioned for the booking, and the stay is described as ongoing or recent, the most accurate inference is that the booking was made recently—likely within the last month.

But the memory does not provide a specific booking date. Therefore, based on the information, the booking was made **0 months ago** (i.e., very recently, possibly just now).

Answer: 0 months ago",0,WRONG
982b5123,200,public,temporal-reasoning,How many months ago did I book the Airbnb in San Francisco?,Five months ago,2 months ago,0,WRONG
982b5123,200,strict,temporal-reasoning,How many months ago did I book the Airbnb in San Francisco?,Five months ago,2 months ago,0,WRONG
982b5123_abs,50,public,temporal-reasoning,When did I book the Airbnb in Sacramento?,The information provided is not enough. You only mentioned booking Airbnb in San Francisco.,No information available.,3,CORRECT
982b5123_abs,50,strict,temporal-reasoning,When did I book the Airbnb in Sacramento?,The information provided is not enough. You only mentioned booking Airbnb in San Francisco.,No information available.,3,CORRECT
982b5123_abs,200,public,temporal-reasoning,When did I book the Airbnb in Sacramento?,The information provided is not enough. You only mentioned booking Airbnb in San Francisco.,No information available.,3,CORRECT
982b5123_abs,200,strict,temporal-reasoning,When did I book the Airbnb in Sacramento?,The information provided is not enough. You only mentioned booking Airbnb in San Francisco.,No information available.,3,CORRECT
993da5e2,50,public,temporal-reasoning,How long had I been using the new area rug when I rearranged my living room furniture?,One week. Answers ranging from 7 days to 10 days are also acceptable.,One month,0,WRONG
993da5e2,50,strict,temporal-reasoning,How long had I been using the new area rug when I rearranged my living room furniture?,One week. Answers ranging from 7 days to 10 days are also acceptable.,One month,0,WRONG
993da5e2,200,public,temporal-reasoning,How long had I been using the new area rug when I rearranged my living room furniture?,One week. Answers ranging from 7 days to 10 days are also acceptable.,One month,0,WRONG
993da5e2,200,strict,temporal-reasoning,How long had I been using the new area rug when I rearranged my living room furniture?,One week. Answers ranging from 7 days to 10 days are also acceptable.,One month,0,WRONG
9a707b81,50,public,temporal-reasoning,How many days ago did I attend a baking class at a local culinary school when I made my friend's birthday cake?,21 days. 22 days (including the last day) is also acceptable.,10 days ago,0,WRONG
9a707b81,50,strict,temporal-reasoning,How many days ago did I attend a baking class at a local culinary school when I made my friend's birthday cake?,21 days. 22 days (including the last day) is also acceptable.,10 days ago,0,WRONG
9a707b81,200,public,temporal-reasoning,How many days ago did I attend a baking class at a local culinary school when I made my friend's birthday cake?,21 days. 22 days (including the last day) is also acceptable.,10 days ago,0,WRONG
9a707b81,200,strict,temporal-reasoning,How many days ago did I attend a baking class at a local culinary school when I made my friend's birthday cake?,21 days. 22 days (including the last day) is also acceptable.,10 days ago,0,WRONG
9a707b82,50,public,temporal-reasoning,I mentioned cooking something for my friend a couple of days ago. What was it?,a chocolate cake,Chocolate cake,3,CORRECT
9a707b82,50,strict,temporal-reasoning,I mentioned cooking something for my friend a couple of days ago. What was it?,a chocolate cake,Chocolate cake,3,CORRECT
9a707b82,200,public,temporal-reasoning,I mentioned cooking something for my friend a couple of days ago. What was it?,a chocolate cake,Chocolate cake,3,CORRECT
9a707b82,200,strict,temporal-reasoning,I mentioned cooking something for my friend a couple of days ago. What was it?,a chocolate cake,Chocolate cake,3,CORRECT
9aaed6a3,50,public,multi-session,How much cashback did I earn at SaveMart last Thursday?,$0.75,$0.75,3,CORRECT
9aaed6a3,50,strict,multi-session,How much cashback did I earn at SaveMart last Thursday?,$0.75,$0.75,3,CORRECT
9aaed6a3,200,public,multi-session,How much cashback did I earn at SaveMart last Thursday?,$0.75,$0.75,3,CORRECT
9aaed6a3,200,strict,multi-session,How much cashback did I earn at SaveMart last Thursday?,$0.75,$0.75,3,CORRECT
9bbe84a2,50,public,knowledge-update,What was my previous goal for my Apex Legends level before I updated my goal?,level 100,Level 100 by year-end,3,CORRECT
9bbe84a2,50,strict,knowledge-update,What was my previous goal for my Apex Legends level before I updated my goal?,level 100,Level 100 by year-end,3,CORRECT
9bbe84a2,200,public,knowledge-update,What was my previous goal for my Apex Legends level before I updated my goal?,level 100,Level 100,3,CORRECT
9bbe84a2,200,strict,knowledge-update,What was my previous goal for my Apex Legends level before I updated my goal?,level 100,Level 100,3,CORRECT
9d25d4e0,50,public,multi-session,How many pieces of jewelry did I acquire in the last two months?,3,"1. Identify relevant memories about jewelry acquisitions in the last two months:
   - Memory 9 (2023-05-28 05:21:00): ""Just got a new silver necklace with a small pendant on the 15th of last month""
     - ""Last month"" refers to April 2023 (since the reference date is May 30, 2023)
     - So, the necklace was acquired on April 15, 2023
     - This is within the last two months (April and May 2023)
   - Memory 6 (2023-05-21 18:58:00): ""Recently purchased a new pair of emerald earrings at a flea market""
     - This was on May 21, 2023, which is within the last two months

2. Count the number of jewelry pieces acquired:
   - Silver necklace (April 15, 2023)
   - Emerald earrings (May 21, 2023)
   - Total: 2 pieces

3. Verify no other jewelry acquisitions are mentioned in the last two months.

Answer: 2 pieces",0,WRONG
9d25d4e0,50,strict,multi-session,How many pieces of jewelry did I acquire in the last two months?,3,"1. Identify relevant memories about jewelry acquisitions in the last two months:
   - Memory 9 (2023-05-28 05:21:00): ""Just got a new silver necklace with a small pendant on the 15th of last month""
     - ""Last month"" refers to April 2023 (since the reference date is May 30, 2023)
     - So, the necklace was acquired on April 15, 2023
     - This is within the last two months (April and May 2023)
   - Memory 6 (2023-05-21 18:58:00): ""Recently purchased a new pair of emerald earrings at a flea market""
     - This was on May 21, 2023, which is within the last two months

2. Count the number of jewelry pieces acquired:
   - Silver necklace (April 15, 2023)
   - Emerald earrings (May 21, 2023)
   - Total: 2 pieces

3. Verify no other jewelry acquisitions are mentioned in the last two months.

Answer: 2 pieces",0,WRONG
9d25d4e0,200,public,multi-session,How many pieces of jewelry did I acquire in the last two months?,3,12 pieces,0,WRONG
9d25d4e0,200,strict,multi-session,How many pieces of jewelry did I acquire in the last two months?,3,12 pieces,0,WRONG
9ea5eabc,50,public,knowledge-update,Where did I go on my most recent family trip?,Paris,Hawaii,0,WRONG
9ea5eabc,50,strict,knowledge-update,Where did I go on my most recent family trip?,Paris,Hawaii,0,WRONG
9ea5eabc,200,public,knowledge-update,Where did I go on my most recent family trip?,Paris,Hawaii,0,WRONG
9ea5eabc,200,strict,knowledge-update,Where did I go on my most recent family trip?,Paris,Hawaii,0,WRONG
9ee3ecd6,50,public,multi-session,How many points do I need to earn to redeem a free skincare product at Sephora?,100,300 points,0,WRONG
9ee3ecd6,50,strict,multi-session,How many points do I need to earn to redeem a free skincare product at Sephora?,100,300 points,0,WRONG
9ee3ecd6,200,public,multi-session,How many points do I need to earn to redeem a free skincare product at Sephora?,100,300 points,0,WRONG
9ee3ecd6,200,strict,multi-session,How many points do I need to earn to redeem a free skincare product at Sephora?,100,300 points,0,WRONG
a06e4cfe,50,public,single-session-user,What is my preferred gin-to-vermouth ratio for a classic gin martini?,3:1,No information available.,3,CORRECT
a06e4cfe,50,strict,single-session-user,What is my preferred gin-to-vermouth ratio for a classic gin martini?,3:1,No information available.,0,WRONG
a06e4cfe,200,public,single-session-user,What is my preferred gin-to-vermouth ratio for a classic gin martini?,3:1,No information available.,3,CORRECT
a06e4cfe,200,strict,single-session-user,What is my preferred gin-to-vermouth ratio for a classic gin martini?,3:1,No information available.,0,WRONG
a08a253f,50,public,multi-session,How many days a week do I attend fitness classes?,4 days.,4 days a week,3,CORRECT
a08a253f,50,strict,multi-session,How many days a week do I attend fitness classes?,4 days.,4 days a week,3,CORRECT
a08a253f,200,public,multi-session,How many days a week do I attend fitness classes?,4 days.,4 days a week,3,CORRECT
a08a253f,200,strict,multi-session,How many days a week do I attend fitness classes?,4 days.,4 days a week,3,CORRECT
a11281a2,50,public,multi-session,What was the approximate increase in Instagram followers I experienced in two weeks?,100,350 followers,0,WRONG
a11281a2,50,strict,multi-session,What was the approximate increase in Instagram followers I experienced in two weeks?,100,350 followers,0,WRONG
a11281a2,200,public,multi-session,What was the approximate increase in Instagram followers I experienced in two weeks?,100,350 followers,0,WRONG
a11281a2,200,strict,multi-session,What was the approximate increase in Instagram followers I experienced in two weeks?,100,350 followers,0,WRONG
a1cc6108,50,public,multi-session,How old was I when Alex was born?,11,31 years old,0,WRONG
a1cc6108,50,strict,multi-session,How old was I when Alex was born?,11,31 years old,0,WRONG
a1cc6108,200,public,multi-session,How old was I when Alex was born?,11,21 years old,0,WRONG
a1cc6108,200,strict,multi-session,How old was I when Alex was born?,11,21 years old,0,WRONG
a1eacc2a,50,public,knowledge-update,How many short stories have I written since I started writing regularly?,seven,4 short stories,0,WRONG
a1eacc2a,50,strict,knowledge-update,How many short stories have I written since I started writing regularly?,seven,4 short stories,0,WRONG
a1eacc2a,200,public,knowledge-update,How many short stories have I written since I started writing regularly?,seven,4 short stories,0,WRONG
a1eacc2a,200,strict,knowledge-update,How many short stories have I written since I started writing regularly?,seven,4 short stories,0,WRONG
a2f3aa27,50,public,knowledge-update,How many followers do I have on Instagram now?,1300,1250 followers,0,WRONG
a2f3aa27,50,strict,knowledge-update,How many followers do I have on Instagram now?,1300,1250 followers,0,WRONG
a2f3aa27,200,public,knowledge-update,How many followers do I have on Instagram now?,1300,1250 followers,0,WRONG
a2f3aa27,200,strict,knowledge-update,How many followers do I have on Instagram now?,1300,1250 followers,0,WRONG
a3045048,50,public,temporal-reasoning,How many days before my best friend's birthday party did I order her gift?,7 days. 8 days (including the last day) is also acceptable.,15 days,0,WRONG
a3045048,50,strict,temporal-reasoning,How many days before my best friend's birthday party did I order her gift?,7 days. 8 days (including the last day) is also acceptable.,15 days,0,WRONG
a3045048,200,public,temporal-reasoning,How many days before my best friend's birthday party did I order her gift?,7 days. 8 days (including the last day) is also acceptable.,15 days,0,WRONG
a3045048,200,strict,temporal-reasoning,How many days before my best friend's birthday party did I order her gift?,7 days. 8 days (including the last day) is also acceptable.,15 days,0,WRONG
a3332713,50,public,multi-session,What is the total amount I spent on gifts for my coworker and brother?,$200,$600,0,WRONG
a3332713,50,strict,multi-session,What is the total amount I spent on gifts for my coworker and brother?,$200,$600,0,WRONG
a3332713,200,public,multi-session,What is the total amount I spent on gifts for my coworker and brother?,$200,$600,0,WRONG
a3332713,200,strict,multi-session,What is the total amount I spent on gifts for my coworker and brother?,$200,$600,0,WRONG
a346bb18,50,public,multi-session,How many minutes did I exceed my target time by in the marathon?,12,12 minutes,3,CORRECT
a346bb18,50,strict,multi-session,How many minutes did I exceed my target time by in the marathon?,12,12 minutes,3,CORRECT
a346bb18,200,public,multi-session,How many minutes did I exceed my target time by in the marathon?,12,12 minutes,3,CORRECT
a346bb18,200,strict,multi-session,How many minutes did I exceed my target time by in the marathon?,12,12 minutes,3,CORRECT
a3838d2b,50,public,temporal-reasoning,How many charity events did I participate in before the 'Run for the Cure' event?,4,5 events,0,WRONG
a3838d2b,50,strict,temporal-reasoning,How many charity events did I participate in before the 'Run for the Cure' event?,4,5 events,0,WRONG
a3838d2b,200,public,temporal-reasoning,How many charity events did I participate in before the 'Run for the Cure' event?,4,5 events,0,WRONG
a3838d2b,200,strict,temporal-reasoning,How many charity events did I participate in before the 'Run for the Cure' event?,4,5 events,0,WRONG
a40e080f,50,public,single-session-assistant,I was going through our previous conversation and I was wondering if you could remind me of the two companies you mentioned that prioritize employee safety and well-being like Triumvirate?,Patagonia and Southwest Airlines.,No mention of companies prioritizing employee safety and well-being like Triumvirate.,0,WRONG
a40e080f,50,strict,single-session-assistant,I was going through our previous conversation and I was wondering if you could remind me of the two companies you mentioned that prioritize employee safety and well-being like Triumvirate?,Patagonia and Southwest Airlines.,No mention of companies prioritizing employee safety and well-being like Triumvirate.,0,WRONG
a40e080f,200,public,single-session-assistant,I was going through our previous conversation and I was wondering if you could remind me of the two companies you mentioned that prioritize employee safety and well-being like Triumvirate?,Patagonia and Southwest Airlines.,"Triumvirate, SafetyCulture",0,WRONG
a40e080f,200,strict,single-session-assistant,I was going through our previous conversation and I was wondering if you could remind me of the two companies you mentioned that prioritize employee safety and well-being like Triumvirate?,Patagonia and Southwest Airlines.,"Triumvirate, SafetyCulture",0,WRONG
a4996e51,50,public,multi-session,How many hours do I work in a typical week during peak campaign seasons?,50,50 hours,3,CORRECT
a4996e51,50,strict,multi-session,How many hours do I work in a typical week during peak campaign seasons?,50,50 hours,3,CORRECT
a4996e51,200,public,multi-session,How many hours do I work in a typical week during peak campaign seasons?,50,50 hours,3,CORRECT
a4996e51,200,strict,multi-session,How many hours do I work in a typical week during peak campaign seasons?,50,50 hours,3,CORRECT
a82c026e,50,public,single-session-user,What game did I finally beat last weekend?,Dark Souls 3 DLC,Dark Souls 3 DLC,3,CORRECT
a82c026e,50,strict,single-session-user,What game did I finally beat last weekend?,Dark Souls 3 DLC,Dark Souls 3 DLC,3,CORRECT
a82c026e,200,public,single-session-user,What game did I finally beat last weekend?,Dark Souls 3 DLC,Dark Souls 3 DLC,3,CORRECT
a82c026e,200,strict,single-session-user,What game did I finally beat last weekend?,Dark Souls 3 DLC,Dark Souls 3 DLC,3,CORRECT
a89d7624,50,public,single-session-preference,I'm planning a trip to Denver soon. Any suggestions on what to do there?,"The user would prefer responses that take into account their previous experience in Denver, specifically their interest in live music and memorable encounter with Brandon Flowers. They might appreciate suggestions that revisit or build upon this experience, such as revisiting the same bar or exploring similar music venues in the area. The user may not prefer general tourist recommendations or activities unrelated to their interest in live music.",Visit Red Rocks Amphitheater for a concert and dine at The Ship Rock Grille with a view.,3,CORRECT
a89d7624,50,strict,single-session-preference,I'm planning a trip to Denver soon. Any suggestions on what to do there?,"The user would prefer responses that take into account their previous experience in Denver, specifically their interest in live music and memorable encounter with Brandon Flowers. They might appreciate suggestions that revisit or build upon this experience, such as revisiting the same bar or exploring similar music venues in the area. The user may not prefer general tourist recommendations or activities unrelated to their interest in live music.",Visit Red Rocks Amphitheater for a concert and dine at The Ship Rock Grille with a view.,3,CORRECT
a89d7624,200,public,single-session-preference,I'm planning a trip to Denver soon. Any suggestions on what to do there?,"The user would prefer responses that take into account their previous experience in Denver, specifically their interest in live music and memorable encounter with Brandon Flowers. They might appreciate suggestions that revisit or build upon this experience, such as revisiting the same bar or exploring similar music venues in the area. The user may not prefer general tourist recommendations or activities unrelated to their interest in live music.","Visit Red Rocks Amphitheater, attend a concert, and dine at The Ship Rock Grille with a view.",0,WRONG
a89d7624,200,strict,single-session-preference,I'm planning a trip to Denver soon. Any suggestions on what to do there?,"The user would prefer responses that take into account their previous experience in Denver, specifically their interest in live music and memorable encounter with Brandon Flowers. They might appreciate suggestions that revisit or build upon this experience, such as revisiting the same bar or exploring similar music venues in the area. The user may not prefer general tourist recommendations or activities unrelated to their interest in live music.","Visit Red Rocks Amphitheater, attend a concert, and dine at The Ship Rock Grille with a view.",1,WRONG
a96c20ee,50,public,multi-session,At which university did I present a poster on my thesis research?,Harvard University,No university mentioned,3,CORRECT
a96c20ee,50,strict,multi-session,At which university did I present a poster on my thesis research?,Harvard University,No university mentioned,0,WRONG
a96c20ee,200,public,multi-session,At which university did I present a poster on my thesis research?,Harvard University,No university mentioned,3,CORRECT
a96c20ee,200,strict,multi-session,At which university did I present a poster on my thesis research?,Harvard University,No university mentioned,0,WRONG
a96c20ee_abs,50,public,multi-session,At which university did I present a poster for my undergrad course research project?,The information provided is not enough. You did not mention presenting a poster for your undergrad course research project.,Harvard University,0,WRONG
a96c20ee_abs,50,strict,multi-session,At which university did I present a poster for my undergrad course research project?,The information provided is not enough. You did not mention presenting a poster for your undergrad course research project.,Harvard University,0,WRONG
a96c20ee_abs,200,public,multi-session,At which university did I present a poster for my undergrad course research project?,The information provided is not enough. You did not mention presenting a poster for your undergrad course research project.,Harvard University,0,WRONG
a96c20ee_abs,200,strict,multi-session,At which university did I present a poster for my undergrad course research project?,The information provided is not enough. You did not mention presenting a poster for your undergrad course research project.,Harvard University,0,WRONG
a9f6b44c,50,public,multi-session,How many bikes did I service or plan to service in March?,2,"March 10th service, March 2nd chain maintenance",3,CORRECT
a9f6b44c,50,strict,multi-session,How many bikes did I service or plan to service in March?,2,"March 10th service, March 2nd chain maintenance",3,CORRECT
a9f6b44c,200,public,multi-session,How many bikes did I service or plan to service in March?,2,3 bikes serviced or planned in March,0,WRONG
a9f6b44c,200,strict,multi-session,How many bikes did I service or plan to service in March?,2,3 bikes serviced or planned in March,0,WRONG
aae3761f,50,public,multi-session,How many hours in total did I spend driving to my three road trip destinations combined?,15 hours for getting to the three destinations (or 30 hours for the round trip),"4 hours (Outer Banks) + 5 hours (Tennessee mountains) + 4 hours (Tybee Island) = 13 hours

Answer: 13 hours",0,WRONG
aae3761f,50,strict,multi-session,How many hours in total did I spend driving to my three road trip destinations combined?,15 hours for getting to the three destinations (or 30 hours for the round trip),"4 hours (Outer Banks) + 5 hours (Tennessee mountains) + 4 hours (Tybee Island) = 13 hours

Answer: 13 hours",0,WRONG
aae3761f,200,public,multi-session,How many hours in total did I spend driving to my three road trip destinations combined?,15 hours for getting to the three destinations (or 30 hours for the round trip),"4 hours + 5 hours + 4 hours = 13 hours

The three road trip destinations mentioned are:
- Outer Banks, North Carolina: 4 hours (memory 1, 4, 11)
- Mountains in Tennessee: 5 hours (memory 3, 28)
- Tybee Island, Georgia: 4 hours (implied from memory 11, 4, 93, 21, 18, 14, 11)

Total: 4 + 5 + 4 = 13 hours

Answer: 13 hours",0,WRONG
aae3761f,200,strict,multi-session,How many hours in total did I spend driving to my three road trip destinations combined?,15 hours for getting to the three destinations (or 30 hours for the round trip),"4 hours + 5 hours + 4 hours = 13 hours

The three road trip destinations mentioned are:
- Outer Banks, North Carolina: 4 hours (memory 1, 4, 11)
- Mountains in Tennessee: 5 hours (memory 3, 28)
- Tybee Island, Georgia: 4 hours (implied from memory 11, 4, 93, 21, 18, 14, 11)

Total: 4 + 5 + 4 = 13 hours

Answer: 13 hours",0,WRONG
ac031881,50,public,single-session-assistant,I'm trying to recall what the designation on my jumpsuit was that helped me find the file number in the records room?,The designation on your jumpsuit was 'LIV'.,LIV,3,CORRECT
ac031881,50,strict,single-session-assistant,I'm trying to recall what the designation on my jumpsuit was that helped me find the file number in the records room?,The designation on your jumpsuit was 'LIV'.,LIV,3,CORRECT
ac031881,200,public,single-session-assistant,I'm trying to recall what the designation on my jumpsuit was that helped me find the file number in the records room?,The designation on your jumpsuit was 'LIV'.,LIV,3,CORRECT
ac031881,200,strict,single-session-assistant,I'm trying to recall what the designation on my jumpsuit was that helped me find the file number in the records room?,The designation on your jumpsuit was 'LIV'.,LIV,3,CORRECT
ad7109d1,50,public,single-session-user,What speed is my new internet plan?,500 Mbps,500 Mbps,3,CORRECT
ad7109d1,50,strict,single-session-user,What speed is my new internet plan?,500 Mbps,500 Mbps,3,CORRECT
ad7109d1,200,public,single-session-user,What speed is my new internet plan?,500 Mbps,500 Mbps,3,CORRECT
ad7109d1,200,strict,single-session-user,What speed is my new internet plan?,500 Mbps,500 Mbps,3,CORRECT
af082822,50,public,temporal-reasoning,How many weeks ago did I attend the friends and family sale at Nordstrom?,2,2 weeks ago,3,CORRECT
af082822,50,strict,temporal-reasoning,How many weeks ago did I attend the friends and family sale at Nordstrom?,2,2 weeks ago,3,CORRECT
af082822,200,public,temporal-reasoning,How many weeks ago did I attend the friends and family sale at Nordstrom?,2,2 weeks ago,3,CORRECT
af082822,200,strict,temporal-reasoning,How many weeks ago did I attend the friends and family sale at Nordstrom?,2,2 weeks ago,3,CORRECT
af8d2e46,50,public,single-session-user,How many shirts did I pack for my 5-day trip to Costa Rica?,7,7 shirts,3,CORRECT
af8d2e46,50,strict,single-session-user,How many shirts did I pack for my 5-day trip to Costa Rica?,7,7 shirts,3,CORRECT
af8d2e46,200,public,single-session-user,How many shirts did I pack for my 5-day trip to Costa Rica?,7,7 shirts,3,CORRECT
af8d2e46,200,strict,single-session-user,How many shirts did I pack for my 5-day trip to Costa Rica?,7,7 shirts,3,CORRECT
afdc33df,50,public,single-session-preference,My kitchen's becoming a bit of a mess again. Any tips for keeping it clean?,"The user would prefer responses that acknowledge and build upon their existing efforts to organize their kitchen, such as utilizing their new utensil holder to keep countertops clutter-free. They would also appreciate tips that address their concern for maintaining their granite surface, particularly around the sink area. Preferred responses would provide practical and actionable steps to maintain cleanliness, leveraging the user's current tools and setup. They might not prefer generic or vague suggestions that do not take into account their specific kitchen setup or concerns.","Organize utensils, clean regularly, declutter.",0,WRONG
afdc33df,50,strict,single-session-preference,My kitchen's becoming a bit of a mess again. Any tips for keeping it clean?,"The user would prefer responses that acknowledge and build upon their existing efforts to organize their kitchen, such as utilizing their new utensil holder to keep countertops clutter-free. They would also appreciate tips that address their concern for maintaining their granite surface, particularly around the sink area. Preferred responses would provide practical and actionable steps to maintain cleanliness, leveraging the user's current tools and setup. They might not prefer generic or vague suggestions that do not take into account their specific kitchen setup or concerns.","Organize utensils, clean regularly, declutter.",0,WRONG
afdc33df,200,public,single-session-preference,My kitchen's becoming a bit of a mess again. Any tips for keeping it clean?,"The user would prefer responses that acknowledge and build upon their existing efforts to organize their kitchen, such as utilizing their new utensil holder to keep countertops clutter-free. They would also appreciate tips that address their concern for maintaining their granite surface, particularly around the sink area. Preferred responses would provide practical and actionable steps to maintain cleanliness, leveraging the user's current tools and setup. They might not prefer generic or vague suggestions that do not take into account their specific kitchen setup or concerns.","Organize utensils, clean spills immediately, and establish a daily cleanup routine.",0,WRONG
afdc33df,200,strict,single-session-preference,My kitchen's becoming a bit of a mess again. Any tips for keeping it clean?,"The user would prefer responses that acknowledge and build upon their existing efforts to organize their kitchen, such as utilizing their new utensil holder to keep countertops clutter-free. They would also appreciate tips that address their concern for maintaining their granite surface, particularly around the sink area. Preferred responses would provide practical and actionable steps to maintain cleanliness, leveraging the user's current tools and setup. They might not prefer generic or vague suggestions that do not take into account their specific kitchen setup or concerns.","Organize utensils, clean spills immediately, and establish a daily cleanup routine.",0,WRONG
affe2881,50,public,knowledge-update,How many different species of birds have I seen in my local park?,32,27 species,0,WRONG
affe2881,50,strict,knowledge-update,How many different species of birds have I seen in my local park?,32,27 species,0,WRONG
affe2881,200,public,knowledge-update,How many different species of birds have I seen in my local park?,32,27 species,0,WRONG
affe2881,200,strict,knowledge-update,How many different species of birds have I seen in my local park?,32,27 species,0,WRONG
b01defab,50,public,knowledge-update,Did I finish reading 'The Nightingale' by Kristin Hannah?,Yes,"Yes, finished 'The Nightingale'",3,CORRECT
b01defab,50,strict,knowledge-update,Did I finish reading 'The Nightingale' by Kristin Hannah?,Yes,"Yes, finished 'The Nightingale'",3,CORRECT
b01defab,200,public,knowledge-update,Did I finish reading 'The Nightingale' by Kristin Hannah?,Yes,"Yes, finished reading 'The Nightingale'.",3,CORRECT
b01defab,200,strict,knowledge-update,Did I finish reading 'The Nightingale' by Kristin Hannah?,Yes,"Yes, finished reading 'The Nightingale'.",3,CORRECT
b0479f84,50,public,single-session-preference,"I've got some free time tonight, any documentary recommendations?","The user would prefer documentary recommendations that are similar in style and theme to 'Our Planet', 'Free Solo', and 'Tiger King', which they have previously enjoyed. They might not prefer recommendations of documentaries that are vastly different in tone or subject matter from these titles. The preferred response utilizes the user's previously mentioned viewing history to suggest documentaries that cater to their tastes.","'Dynasties', 'Chasing Coral', 'Our Planet'",3,CORRECT
b0479f84,50,strict,single-session-preference,"I've got some free time tonight, any documentary recommendations?","The user would prefer documentary recommendations that are similar in style and theme to 'Our Planet', 'Free Solo', and 'Tiger King', which they have previously enjoyed. They might not prefer recommendations of documentaries that are vastly different in tone or subject matter from these titles. The preferred response utilizes the user's previously mentioned viewing history to suggest documentaries that cater to their tastes.","'Dynasties', 'Chasing Coral', 'Our Planet'",3,CORRECT
b0479f84,200,public,single-session-preference,"I've got some free time tonight, any documentary recommendations?","The user would prefer documentary recommendations that are similar in style and theme to 'Our Planet', 'Free Solo', and 'Tiger King', which they have previously enjoyed. They might not prefer recommendations of documentaries that are vastly different in tone or subject matter from these titles. The preferred response utilizes the user's previously mentioned viewing history to suggest documentaries that cater to their tastes.","Dynasties, Chasing Coral",3,CORRECT
b0479f84,200,strict,single-session-preference,"I've got some free time tonight, any documentary recommendations?","The user would prefer documentary recommendations that are similar in style and theme to 'Our Planet', 'Free Solo', and 'Tiger King', which they have previously enjoyed. They might not prefer recommendations of documentaries that are vastly different in tone or subject matter from these titles. The preferred response utilizes the user's previously mentioned viewing history to suggest documentaries that cater to their tastes.","Dynasties, Chasing Coral",3,CORRECT
b29f3365,50,public,temporal-reasoning,How long had I been taking guitar lessons when I bought the new guitar amp?,Four weeks,Six weeks,0,WRONG
b29f3365,50,strict,temporal-reasoning,How long had I been taking guitar lessons when I bought the new guitar amp?,Four weeks,Six weeks,0,WRONG
b29f3365,200,public,temporal-reasoning,How long had I been taking guitar lessons when I bought the new guitar amp?,Four weeks,6 weeks,0,WRONG
b29f3365,200,strict,temporal-reasoning,How long had I been taking guitar lessons when I bought the new guitar amp?,Four weeks,6 weeks,0,WRONG
b320f3f8,50,public,single-session-user,What type of action figure did I buy from a thrift store?,a blue Snaggletooth,Blue Snaggletooth action figure,3,CORRECT
b320f3f8,50,strict,single-session-user,What type of action figure did I buy from a thrift store?,a blue Snaggletooth,Blue Snaggletooth action figure,3,CORRECT
b320f3f8,200,public,single-session-user,What type of action figure did I buy from a thrift store?,a blue Snaggletooth,Blue Snaggletooth action figure,3,CORRECT
b320f3f8,200,strict,single-session-user,What type of action figure did I buy from a thrift store?,a blue Snaggletooth,Blue Snaggletooth action figure,3,CORRECT
b3c15d39,50,public,multi-session,How many days did it take for me to receive the new remote shutter release after I ordered it?,5 days. 6 days (including the last day) is also acceptable.,6 days,3,CORRECT
b3c15d39,50,strict,multi-session,How many days did it take for me to receive the new remote shutter release after I ordered it?,5 days. 6 days (including the last day) is also acceptable.,6 days,3,CORRECT
b3c15d39,200,public,multi-session,How many days did it take for me to receive the new remote shutter release after I ordered it?,5 days. 6 days (including the last day) is also acceptable.,6 days,3,CORRECT
b3c15d39,200,strict,multi-session,How many days did it take for me to receive the new remote shutter release after I ordered it?,5 days. 6 days (including the last day) is also acceptable.,6 days,3,CORRECT
b46e15ed,50,public,temporal-reasoning,"How many months have passed since I participated in two charity events in a row, on consecutive days?",2,2 months,3,CORRECT
b46e15ed,50,strict,temporal-reasoning,"How many months have passed since I participated in two charity events in a row, on consecutive days?",2,2 months,3,CORRECT
b46e15ed,200,public,temporal-reasoning,"How many months have passed since I participated in two charity events in a row, on consecutive days?",2,2 months,3,CORRECT
b46e15ed,200,strict,temporal-reasoning,"How many months have passed since I participated in two charity events in a row, on consecutive days?",2,2 months,3,CORRECT
b46e15ee,50,public,temporal-reasoning,What charity event did I participate in a month ago?,the 'Walk for Hunger' charity event,Walk for Hunger,3,CORRECT
b46e15ee,50,strict,temporal-reasoning,What charity event did I participate in a month ago?,the 'Walk for Hunger' charity event,Walk for Hunger,3,CORRECT
b46e15ee,200,public,temporal-reasoning,What charity event did I participate in a month ago?,the 'Walk for Hunger' charity event,24-Hour Bike Ride,0,WRONG
b46e15ee,200,strict,temporal-reasoning,What charity event did I participate in a month ago?,the 'Walk for Hunger' charity event,24-Hour Bike Ride,0,WRONG
b5ef892d,50,public,multi-session,How many days did I spend on camping trips in the United States this year?,8 days.,"3 days in Big Sur, 5 days in Yellowstone = 8 days",3,CORRECT
b5ef892d,50,strict,multi-session,How many days did I spend on camping trips in the United States this year?,8 days.,"3 days in Big Sur, 5 days in Yellowstone = 8 days",3,CORRECT
b5ef892d,200,public,multi-session,How many days did I spend on camping trips in the United States this year?,8 days.,"3 days in April, 5 days in April, 7 days in February = 15 days",0,WRONG
b5ef892d,200,strict,multi-session,How many days did I spend on camping trips in the United States this year?,8 days.,"3 days in April, 5 days in April, 7 days in February = 15 days",0,WRONG
b6019101,50,public,knowledge-update,How many MCU films did I watch in the last 3 months?,5,5 MCU films,3,CORRECT
b6019101,50,strict,knowledge-update,How many MCU films did I watch in the last 3 months?,5,5 MCU films,3,CORRECT
b6019101,200,public,knowledge-update,How many MCU films did I watch in the last 3 months?,5,5 MCU films,3,CORRECT
b6019101,200,strict,knowledge-update,How many MCU films did I watch in the last 3 months?,5,5 MCU films,3,CORRECT
b6025781,50,public,single-session-preference,"I'm planning my meal prep next week, any suggestions for new recipes?","The user would prefer responses that suggest healthy meal prep recipes, especially those that incorporate quinoa and roasted vegetables, and offer variations in protein sources. They might appreciate suggestions that build upon their existing preferences, such as new twists on chicken Caesar salads or turkey and avocado wraps. The user may not prefer responses that suggest unhealthy or high-calorie meal prep options, or those that deviate significantly from their established healthy eating habits.","Roasted sweet potatoes, sweet potato fries, spicy mayo, chipotle ranch.",0,WRONG
b6025781,50,strict,single-session-preference,"I'm planning my meal prep next week, any suggestions for new recipes?","The user would prefer responses that suggest healthy meal prep recipes, especially those that incorporate quinoa and roasted vegetables, and offer variations in protein sources. They might appreciate suggestions that build upon their existing preferences, such as new twists on chicken Caesar salads or turkey and avocado wraps. The user may not prefer responses that suggest unhealthy or high-calorie meal prep options, or those that deviate significantly from their established healthy eating habits.","Roasted sweet potatoes, sweet potato fries, spicy mayo, chipotle ranch.",0,WRONG
b6025781,200,public,single-session-preference,"I'm planning my meal prep next week, any suggestions for new recipes?","The user would prefer responses that suggest healthy meal prep recipes, especially those that incorporate quinoa and roasted vegetables, and offer variations in protein sources. They might appreciate suggestions that build upon their existing preferences, such as new twists on chicken Caesar salads or turkey and avocado wraps. The user may not prefer responses that suggest unhealthy or high-calorie meal prep options, or those that deviate significantly from their established healthy eating habits.","Roasted sweet potatoes, BBQ sauce, spicy mayo, chipotle ranch.",0,WRONG
b6025781,200,strict,single-session-preference,"I'm planning my meal prep next week, any suggestions for new recipes?","The user would prefer responses that suggest healthy meal prep recipes, especially those that incorporate quinoa and roasted vegetables, and offer variations in protein sources. They might appreciate suggestions that build upon their existing preferences, such as new twists on chicken Caesar salads or turkey and avocado wraps. The user may not prefer responses that suggest unhealthy or high-calorie meal prep options, or those that deviate significantly from their established healthy eating habits.","Roasted sweet potatoes, BBQ sauce, spicy mayo, chipotle ranch.",0,WRONG
b759caee,50,public,single-session-assistant,I was looking back at our previous conversation about buying unique engagement rings directly from designers. Can you remind me of the Instagram handle of the UK-based designer who works with unusual gemstones?,@jessica_poole_jewellery,No information available.,0,WRONG
b759caee,50,strict,single-session-assistant,I was looking back at our previous conversation about buying unique engagement rings directly from designers. Can you remind me of the Instagram handle of the UK-based designer who works with unusual gemstones?,@jessica_poole_jewellery,No information available.,0,WRONG
b759caee,200,public,single-session-assistant,I was looking back at our previous conversation about buying unique engagement rings directly from designers. Can you remind me of the Instagram handle of the UK-based designer who works with unusual gemstones?,@jessica_poole_jewellery,No information available.,0,WRONG
b759caee,200,strict,single-session-assistant,I was looking back at our previous conversation about buying unique engagement rings directly from designers. Can you remind me of the Instagram handle of the UK-based designer who works with unusual gemstones?,@jessica_poole_jewellery,No information available.,0,WRONG
b86304ba,50,public,single-session-user,How much is the painting of a sunset worth in terms of the amount I paid for it?,The painting is worth triple what I paid for it.,No information available.,0,WRONG
b86304ba,50,strict,single-session-user,How much is the painting of a sunset worth in terms of the amount I paid for it?,The painting is worth triple what I paid for it.,No information available.,0,WRONG
b86304ba,200,public,single-session-user,How much is the painting of a sunset worth in terms of the amount I paid for it?,The painting is worth triple what I paid for it.,No information available.,0,WRONG
b86304ba,200,strict,single-session-user,How much is the painting of a sunset worth in terms of the amount I paid for it?,The painting is worth triple what I paid for it.,No information available.,0,WRONG
b9cfe692,50,public,temporal-reasoning,How long did I take to finish 'The Seven Husbands of Evelyn Hugo' and 'The Nightingale' combined?,5.5 weeks,"Two and a half weeks plus three weeks = five and a half weeks.

Answer: 5.5 weeks",3,CORRECT
b9cfe692,50,strict,temporal-reasoning,How long did I take to finish 'The Seven Husbands of Evelyn Hugo' and 'The Nightingale' combined?,5.5 weeks,"Two and a half weeks plus three weeks = five and a half weeks.

Answer: 5.5 weeks",3,CORRECT
b9cfe692,200,public,temporal-reasoning,How long did I take to finish 'The Seven Husbands of Evelyn Hugo' and 'The Nightingale' combined?,5.5 weeks,"Two and a half weeks, three weeks",0,WRONG
b9cfe692,200,strict,temporal-reasoning,How long did I take to finish 'The Seven Husbands of Evelyn Hugo' and 'The Nightingale' combined?,5.5 weeks,"Two and a half weeks, three weeks",0,WRONG
ba358f49,50,public,multi-session,How many years will I be when my friend Rachel gets married?,33,33 years old,3,CORRECT
ba358f49,50,strict,multi-session,How many years will I be when my friend Rachel gets married?,33,33 years old,3,CORRECT
ba358f49,200,public,multi-session,How many years will I be when my friend Rachel gets married?,33,2023,0,WRONG
ba358f49,200,strict,multi-session,How many years will I be when my friend Rachel gets married?,33,2023,0,WRONG
ba358f49_abs,50,public,multi-session,How old will Rachel be when I get married?,"The information provided is not enough. You did not mention how old Rachel is right now, nor when will you get married.",33 years old,0,WRONG
ba358f49_abs,50,strict,multi-session,How old will Rachel be when I get married?,"The information provided is not enough. You did not mention how old Rachel is right now, nor when will you get married.",33 years old,0,WRONG
ba358f49_abs,200,public,multi-session,How old will Rachel be when I get married?,"The information provided is not enough. You did not mention how old Rachel is right now, nor when will you get married.",33 years old,0,WRONG
ba358f49_abs,200,strict,multi-session,How old will Rachel be when I get married?,"The information provided is not enough. You did not mention how old Rachel is right now, nor when will you get married.",33 years old,0,WRONG
ba61f0b9,50,public,knowledge-update,How many women are on the team led by my former manager Rachel?,6,6 women,3,CORRECT
ba61f0b9,50,strict,knowledge-update,How many women are on the team led by my former manager Rachel?,6,6 women,3,CORRECT
ba61f0b9,200,public,knowledge-update,How many women are on the team led by my former manager Rachel?,6,6 women,3,CORRECT
ba61f0b9,200,strict,knowledge-update,How many women are on the team led by my former manager Rachel?,6,6 women,3,CORRECT
bb7c3b45,50,public,multi-session,How much did I save on the Jimmy Choo heels?,$300,$0 (no discount mentioned),0,WRONG
bb7c3b45,50,strict,multi-session,How much did I save on the Jimmy Choo heels?,$300,$0 (no discount mentioned),0,WRONG
bb7c3b45,200,public,multi-session,How much did I save on the Jimmy Choo heels?,$300,$100 off original price,0,WRONG
bb7c3b45,200,strict,multi-session,How much did I save on the Jimmy Choo heels?,$300,$100 off original price,0,WRONG
bbf86515,50,public,temporal-reasoning,How many days before the 'Rack Fest' did I participate in the 'Turbocharged Tuesdays' event?,4 days.,"18 June 2026 – 14 June 2026 = 4 days

Answer: 4 days",3,CORRECT
bbf86515,50,strict,temporal-reasoning,How many days before the 'Rack Fest' did I participate in the 'Turbocharged Tuesdays' event?,4 days.,"18 June 2026 – 14 June 2026 = 4 days

Answer: 4 days",3,CORRECT
bbf86515,200,public,temporal-reasoning,How many days before the 'Rack Fest' did I participate in the 'Turbocharged Tuesdays' event?,4 days.,"1. Identify the dates of both events from the memories:
   - ""Turbocharged Tuesdays"" event: Mentioned in memory 4: ""Drove 2018 Ford Mustang GT at the 'Turbocharged Tuesdays' event on June 14th"" → June 14, 2026
   - ""Rack Fest"": Mentioned in memory 1: ""Attended Rack Fest on June 18th, 2026"" → June 18, 2026

2. Calculate the difference between the two dates:
   - June 18, 2026 (Rack Fest) minus June 14, 2026 (Turbocharged Tuesdays) = 4 days

3. The answer is 4 days.

Answer: 4 days",3,CORRECT
bbf86515,200,strict,temporal-reasoning,How many days before the 'Rack Fest' did I participate in the 'Turbocharged Tuesdays' event?,4 days.,"1. Identify the dates of both events from the memories:
   - ""Turbocharged Tuesdays"" event: Mentioned in memory 4: ""Drove 2018 Ford Mustang GT at the 'Turbocharged Tuesdays' event on June 14th"" → June 14, 2026
   - ""Rack Fest"": Mentioned in memory 1: ""Attended Rack Fest on June 18th, 2026"" → June 18, 2026

2. Calculate the difference between the two dates:
   - June 18, 2026 (Rack Fest) minus June 14, 2026 (Turbocharged Tuesdays) = 4 days

3. The answer is 4 days.

Answer: 4 days",3,CORRECT
bc149d6b,50,public,multi-session,What is the total weight of the new feed I purchased in the past two months?,70 pounds,50 pounds,0,WRONG
bc149d6b,50,strict,multi-session,What is the total weight of the new feed I purchased in the past two months?,70 pounds,50 pounds,0,WRONG
bc149d6b,200,public,multi-session,What is the total weight of the new feed I purchased in the past two months?,70 pounds,20 pounds,0,WRONG
bc149d6b,200,strict,multi-session,What is the total weight of the new feed I purchased in the past two months?,70 pounds,20 pounds,0,WRONG
bc8a6e93,50,public,single-session-user,What did I bake for my niece's birthday party?,a lemon blueberry cake,Lemon blueberry cake,3,CORRECT
bc8a6e93,50,strict,single-session-user,What did I bake for my niece's birthday party?,a lemon blueberry cake,Lemon blueberry cake,3,CORRECT
bc8a6e93,200,public,single-session-user,What did I bake for my niece's birthday party?,a lemon blueberry cake,Lemon blueberry cake,3,CORRECT
bc8a6e93,200,strict,single-session-user,What did I bake for my niece's birthday party?,a lemon blueberry cake,Lemon blueberry cake,3,CORRECT
bc8a6e93_abs,50,public,single-session-user,What did I bake for my uncle's birthday party?,You did not mention this information. You mentioned baking for your niece's birthday party but not your uncle's,No information available.,3,CORRECT
bc8a6e93_abs,50,strict,single-session-user,What did I bake for my uncle's birthday party?,You did not mention this information. You mentioned baking for your niece's birthday party but not your uncle's,No information available.,3,CORRECT
bc8a6e93_abs,200,public,single-session-user,What did I bake for my uncle's birthday party?,You did not mention this information. You mentioned baking for your niece's birthday party but not your uncle's,No information available.,3,CORRECT
bc8a6e93_abs,200,strict,single-session-user,What did I bake for my uncle's birthday party?,You did not mention this information. You mentioned baking for your niece's birthday party but not your uncle's,No information available.,3,CORRECT
bcbe585f,50,public,temporal-reasoning,How many weeks ago did I attend a bird watching workshop at the local Audubon society?,4,1 week ago,0,WRONG
bcbe585f,50,strict,temporal-reasoning,How many weeks ago did I attend a bird watching workshop at the local Audubon society?,4,1 week ago,0,WRONG
bcbe585f,200,public,temporal-reasoning,How many weeks ago did I attend a bird watching workshop at the local Audubon society?,4,1 week ago,0,WRONG
bcbe585f,200,strict,temporal-reasoning,How many weeks ago did I attend a bird watching workshop at the local Audubon society?,4,1 week ago,0,WRONG
bf659f65,50,public,multi-session,How many music albums or EPs have I purchased or downloaded?,3,2 albums/EPs,0,WRONG
bf659f65,50,strict,multi-session,How many music albums or EPs have I purchased or downloaded?,3,2 albums/EPs,0,WRONG
bf659f65,200,public,multi-session,How many music albums or EPs have I purchased or downloaded?,3,2 albums/EPs,0,WRONG
bf659f65,200,strict,multi-session,How many music albums or EPs have I purchased or downloaded?,3,2 albums/EPs,0,WRONG
c14c00dd,50,public,single-session-user,What brand of shampoo do I currently use?,Trader Joe's,Lavender-scented from Trader Joe's,3,CORRECT
c14c00dd,50,strict,single-session-user,What brand of shampoo do I currently use?,Trader Joe's,Lavender-scented from Trader Joe's,3,CORRECT
c14c00dd,200,public,single-session-user,What brand of shampoo do I currently use?,Trader Joe's,Lavender-scented from Trader Joe's,3,CORRECT
c14c00dd,200,strict,single-session-user,What brand of shampoo do I currently use?,Trader Joe's,Lavender-scented from Trader Joe's,3,CORRECT
c18a7dc8,50,public,multi-session,How many years older am I than when I graduated from college?,7,"25 years old at graduation  
Current age: 25 + 2 = 27  
27 - 25 = 2 years older  

Answer: 2 years",0,WRONG
c18a7dc8,50,strict,multi-session,How many years older am I than when I graduated from college?,7,"25 years old at graduation  
Current age: 25 + 2 = 27  
27 - 25 = 2 years older  

Answer: 2 years",0,WRONG
c18a7dc8,200,public,multi-session,How many years older am I than when I graduated from college?,7,25 years older,0,WRONG
c18a7dc8,200,strict,multi-session,How many years older am I than when I graduated from college?,7,25 years older,0,WRONG
c19f7a0b,50,public,single-session-user,What time do I usually get home from work on weeknights?,6:30 pm,6:30 PM,3,CORRECT
c19f7a0b,50,strict,single-session-user,What time do I usually get home from work on weeknights?,6:30 pm,6:30 PM,3,CORRECT
c19f7a0b,200,public,single-session-user,What time do I usually get home from work on weeknights?,6:30 pm,6:30 PM,3,CORRECT
c19f7a0b,200,strict,single-session-user,What time do I usually get home from work on weeknights?,6:30 pm,6:30 PM,3,CORRECT
c2ac3c61,50,public,multi-session,How many online courses have I completed in total?,5,"2 on edX, some on Coursera

Total: 2 + some (unknown) = at least 2

But only two courses explicitly confirmed on edX.

Answer: 2",0,WRONG
c2ac3c61,50,strict,multi-session,How many online courses have I completed in total?,5,"2 on edX, some on Coursera

Total: 2 + some (unknown) = at least 2

But only two courses explicitly confirmed on edX.

Answer: 2",0,WRONG
c2ac3c61,200,public,multi-session,How many online courses have I completed in total?,5,"Two on edX, some on Coursera.",0,WRONG
c2ac3c61,200,strict,multi-session,How many online courses have I completed in total?,5,"Two on edX, some on Coursera.",0,WRONG
c4a1ceb8,50,public,multi-session,How many different types of citrus fruits have I used in my cocktail recipes?,3,"Lemon, lime, orange, grapefruit",0,WRONG
c4a1ceb8,50,strict,multi-session,How many different types of citrus fruits have I used in my cocktail recipes?,3,"Lemon, lime, orange, grapefruit",3,CORRECT
c4a1ceb8,200,public,multi-session,How many different types of citrus fruits have I used in my cocktail recipes?,3,"Lemon, lime, orange, grapefruit",0,WRONG
c4a1ceb8,200,strict,multi-session,How many different types of citrus fruits have I used in my cocktail recipes?,3,"Lemon, lime, orange, grapefruit",3,CORRECT
c4ea545c,50,public,knowledge-update,Do I go to the gym more frequently than I did previously?,Yes,"No, less frequently",0,WRONG
c4ea545c,50,strict,knowledge-update,Do I go to the gym more frequently than I did previously?,Yes,"No, less frequently",0,WRONG
c4ea545c,200,public,knowledge-update,Do I go to the gym more frequently than I did previously?,Yes,"Yes, more frequently now.",3,CORRECT
c4ea545c,200,strict,knowledge-update,Do I go to the gym more frequently than I did previously?,Yes,"Yes, more frequently now.",3,CORRECT
c4f10528,50,public,single-session-assistant,I'm planning to visit Bandung again and I was wondering if you could remind me of the name of that restaurant in Cihampelas Walk that serves a great Nasi Goreng?,Miss Bee Providore,Miss Bee Providore,3,CORRECT
c4f10528,50,strict,single-session-assistant,I'm planning to visit Bandung again and I was wondering if you could remind me of the name of that restaurant in Cihampelas Walk that serves a great Nasi Goreng?,Miss Bee Providore,Miss Bee Providore,3,CORRECT
c4f10528,200,public,single-session-assistant,I'm planning to visit Bandung again and I was wondering if you could remind me of the name of that restaurant in Cihampelas Walk that serves a great Nasi Goreng?,Miss Bee Providore,Miss Bee Providore,3,CORRECT
c4f10528,200,strict,single-session-assistant,I'm planning to visit Bandung again and I was wondering if you could remind me of the name of that restaurant in Cihampelas Walk that serves a great Nasi Goreng?,Miss Bee Providore,Miss Bee Providore,3,CORRECT
c5e8278d,50,public,single-session-user,What was my last name before I changed it?,Johnson,Johnson,3,CORRECT
c5e8278d,50,strict,single-session-user,What was my last name before I changed it?,Johnson,Johnson,3,CORRECT
c5e8278d,200,public,single-session-user,What was my last name before I changed it?,Johnson,Johnson,3,CORRECT
c5e8278d,200,strict,single-session-user,What was my last name before I changed it?,Johnson,Johnson,3,CORRECT
c6853660,50,public,knowledge-update,Did I mostly recently increase or decrease the limit on the number of cups of coffee in the morning?,You increased the limit (from one cup to two cups),Decreased,0,WRONG
c6853660,50,strict,knowledge-update,Did I mostly recently increase or decrease the limit on the number of cups of coffee in the morning?,You increased the limit (from one cup to two cups),Decreased,0,WRONG
c6853660,200,public,knowledge-update,Did I mostly recently increase or decrease the limit on the number of cups of coffee in the morning?,You increased the limit (from one cup to two cups),Decreased,0,WRONG
c6853660,200,strict,knowledge-update,Did I mostly recently increase or decrease the limit on the number of cups of coffee in the morning?,You increased the limit (from one cup to two cups),Decreased,0,WRONG
c7cf7dfd,50,public,single-session-assistant,"I'm going back to our previous conversation about traditional Indian embroidery and tailoring techniques. Can you remind me of the name of that online store based in India that sells traditional Indian fabrics, threads, and embellishments?",Nostalgia,No specific store name mentioned.,0,WRONG
c7cf7dfd,50,strict,single-session-assistant,"I'm going back to our previous conversation about traditional Indian embroidery and tailoring techniques. Can you remind me of the name of that online store based in India that sells traditional Indian fabrics, threads, and embellishments?",Nostalgia,No specific store name mentioned.,0,WRONG
c7cf7dfd,200,public,single-session-assistant,"I'm going back to our previous conversation about traditional Indian embroidery and tailoring techniques. Can you remind me of the name of that online store based in India that sells traditional Indian fabrics, threads, and embellishments?",Nostalgia,No specific store name mentioned.,0,WRONG
c7cf7dfd,200,strict,single-session-assistant,"I'm going back to our previous conversation about traditional Indian embroidery and tailoring techniques. Can you remind me of the name of that online store based in India that sells traditional Indian fabrics, threads, and embellishments?",Nostalgia,No specific store name mentioned.,0,WRONG
c7dc5443,50,public,knowledge-update,What is my current record in the recreational volleyball league?,5-2,5-2,3,CORRECT
c7dc5443,50,strict,knowledge-update,What is my current record in the recreational volleyball league?,5-2,5-2,3,CORRECT
c7dc5443,200,public,knowledge-update,What is my current record in the recreational volleyball league?,5-2,Net Ninjas have a 5-2 record.,3,CORRECT
c7dc5443,200,strict,knowledge-update,What is my current record in the recreational volleyball league?,5-2,Net Ninjas have a 5-2 record.,3,CORRECT
c8090214,50,public,temporal-reasoning,How many days before I bought the iPhone 13 Pro did I attend the Holiday Market?,7 days. 8 days (including the last day) is also acceptable.,7 days,3,CORRECT
c8090214,50,strict,temporal-reasoning,How many days before I bought the iPhone 13 Pro did I attend the Holiday Market?,7 days. 8 days (including the last day) is also acceptable.,7 days,3,CORRECT
c8090214,200,public,temporal-reasoning,How many days before I bought the iPhone 13 Pro did I attend the Holiday Market?,7 days. 8 days (including the last day) is also acceptable.,7 days,3,CORRECT
c8090214,200,strict,temporal-reasoning,How many days before I bought the iPhone 13 Pro did I attend the Holiday Market?,7 days. 8 days (including the last day) is also acceptable.,7 days,3,CORRECT
c8090214_abs,50,public,temporal-reasoning,How many days before I bought my iPad did I attend the Holiday Market?,"The information provided is not enough. You mentioned getting the iPhone 13 Pro and attending the market, but you did not mention buying an iPad.","First, identify the relevant memories:

- Memory 4: ""Considered handmade jewelry from the Holiday Market but unsure if it matches sister's style"" — timestamp: 2023-05-30 16:47:00
- Memory 21: ""Sells handmade jewelry at the Local Artisans Market"" — timestamp: 2023-05-30 08:25:00

Note: The Holiday Market and Local Artisans Market may be the same event, but no direct mention of buying an iPad is in the memories.

However, the question asks: ""How many days before I bought my iPad did I attend the Holiday Market?""

But **there is no mention of buying an iPad** in any of the memories.

Therefore, there is **no evidence** in the provided memories about purchasing an iPad.

Since the question cannot be answered based on the available information, and the instructions require using only the memories:

Answer: Not enough information",3,CORRECT
c8090214_abs,50,strict,temporal-reasoning,How many days before I bought my iPad did I attend the Holiday Market?,"The information provided is not enough. You mentioned getting the iPhone 13 Pro and attending the market, but you did not mention buying an iPad.","First, identify the relevant memories:

- Memory 4: ""Considered handmade jewelry from the Holiday Market but unsure if it matches sister's style"" — timestamp: 2023-05-30 16:47:00
- Memory 21: ""Sells handmade jewelry at the Local Artisans Market"" — timestamp: 2023-05-30 08:25:00

Note: The Holiday Market and Local Artisans Market may be the same event, but no direct mention of buying an iPad is in the memories.

However, the question asks: ""How many days before I bought my iPad did I attend the Holiday Market?""

But **there is no mention of buying an iPad** in any of the memories.

Therefore, there is **no evidence** in the provided memories about purchasing an iPad.

Since the question cannot be answered based on the available information, and the instructions require using only the memories:

Answer: Not enough information",3,CORRECT
c8090214_abs,200,public,temporal-reasoning,How many days before I bought my iPad did I attend the Holiday Market?,"The information provided is not enough. You mentioned getting the iPhone 13 Pro and attending the market, but you did not mention buying an iPad.","1. Identify relevant memories:
   - Memory 4: ""Considered handmade jewelry from the Holiday Market but unsure if it matches sister's style"" (2023-05-30 16:47:00)
   - Memory 2: ""Got iPhone 13 Pro at a discounted price of $800 from Best Buy on Black Friday"" (2023-05-30 05:24:00)

2. Determine the date of Black Friday 2022:
   - Black Friday is the day after Thanksgiving, which in 2022 was November 24.
   - Therefore, Black Friday 2022 was November 25, 2022.

3. The Holiday Market memory is from May 30, 2023.

4. Calculate the number of days between November 25, 2022, and May 30, 2023:
   - November 25, 2022, to November 25, 2023: 365 days
   - November 25, 2023, to May 30, 2023: 185 days (from Nov 25 to May 30 is 185 days)
   - Wait: This is incorrect. We need to go from Nov 25, 2022, to May 30, 2023.

   Correct calculation:
   - November 25, 2022, to December 31, 2022: 36 days (30 - 25 + 31 = 36)
   - January 1, 2023, to May 30, 2023: 150 days (31 + 28 + 31 + 30 + 30 = 150)
   - Total: 36 + 150 = 186 days

5. The iPad purchase is not mentioned in any memory. The only device purchase mentioned is the iPhone 13 Pro on Black Friday 2022.

6. Since the iPad purchase date is not in the memories, we cannot determine how many days before it the Holiday Market was attended.

7. However,",0,WRONG
c8090214_abs,200,strict,temporal-reasoning,How many days before I bought my iPad did I attend the Holiday Market?,"The information provided is not enough. You mentioned getting the iPhone 13 Pro and attending the market, but you did not mention buying an iPad.","1. Identify relevant memories:
   - Memory 4: ""Considered handmade jewelry from the Holiday Market but unsure if it matches sister's style"" (2023-05-30 16:47:00)
   - Memory 2: ""Got iPhone 13 Pro at a discounted price of $800 from Best Buy on Black Friday"" (2023-05-30 05:24:00)

2. Determine the date of Black Friday 2022:
   - Black Friday is the day after Thanksgiving, which in 2022 was November 24.
   - Therefore, Black Friday 2022 was November 25, 2022.

3. The Holiday Market memory is from May 30, 2023.

4. Calculate the number of days between November 25, 2022, and May 30, 2023:
   - November 25, 2022, to November 25, 2023: 365 days
   - November 25, 2023, to May 30, 2023: 185 days (from Nov 25 to May 30 is 185 days)
   - Wait: This is incorrect. We need to go from Nov 25, 2022, to May 30, 2023.

   Correct calculation:
   - November 25, 2022, to December 31, 2022: 36 days (30 - 25 + 31 = 36)
   - January 1, 2023, to May 30, 2023: 150 days (31 + 28 + 31 + 30 + 30 = 150)
   - Total: 36 + 150 = 186 days

5. The iPad purchase is not mentioned in any memory. The only device purchase mentioned is the iPhone 13 Pro on Black Friday 2022.

6. Since the iPad purchase date is not in the memories, we cannot determine how many days before it the Holiday Market was attended.

7. However,",3,CORRECT
c8c3f81d,50,public,single-session-user,What brand are my favorite running shoes?,Nike,Nike,3,CORRECT
c8c3f81d,50,strict,single-session-user,What brand are my favorite running shoes?,Nike,Nike,3,CORRECT
c8c3f81d,200,public,single-session-user,What brand are my favorite running shoes?,Nike,Nike,3,CORRECT
c8c3f81d,200,strict,single-session-user,What brand are my favorite running shoes?,Nike,Nike,3,CORRECT
c8f1aeed,50,public,single-session-assistant,I wanted to follow up on our previous conversation about fracking in the Marcellus Shale region. You mentioned that some states require fracking companies to monitor groundwater quality at nearby wells before drilling and for a certain period after drilling is complete. Can you remind me which state you mentioned as an example that has this requirement?,Pennsylvania,Pennsylvania,3,CORRECT
c8f1aeed,50,strict,single-session-assistant,I wanted to follow up on our previous conversation about fracking in the Marcellus Shale region. You mentioned that some states require fracking companies to monitor groundwater quality at nearby wells before drilling and for a certain period after drilling is complete. Can you remind me which state you mentioned as an example that has this requirement?,Pennsylvania,Pennsylvania,3,CORRECT
c8f1aeed,200,public,single-session-assistant,I wanted to follow up on our previous conversation about fracking in the Marcellus Shale region. You mentioned that some states require fracking companies to monitor groundwater quality at nearby wells before drilling and for a certain period after drilling is complete. Can you remind me which state you mentioned as an example that has this requirement?,Pennsylvania,Pennsylvania,3,CORRECT
c8f1aeed,200,strict,single-session-assistant,I wanted to follow up on our previous conversation about fracking in the Marcellus Shale region. You mentioned that some states require fracking companies to monitor groundwater quality at nearby wells before drilling and for a certain period after drilling is complete. Can you remind me which state you mentioned as an example that has this requirement?,Pennsylvania,Pennsylvania,3,CORRECT
c960da58,50,public,single-session-user,How many playlists do I have on Spotify?,20,20 playlists,3,CORRECT
c960da58,50,strict,single-session-user,How many playlists do I have on Spotify?,20,20 playlists,3,CORRECT
c960da58,200,public,single-session-user,How many playlists do I have on Spotify?,20,20 playlists,3,CORRECT
c960da58,200,strict,single-session-user,How many playlists do I have on Spotify?,20,20 playlists,3,CORRECT
c9f37c46,50,public,temporal-reasoning,How long had I been watching stand-up comedy specials regularly when I attended the open mic night at the local comedy club?,2 months,3 months,0,WRONG
c9f37c46,50,strict,temporal-reasoning,How long had I been watching stand-up comedy specials regularly when I attended the open mic night at the local comedy club?,2 months,3 months,0,WRONG
c9f37c46,200,public,temporal-reasoning,How long had I been watching stand-up comedy specials regularly when I attended the open mic night at the local comedy club?,2 months,3 months,0,WRONG
c9f37c46,200,strict,temporal-reasoning,How long had I been watching stand-up comedy specials regularly when I attended the open mic night at the local comedy club?,2 months,3 months,0,WRONG
caf03d32,50,public,single-session-preference,I've been struggling with my slow cooker recipes. Any advice on getting better results?,"The user would prefer responses that provide tips and advice specifically tailored to their slow cooker experiences, utilizing their recent success with beef stew and interest in making yogurt in the slow cooker. They might not prefer general slow cooker recipes or advice unrelated to their specific experiences and interests.",Soak and blend cashews properly for consistency.,0,WRONG
caf03d32,50,strict,single-session-preference,I've been struggling with my slow cooker recipes. Any advice on getting better results?,"The user would prefer responses that provide tips and advice specifically tailored to their slow cooker experiences, utilizing their recent success with beef stew and interest in making yogurt in the slow cooker. They might not prefer general slow cooker recipes or advice unrelated to their specific experiences and interests.",Soak and blend cashews properly for consistency.,0,WRONG
caf03d32,200,public,single-session-preference,I've been struggling with my slow cooker recipes. Any advice on getting better results?,"The user would prefer responses that provide tips and advice specifically tailored to their slow cooker experiences, utilizing their recent success with beef stew and interest in making yogurt in the slow cooker. They might not prefer general slow cooker recipes or advice unrelated to their specific experiences and interests.",Soak cashews properly for smooth consistency.,0,WRONG
caf03d32,200,strict,single-session-preference,I've been struggling with my slow cooker recipes. Any advice on getting better results?,"The user would prefer responses that provide tips and advice specifically tailored to their slow cooker experiences, utilizing their recent success with beef stew and interest in making yogurt in the slow cooker. They might not prefer general slow cooker recipes or advice unrelated to their specific experiences and interests.",Soak cashews properly for smooth consistency.,0,WRONG
caf9ead2,50,public,single-session-user,How long did it take to move to the new apartment?,5 hours,5 hours,3,CORRECT
caf9ead2,50,strict,single-session-user,How long did it take to move to the new apartment?,5 hours,5 hours,3,CORRECT
caf9ead2,200,public,single-session-user,How long did it take to move to the new apartment?,5 hours,5 hours,3,CORRECT
caf9ead2,200,strict,single-session-user,How long did it take to move to the new apartment?,5 hours,5 hours,3,CORRECT
cc06de0d,50,public,multi-session,"For my daily commute, how much more expensive was the taxi ride compared to the train fare?",$6,"Taxi: $12, Train: $6  
Difference: $12 - $6 = $6  

Answer: $6 more",3,CORRECT
cc06de0d,50,strict,multi-session,"For my daily commute, how much more expensive was the taxi ride compared to the train fare?",$6,"Taxi: $12, Train: $6  
Difference: $12 - $6 = $6  

Answer: $6 more",3,CORRECT
cc06de0d,200,public,multi-session,"For my daily commute, how much more expensive was the taxi ride compared to the train fare?",$6,$6 more,3,CORRECT
cc06de0d,200,strict,multi-session,"For my daily commute, how much more expensive was the taxi ride compared to the train fare?",$6,$6 more,3,CORRECT
cc539528,50,public,single-session-assistant,I wanted to follow up on our previous conversation about front-end and back-end development. Can you remind me of the specific back-end programming languages you recommended I learn?,"I recommended learning Ruby, Python, or PHP as a back-end programming language.",No specific back-end languages were recommended.,0,WRONG
cc539528,50,strict,single-session-assistant,I wanted to follow up on our previous conversation about front-end and back-end development. Can you remind me of the specific back-end programming languages you recommended I learn?,"I recommended learning Ruby, Python, or PHP as a back-end programming language.",No specific back-end languages were recommended.,0,WRONG
cc539528,200,public,single-session-assistant,I wanted to follow up on our previous conversation about front-end and back-end development. Can you remind me of the specific back-end programming languages you recommended I learn?,"I recommended learning Ruby, Python, or PHP as a back-end programming language.",No specific back-end programming languages were recommended.,0,WRONG
cc539528,200,strict,single-session-assistant,I wanted to follow up on our previous conversation about front-end and back-end development. Can you remind me of the specific back-end programming languages you recommended I learn?,"I recommended learning Ruby, Python, or PHP as a back-end programming language.",No specific back-end programming languages were recommended.,0,WRONG
cc5ded98,50,public,knowledge-update,How much time do I dedicate to coding exercises each day?,about two hours,Two hours,3,CORRECT
cc5ded98,50,strict,knowledge-update,How much time do I dedicate to coding exercises each day?,about two hours,Two hours,3,CORRECT
cc5ded98,200,public,knowledge-update,How much time do I dedicate to coding exercises each day?,about two hours,Two hours,3,CORRECT
cc5ded98,200,strict,knowledge-update,How much time do I dedicate to coding exercises each day?,about two hours,Two hours,3,CORRECT
cc6d1ec1,50,public,temporal-reasoning,How long had I been bird watching when I attended the bird watching workshop?,Two months,One month,0,WRONG
cc6d1ec1,50,strict,temporal-reasoning,How long had I been bird watching when I attended the bird watching workshop?,Two months,One month,0,WRONG
cc6d1ec1,200,public,temporal-reasoning,How long had I been bird watching when I attended the bird watching workshop?,Two months,One month,0,WRONG
cc6d1ec1,200,strict,temporal-reasoning,How long had I been bird watching when I attended the bird watching workshop?,Two months,One month,0,WRONG
ccb36322,50,public,single-session-user,What is the name of the music streaming service have I been using lately?,Spotify,Spotify,3,CORRECT
ccb36322,50,strict,single-session-user,What is the name of the music streaming service have I been using lately?,Spotify,Spotify,3,CORRECT
ccb36322,200,public,single-session-user,What is the name of the music streaming service have I been using lately?,Spotify,Spotify,3,CORRECT
ccb36322,200,strict,single-session-user,What is the name of the music streaming service have I been using lately?,Spotify,Spotify,3,CORRECT
ce6d2d27,50,public,knowledge-update,What day of the week do I take a cocktail-making class?,Friday,Thursday,0,WRONG
ce6d2d27,50,strict,knowledge-update,What day of the week do I take a cocktail-making class?,Friday,Thursday,0,WRONG
ce6d2d27,200,public,knowledge-update,What day of the week do I take a cocktail-making class?,Friday,Fridays,3,CORRECT
ce6d2d27,200,strict,knowledge-update,What day of the week do I take a cocktail-making class?,Friday,Fridays,3,CORRECT
ceb54acb,50,public,single-session-assistant,"In our previous chat, you suggested 'sexual compulsions' and a few other options for alternative terms for certain behaviors. Can you remind me what the other four options were?","I suggested 'sexual fixations', 'problematic sexual behaviors', 'sexual impulsivity', and 'compulsive sexuality'.",No information available in memories.,0,WRONG
ceb54acb,50,strict,single-session-assistant,"In our previous chat, you suggested 'sexual compulsions' and a few other options for alternative terms for certain behaviors. Can you remind me what the other four options were?","I suggested 'sexual fixations', 'problematic sexual behaviors', 'sexual impulsivity', and 'compulsive sexuality'.",No information available in memories.,0,WRONG
ceb54acb,200,public,single-session-assistant,"In our previous chat, you suggested 'sexual compulsions' and a few other options for alternative terms for certain behaviors. Can you remind me what the other four options were?","I suggested 'sexual fixations', 'problematic sexual behaviors', 'sexual impulsivity', and 'compulsive sexuality'.",No other options were mentioned.,0,WRONG
ceb54acb,200,strict,single-session-assistant,"In our previous chat, you suggested 'sexual compulsions' and a few other options for alternative terms for certain behaviors. Can you remind me what the other four options were?","I suggested 'sexual fixations', 'problematic sexual behaviors', 'sexual impulsivity', and 'compulsive sexuality'.",No other options were mentioned.,0,WRONG
cf22b7bf,50,public,knowledge-update,How much weight have I lost since I started going to the gym consistently?,10 pounds,5 pounds,0,WRONG
cf22b7bf,50,strict,knowledge-update,How much weight have I lost since I started going to the gym consistently?,10 pounds,5 pounds,0,WRONG
cf22b7bf,200,public,knowledge-update,How much weight have I lost since I started going to the gym consistently?,10 pounds,5 pounds,0,WRONG
cf22b7bf,200,strict,knowledge-update,How much weight have I lost since I started going to the gym consistently?,10 pounds,5 pounds,0,WRONG
d01c6aa8,50,public,temporal-reasoning,How old was I when I moved to the United States?,27,32 years old,0,WRONG
d01c6aa8,50,strict,temporal-reasoning,How old was I when I moved to the United States?,27,32 years old,0,WRONG
d01c6aa8,200,public,temporal-reasoning,How old was I when I moved to the United States?,27,32 years old,0,WRONG
d01c6aa8,200,strict,temporal-reasoning,How old was I when I moved to the United States?,27,32 years old,0,WRONG
d23cf73b,50,public,multi-session,How many different cuisines have I learned to cook or tried out in the past few months?,4,"Ethiopian, Indian, Korean, Thai, vegan",0,WRONG
d23cf73b,50,strict,multi-session,How many different cuisines have I learned to cook or tried out in the past few months?,4,"Ethiopian, Indian, Korean, Thai, vegan",0,WRONG
d23cf73b,200,public,multi-session,How many different cuisines have I learned to cook or tried out in the past few months?,4,"Ethiopian, Indian, Korean, Thai, vegan",0,WRONG
d23cf73b,200,strict,multi-session,How many different cuisines have I learned to cook or tried out in the past few months?,4,"Ethiopian, Indian, Korean, Thai, vegan",0,WRONG
d24813b1,50,public,single-session-preference,I'm thinking of inviting my colleagues over for a small gathering. Any tips on what to bake?,"The user would prefer baking suggestions that take into account their previous success with the lemon poppyseed cake, such as variations of that recipe or other desserts that share similar qualities. They might prefer suggestions that balance impressiveness with manageability, considering their previous experience. The user may not prefer overly complex or unfamiliar recipes, or suggestions that do not build upon their existing baking experience.",Lemon lavender pound cake,3,CORRECT
d24813b1,50,strict,single-session-preference,I'm thinking of inviting my colleagues over for a small gathering. Any tips on what to bake?,"The user would prefer baking suggestions that take into account their previous success with the lemon poppyseed cake, such as variations of that recipe or other desserts that share similar qualities. They might prefer suggestions that balance impressiveness with manageability, considering their previous experience. The user may not prefer overly complex or unfamiliar recipes, or suggestions that do not build upon their existing baking experience.",Lemon lavender pound cake,0,WRONG
d24813b1,200,public,single-session-preference,I'm thinking of inviting my colleagues over for a small gathering. Any tips on what to bake?,"The user would prefer baking suggestions that take into account their previous success with the lemon poppyseed cake, such as variations of that recipe or other desserts that share similar qualities. They might prefer suggestions that balance impressiveness with manageability, considering their previous experience. The user may not prefer overly complex or unfamiliar recipes, or suggestions that do not build upon their existing baking experience.",Lemon lavender pound cake,3,CORRECT
d24813b1,200,strict,single-session-preference,I'm thinking of inviting my colleagues over for a small gathering. Any tips on what to bake?,"The user would prefer baking suggestions that take into account their previous success with the lemon poppyseed cake, such as variations of that recipe or other desserts that share similar qualities. They might prefer suggestions that balance impressiveness with manageability, considering their previous experience. The user may not prefer overly complex or unfamiliar recipes, or suggestions that do not build upon their existing baking experience.",Lemon lavender pound cake,0,WRONG
d3ab962e,50,public,multi-session,What is the total distance of the hikes I did on two consecutive weekends?,8 miles,5 miles + 3 miles = 8 miles,3,CORRECT
d3ab962e,50,strict,multi-session,What is the total distance of the hikes I did on two consecutive weekends?,8 miles,5 miles + 3 miles = 8 miles,3,CORRECT
d3ab962e,200,public,multi-session,What is the total distance of the hikes I did on two consecutive weekends?,8 miles,5 miles + 3 miles = 8 miles,3,CORRECT
d3ab962e,200,strict,multi-session,What is the total distance of the hikes I did on two consecutive weekends?,8 miles,5 miles + 3 miles = 8 miles,3,CORRECT
d52b4f67,50,public,single-session-user,Where did I attend my cousin's wedding?,The Grand Ballroom,Grand Ballroom,3,CORRECT
d52b4f67,50,strict,single-session-user,Where did I attend my cousin's wedding?,The Grand Ballroom,Grand Ballroom,3,CORRECT
d52b4f67,200,public,single-session-user,Where did I attend my cousin's wedding?,The Grand Ballroom,Grand Ballroom,3,CORRECT
d52b4f67,200,strict,single-session-user,Where did I attend my cousin's wedding?,The Grand Ballroom,Grand Ballroom,3,CORRECT
d596882b,50,public,single-session-assistant,"I'm planning another trip to New York City and I was wondering if you could remind me of that vegan eatery you recommended last time, the one with multiple locations throughout the city?",By Chloe,No specific vegan eatery mentioned.,0,WRONG
d596882b,50,strict,single-session-assistant,"I'm planning another trip to New York City and I was wondering if you could remind me of that vegan eatery you recommended last time, the one with multiple locations throughout the city?",By Chloe,No specific vegan eatery mentioned.,0,WRONG
d596882b,200,public,single-session-assistant,"I'm planning another trip to New York City and I was wondering if you could remind me of that vegan eatery you recommended last time, the one with multiple locations throughout the city?",By Chloe,No specific vegan eatery with multiple locations was mentioned in the memories.,0,WRONG
d596882b,200,strict,single-session-assistant,"I'm planning another trip to New York City and I was wondering if you could remind me of that vegan eatery you recommended last time, the one with multiple locations throughout the city?",By Chloe,No specific vegan eatery with multiple locations was mentioned in the memories.,0,WRONG
d6062bb9,50,public,multi-session,What is the total number of views on my most popular videos on YouTube and TikTok?,"1,998","1,456 views",0,WRONG
d6062bb9,50,strict,multi-session,What is the total number of views on my most popular videos on YouTube and TikTok?,"1,998","1,456 views",0,WRONG
d6062bb9,200,public,multi-session,What is the total number of views on my most popular videos on YouTube and TikTok?,"1,998","1,456 views",0,WRONG
d6062bb9,200,strict,multi-session,What is the total number of views on my most popular videos on YouTube and TikTok?,"1,998","1,456 views",0,WRONG
d6233ab6,50,public,single-session-preference,I've been feeling nostalgic lately. Do you think it would be a good idea to attend my high school reunion?,"The user would prefer responses that draw upon their personal experiences and memories, specifically their positive high school experiences such as being part of the debate team and taking advanced placement courses. They would prefer suggestions that highlight the potential benefits of attending the reunion, such as reconnecting with old friends and revisiting favorite subjects like history and economics. The user might not prefer generic or vague responses that do not take into account their individual experiences and interests.","Yes, if it brings closure and joy.",0,WRONG
d6233ab6,50,strict,single-session-preference,I've been feeling nostalgic lately. Do you think it would be a good idea to attend my high school reunion?,"The user would prefer responses that draw upon their personal experiences and memories, specifically their positive high school experiences such as being part of the debate team and taking advanced placement courses. They would prefer suggestions that highlight the potential benefits of attending the reunion, such as reconnecting with old friends and revisiting favorite subjects like history and economics. The user might not prefer generic or vague responses that do not take into account their individual experiences and interests.","Yes, if it brings closure and joy.",0,WRONG
d6233ab6,200,public,single-session-preference,I've been feeling nostalgic lately. Do you think it would be a good idea to attend my high school reunion?,"The user would prefer responses that draw upon their personal experiences and memories, specifically their positive high school experiences such as being part of the debate team and taking advanced placement courses. They would prefer suggestions that highlight the potential benefits of attending the reunion, such as reconnecting with old friends and revisiting favorite subjects like history and economics. The user might not prefer generic or vague responses that do not take into account their individual experiences and interests.",No evidence in memories.,0,WRONG
d6233ab6,200,strict,single-session-preference,I've been feeling nostalgic lately. Do you think it would be a good idea to attend my high school reunion?,"The user would prefer responses that draw upon their personal experiences and memories, specifically their positive high school experiences such as being part of the debate team and taking advanced placement courses. They would prefer suggestions that highlight the potential benefits of attending the reunion, such as reconnecting with old friends and revisiting favorite subjects like history and economics. The user might not prefer generic or vague responses that do not take into account their individual experiences and interests.",No evidence in memories.,0,WRONG
d682f1a2,50,public,multi-session,How many different types of food delivery services have I used recently?,3,"Fresh Fusion, Domino's Pizza",0,WRONG
d682f1a2,50,strict,multi-session,How many different types of food delivery services have I used recently?,3,"Fresh Fusion, Domino's Pizza",0,WRONG
d682f1a2,200,public,multi-session,How many different types of food delivery services have I used recently?,3,"Fresh Fusion, Domino's Pizza",0,WRONG
d682f1a2,200,strict,multi-session,How many different types of food delivery services have I used recently?,3,"Fresh Fusion, Domino's Pizza",0,WRONG
d7c942c3,50,public,knowledge-update,Is my mom using the same grocery list method as me?,Yes.,"No, mom is using a paper list.",0,WRONG
d7c942c3,50,strict,knowledge-update,Is my mom using the same grocery list method as me?,Yes.,"No, mom is using a paper list.",0,WRONG
d7c942c3,200,public,knowledge-update,Is my mom using the same grocery list method as me?,Yes.,"No, mom is not using digital list.",0,WRONG
d7c942c3,200,strict,knowledge-update,Is my mom using the same grocery list method as me?,Yes.,"No, mom is not using digital list.",0,WRONG
d851d5ba,50,public,multi-session,How much money did I raise for charity in total?,"$3,750","$7,750",0,WRONG
d851d5ba,50,strict,multi-session,How much money did I raise for charity in total?,"$3,750","$7,750",0,WRONG
d851d5ba,200,public,multi-session,How much money did I raise for charity in total?,"$3,750","$7,750",0,WRONG
d851d5ba,200,strict,multi-session,How much money did I raise for charity in total?,"$3,750","$7,750",0,WRONG
d905b33f,50,public,multi-session,What percentage discount did I get on the book from my favorite author?,20%,20% discount,3,CORRECT
d905b33f,50,strict,multi-session,What percentage discount did I get on the book from my favorite author?,20%,20% discount,3,CORRECT
d905b33f,200,public,multi-session,What percentage discount did I get on the book from my favorite author?,20%,20% discount,3,CORRECT
d905b33f,200,strict,multi-session,What percentage discount did I get on the book from my favorite author?,20%,20% discount,3,CORRECT
dad224aa,50,public,knowledge-update,What time do I wake up on Saturday mornings?,7:30 am,7:30 am,3,CORRECT
dad224aa,50,strict,knowledge-update,What time do I wake up on Saturday mornings?,7:30 am,7:30 am,3,CORRECT
dad224aa,200,public,knowledge-update,What time do I wake up on Saturday mornings?,7:30 am,7:30 am,3,CORRECT
dad224aa,200,strict,knowledge-update,What time do I wake up on Saturday mornings?,7:30 am,7:30 am,3,CORRECT
db467c8c,50,public,knowledge-update,How long have my parents been staying with me in the US?,nine months,Nine months,3,CORRECT
db467c8c,50,strict,knowledge-update,How long have my parents been staying with me in the US?,nine months,Nine months,3,CORRECT
db467c8c,200,public,knowledge-update,How long have my parents been staying with me in the US?,nine months,Nine months,3,CORRECT
db467c8c,200,strict,knowledge-update,How long have my parents been staying with me in the US?,nine months,Nine months,3,CORRECT
dc439ea3,50,public,single-session-assistant,"I was looking back at our previous conversation about Native American powwows and I was wondering, which traditional game did you say was often performed by skilled dancers at powwows?",Hoop Dance,No mention of traditional games at powwows.,0,WRONG
dc439ea3,50,strict,single-session-assistant,"I was looking back at our previous conversation about Native American powwows and I was wondering, which traditional game did you say was often performed by skilled dancers at powwows?",Hoop Dance,No mention of traditional games at powwows.,0,WRONG
dc439ea3,200,public,single-session-assistant,"I was looking back at our previous conversation about Native American powwows and I was wondering, which traditional game did you say was often performed by skilled dancers at powwows?",Hoop Dance,No mention of traditional games at powwows.,0,WRONG
dc439ea3,200,strict,single-session-assistant,"I was looking back at our previous conversation about Native American powwows and I was wondering, which traditional game did you say was often performed by skilled dancers at powwows?",Hoop Dance,No mention of traditional games at powwows.,0,WRONG
dccbc061,50,public,single-session-user,What was my previous stance on spirituality?,A staunch atheist,Staunch atheist,3,CORRECT
dccbc061,50,strict,single-session-user,What was my previous stance on spirituality?,A staunch atheist,Staunch atheist,3,CORRECT
dccbc061,200,public,single-session-user,What was my previous stance on spirituality?,A staunch atheist,Staunch atheist,3,CORRECT
dccbc061,200,strict,single-session-user,What was my previous stance on spirituality?,A staunch atheist,Staunch atheist,3,CORRECT
dcfa8644,50,public,temporal-reasoning,How many days had passed since I bought my Adidas running shoes when I realized one of the shoelaces on my old Converse sneakers had broken?,14 days. 15 days (including the last day) is also acceptable.,14 days,3,CORRECT
dcfa8644,50,strict,temporal-reasoning,How many days had passed since I bought my Adidas running shoes when I realized one of the shoelaces on my old Converse sneakers had broken?,14 days. 15 days (including the last day) is also acceptable.,14 days,3,CORRECT
dcfa8644,200,public,temporal-reasoning,How many days had passed since I bought my Adidas running shoes when I realized one of the shoelaces on my old Converse sneakers had broken?,14 days. 15 days (including the last day) is also acceptable.,13 days,0,WRONG
dcfa8644,200,strict,temporal-reasoning,How many days had passed since I bought my Adidas running shoes when I realized one of the shoelaces on my old Converse sneakers had broken?,14 days. 15 days (including the last day) is also acceptable.,13 days,0,WRONG
dd2973ad,50,public,multi-session,What time did I go to bed on the day before I had a doctor's appointment?,2 AM,2 AM,3,CORRECT
dd2973ad,50,strict,multi-session,What time did I go to bed on the day before I had a doctor's appointment?,2 AM,2 AM,3,CORRECT
dd2973ad,200,public,multi-session,What time did I go to bed on the day before I had a doctor's appointment?,2 AM,10 PM on Tuesday,0,WRONG
dd2973ad,200,strict,multi-session,What time did I go to bed on the day before I had a doctor's appointment?,2 AM,10 PM on Tuesday,0,WRONG
dfde3500,50,public,knowledge-update,What day of the week did I meet with my previous language exchange tutor Juan?,Wednesday,Wednesday,3,CORRECT
dfde3500,50,strict,knowledge-update,What day of the week did I meet with my previous language exchange tutor Juan?,Wednesday,Wednesday,3,CORRECT
dfde3500,200,public,knowledge-update,What day of the week did I meet with my previous language exchange tutor Juan?,Wednesday,Wednesday,3,CORRECT
dfde3500,200,strict,knowledge-update,What day of the week did I meet with my previous language exchange tutor Juan?,Wednesday,Wednesday,3,CORRECT
e01b8e2f,50,public,single-session-user,Where did I go on a week-long trip with my family?,Hawaii,Hawaii (Big Island),3,CORRECT
e01b8e2f,50,strict,single-session-user,Where did I go on a week-long trip with my family?,Hawaii,Hawaii (Big Island),3,CORRECT
e01b8e2f,200,public,single-session-user,Where did I go on a week-long trip with my family?,Hawaii,Hawaii (Big Island),3,CORRECT
e01b8e2f,200,strict,single-session-user,Where did I go on a week-long trip with my family?,Hawaii,Hawaii (Big Island),3,CORRECT
e25c3b8d,50,public,multi-session,How much did I save on the designer handbag at TK Maxx?,$300,$300,3,CORRECT
e25c3b8d,50,strict,multi-session,How much did I save on the designer handbag at TK Maxx?,$300,$300,3,CORRECT
e25c3b8d,200,public,multi-session,How much did I save on the designer handbag at TK Maxx?,$300,$300,3,CORRECT
e25c3b8d,200,strict,multi-session,How much did I save on the designer handbag at TK Maxx?,$300,$300,3,CORRECT
e3038f8c,50,public,multi-session,How many rare items do I have in total?,99,"25 coins, 12 figurines, 5 books, 1 vase, 1 album — total 58 rare items.",0,WRONG
e3038f8c,50,strict,multi-session,How many rare items do I have in total?,99,"25 coins, 12 figurines, 5 books, 1 vase, 1 album — total 58 rare items.",0,WRONG
e3038f8c,200,public,multi-session,How many rare items do I have in total?,99,"25 rare coins, 12 rare figurines, 5 rare books, 1 rare book collection, 1 rare vase, 1 rare record, 1 rare trading card, 1 rare bike, 1 rare e-reader, 1 rare watch, 1 rare necklace, 1 rare bracelet, 1 rare ring, 1 rare camera bag, 1 rare flash, 1 rare lens, 1 rare tripod, 1 rare shutter release, 1 rare rain cover, 1 rare bike wheel, 1 rare tire, 1 rare book club, 1 rare film, 1 rare TV show, 1 rare music album, 1 rare video game, 1 rare NFT, 1 rare QR code, 1 rare survey, 1 rare training schedule, 1 rare triathlon, 1 rare garden, 1 rare plant, 1 rare seed, 1 rare book, 1 rare movie, 1 rare TV series, 1 rare podcast, 1 rare website, 1 rare app, 1 rare software, 1 rare platform, 1 rare marketplace, 1 rare forum, 1 rare community, 1 rare group, 1 rare event, 1 rare contest, 1 rare gift, 1 rare proposal, 1 rare picnic, 1 rare wedding, 1 rare birthday, 1 rare holiday, 1 rare vacation, 1 rare trip, 1 rare journey, 1 rare adventure, 1 rare experience, 1 rare memory, 1 rare story, 1 rare dream, 1 rare goal, 1 rare plan, 1 rare idea, 1 rare thought, 1 rare feeling, 1 rare emotion, 1 rare expression, 1 rare face, 1 rare smile, 1 rare laugh, 1 rare cry, 1 rare silence, 1 rare moment, 1 rare time, 1 rare place, 1 rare space, 1 rare world, 1 rare universe, 1 rare reality, 1 rare virtual, 1 rare digital, 1 rare physical, 1 rare tangible, 1 rare intangible, 1 rare invisible, 1 rare visible, 1 rare known, 1 rare unknown, 1 rare certain, 1 rare uncertain, 1 rare clear, 1 rare unclear, 1 rare simple, 1 rare complex, 1 rare easy, 1 rare difficult, 1 rare",0,WRONG
e3038f8c,200,strict,multi-session,How many rare items do I have in total?,99,"25 rare coins, 12 rare figurines, 5 rare books, 1 rare book collection, 1 rare vase, 1 rare record, 1 rare trading card, 1 rare bike, 1 rare e-reader, 1 rare watch, 1 rare necklace, 1 rare bracelet, 1 rare ring, 1 rare camera bag, 1 rare flash, 1 rare lens, 1 rare tripod, 1 rare shutter release, 1 rare rain cover, 1 rare bike wheel, 1 rare tire, 1 rare book club, 1 rare film, 1 rare TV show, 1 rare music album, 1 rare video game, 1 rare NFT, 1 rare QR code, 1 rare survey, 1 rare training schedule, 1 rare triathlon, 1 rare garden, 1 rare plant, 1 rare seed, 1 rare book, 1 rare movie, 1 rare TV series, 1 rare podcast, 1 rare website, 1 rare app, 1 rare software, 1 rare platform, 1 rare marketplace, 1 rare forum, 1 rare community, 1 rare group, 1 rare event, 1 rare contest, 1 rare gift, 1 rare proposal, 1 rare picnic, 1 rare wedding, 1 rare birthday, 1 rare holiday, 1 rare vacation, 1 rare trip, 1 rare journey, 1 rare adventure, 1 rare experience, 1 rare memory, 1 rare story, 1 rare dream, 1 rare goal, 1 rare plan, 1 rare idea, 1 rare thought, 1 rare feeling, 1 rare emotion, 1 rare expression, 1 rare face, 1 rare smile, 1 rare laugh, 1 rare cry, 1 rare silence, 1 rare moment, 1 rare time, 1 rare place, 1 rare space, 1 rare world, 1 rare universe, 1 rare reality, 1 rare virtual, 1 rare digital, 1 rare physical, 1 rare tangible, 1 rare intangible, 1 rare invisible, 1 rare visible, 1 rare known, 1 rare unknown, 1 rare certain, 1 rare uncertain, 1 rare clear, 1 rare unclear, 1 rare simple, 1 rare complex, 1 rare easy, 1 rare difficult, 1 rare",0,WRONG
e3fc4d6e,50,public,single-session-assistant,I wanted to follow up on our previous conversation about the fusion breakthrough at Lawrence Livermore National Laboratory. Can you remind me who is the President's Chief Advisor for Science and Technology mentioned in the article?,Dr. Arati Prabhakar,No information available.,0,WRONG
e3fc4d6e,50,strict,single-session-assistant,I wanted to follow up on our previous conversation about the fusion breakthrough at Lawrence Livermore National Laboratory. Can you remind me who is the President's Chief Advisor for Science and Technology mentioned in the article?,Dr. Arati Prabhakar,No information available.,0,WRONG
e3fc4d6e,200,public,single-session-assistant,I wanted to follow up on our previous conversation about the fusion breakthrough at Lawrence Livermore National Laboratory. Can you remind me who is the President's Chief Advisor for Science and Technology mentioned in the article?,Dr. Arati Prabhakar,No information available.,0,WRONG
e3fc4d6e,200,strict,single-session-assistant,I wanted to follow up on our previous conversation about the fusion breakthrough at Lawrence Livermore National Laboratory. Can you remind me who is the President's Chief Advisor for Science and Technology mentioned in the article?,Dr. Arati Prabhakar,No information available.,0,WRONG
e47becba,50,public,single-session-user,What degree did I graduate with?,Business Administration,Business Administration,3,CORRECT
e47becba,50,strict,single-session-user,What degree did I graduate with?,Business Administration,Business Administration,3,CORRECT
e47becba,200,public,single-session-user,What degree did I graduate with?,Business Administration,Business Administration,3,CORRECT
e47becba,200,strict,single-session-user,What degree did I graduate with?,Business Administration,Business Administration,3,CORRECT
e48988bc,50,public,single-session-assistant,"I was looking back at our previous conversation about environmentally responsible supply chain practices, and I was wondering if you could remind me of the company you mentioned that's doing a great job with sustainability?",Patagonia,Patagonia,3,CORRECT
e48988bc,50,strict,single-session-assistant,"I was looking back at our previous conversation about environmentally responsible supply chain practices, and I was wondering if you could remind me of the company you mentioned that's doing a great job with sustainability?",Patagonia,Patagonia,3,CORRECT
e48988bc,200,public,single-session-assistant,"I was looking back at our previous conversation about environmentally responsible supply chain practices, and I was wondering if you could remind me of the company you mentioned that's doing a great job with sustainability?",Patagonia,Patagonia,3,CORRECT
e48988bc,200,strict,single-session-assistant,"I was looking back at our previous conversation about environmentally responsible supply chain practices, and I was wondering if you could remind me of the company you mentioned that's doing a great job with sustainability?",Patagonia,Patagonia,3,CORRECT
e493bb7c,50,public,knowledge-update,Where is the painting 'Ethereal Dreams' by Emma Taylor currently hanging?,in my bedroom,Above the bed,3,CORRECT
e493bb7c,50,strict,knowledge-update,Where is the painting 'Ethereal Dreams' by Emma Taylor currently hanging?,in my bedroom,Above the bed,3,CORRECT
e493bb7c,200,public,knowledge-update,Where is the painting 'Ethereal Dreams' by Emma Taylor currently hanging?,in my bedroom,Above the bed,3,CORRECT
e493bb7c,200,strict,knowledge-update,Where is the painting 'Ethereal Dreams' by Emma Taylor currently hanging?,in my bedroom,Above the bed,3,CORRECT
e4e14d04,50,public,temporal-reasoning,How long had I been a member of 'Book Lovers Unite' when I attended the meetup?,Two weeks,Three weeks,0,WRONG
e4e14d04,50,strict,temporal-reasoning,How long had I been a member of 'Book Lovers Unite' when I attended the meetup?,Two weeks,Three weeks,0,WRONG
e4e14d04,200,public,temporal-reasoning,How long had I been a member of 'Book Lovers Unite' when I attended the meetup?,Two weeks,Three weeks,0,WRONG
e4e14d04,200,strict,temporal-reasoning,How long had I been a member of 'Book Lovers Unite' when I attended the meetup?,Two weeks,Three weeks,0,WRONG
e56a43b9,50,public,multi-session,How much discount will I get on my next purchase at FreshMart?,$5,$5 discount,3,CORRECT
e56a43b9,50,strict,multi-session,How much discount will I get on my next purchase at FreshMart?,$5,$5 discount,3,CORRECT
e56a43b9,200,public,multi-session,How much discount will I get on my next purchase at FreshMart?,$5,$5 discount,3,CORRECT
e56a43b9,200,strict,multi-session,How much discount will I get on my next purchase at FreshMart?,$5,$5 discount,3,CORRECT
e5ba910e_abs,50,public,multi-session,What is the total cost of my recently purchased headphones and the iPad?,"The information provided is not enough. You mentioned purchasing a headphone, but you did not mention the iPad.",$378,0,WRONG
e5ba910e_abs,50,strict,multi-session,What is the total cost of my recently purchased headphones and the iPad?,"The information provided is not enough. You mentioned purchasing a headphone, but you did not mention the iPad.",$378,0,WRONG
e5ba910e_abs,200,public,multi-session,What is the total cost of my recently purchased headphones and the iPad?,"The information provided is not enough. You mentioned purchasing a headphone, but you did not mention the iPad.","$378, $329",0,WRONG
e5ba910e_abs,200,strict,multi-session,What is the total cost of my recently purchased headphones and the iPad?,"The information provided is not enough. You mentioned purchasing a headphone, but you did not mention the iPad.","$378, $329",0,WRONG
e6041065,50,public,multi-session,What percentage of packed shoes did I wear on my last trip?,40%,50%,0,WRONG
e6041065,50,strict,multi-session,What percentage of packed shoes did I wear on my last trip?,40%,50%,0,WRONG
e6041065,200,public,multi-session,What percentage of packed shoes did I wear on my last trip?,40%,50%,0,WRONG
e6041065,200,strict,multi-session,What percentage of packed shoes did I wear on my last trip?,40%,50%,0,WRONG
e61a7584,50,public,knowledge-update,"How long have I had my cat, Luna?",9 months,9 months,3,CORRECT
e61a7584,50,strict,knowledge-update,"How long have I had my cat, Luna?",9 months,9 months,3,CORRECT
e61a7584,200,public,knowledge-update,"How long have I had my cat, Luna?",9 months,9 months,3,CORRECT
e61a7584,200,strict,knowledge-update,"How long have I had my cat, Luna?",9 months,9 months,3,CORRECT
e66b632c,50,public,knowledge-update,What was my previous personal best time for the charity 5K run?,27 minutes and 45 seconds,27 minutes 45 seconds,3,CORRECT
e66b632c,50,strict,knowledge-update,What was my previous personal best time for the charity 5K run?,27 minutes and 45 seconds,27 minutes 45 seconds,3,CORRECT
e66b632c,200,public,knowledge-update,What was my previous personal best time for the charity 5K run?,27 minutes and 45 seconds,27 minutes 45 seconds,3,CORRECT
e66b632c,200,strict,knowledge-update,What was my previous personal best time for the charity 5K run?,27 minutes and 45 seconds,27 minutes 45 seconds,3,CORRECT
e831120c,50,public,multi-session,How many weeks did it take me to watch all the Marvel Cinematic Universe movies and the main Star Wars films?,3.5 weeks,"2 weeks, 1.5 weeks",0,WRONG
e831120c,50,strict,multi-session,How many weeks did it take me to watch all the Marvel Cinematic Universe movies and the main Star Wars films?,3.5 weeks,"2 weeks, 1.5 weeks",0,WRONG
e831120c,200,public,multi-session,How many weeks did it take me to watch all the Marvel Cinematic Universe movies and the main Star Wars films?,3.5 weeks,"2 weeks, 1.5 weeks",0,WRONG
e831120c,200,strict,multi-session,How many weeks did it take me to watch all the Marvel Cinematic Universe movies and the main Star Wars films?,3.5 weeks,"2 weeks, 1.5 weeks",0,WRONG
e8a79c70,50,public,single-session-assistant,"I was going through our previous conversation about making a classic French omelette, and I wanted to confirm - how many eggs did you say we need for the recipe?",2-3 eggs,3 eggs,3,CORRECT
e8a79c70,50,strict,single-session-assistant,"I was going through our previous conversation about making a classic French omelette, and I wanted to confirm - how many eggs did you say we need for the recipe?",2-3 eggs,3 eggs,3,CORRECT
e8a79c70,200,public,single-session-assistant,"I was going through our previous conversation about making a classic French omelette, and I wanted to confirm - how many eggs did you say we need for the recipe?",2-3 eggs,3 eggs,3,CORRECT
e8a79c70,200,strict,single-session-assistant,"I was going through our previous conversation about making a classic French omelette, and I wanted to confirm - how many eggs did you say we need for the recipe?",2-3 eggs,3 eggs,3,CORRECT
e9327a54,50,public,single-session-assistant,I'm planning to revisit Orlando. I was wondering if you could remind me of that unique dessert shop with the giant milkshakes we talked about last time?,The Sugar Factory at Icon Park.,No memory of unique dessert shop with giant milkshakes.,0,WRONG
e9327a54,50,strict,single-session-assistant,I'm planning to revisit Orlando. I was wondering if you could remind me of that unique dessert shop with the giant milkshakes we talked about last time?,The Sugar Factory at Icon Park.,No memory of unique dessert shop with giant milkshakes.,0,WRONG
e9327a54,200,public,single-session-assistant,I'm planning to revisit Orlando. I was wondering if you could remind me of that unique dessert shop with the giant milkshakes we talked about last time?,The Sugar Factory at Icon Park.,Strawberry Shortcake shop,0,WRONG
e9327a54,200,strict,single-session-assistant,I'm planning to revisit Orlando. I was wondering if you could remind me of that unique dessert shop with the giant milkshakes we talked about last time?,The Sugar Factory at Icon Park.,Strawberry Shortcake shop,0,WRONG
e982271f,50,public,single-session-assistant,I was going through our previous chat. Can you remind me of the name of the last venue you recommended in the list of popular venues in Portland for indie music shows?,Revolution Hall,Crystal Ballroom,0,WRONG
e982271f,50,strict,single-session-assistant,I was going through our previous chat. Can you remind me of the name of the last venue you recommended in the list of popular venues in Portland for indie music shows?,Revolution Hall,Crystal Ballroom,0,WRONG
e982271f,200,public,single-session-assistant,I was going through our previous chat. Can you remind me of the name of the last venue you recommended in the list of popular venues in Portland for indie music shows?,Revolution Hall,Mississippi Studios,0,WRONG
e982271f,200,strict,single-session-assistant,I was going through our previous chat. Can you remind me of the name of the last venue you recommended in the list of popular venues in Portland for indie music shows?,Revolution Hall,Mississippi Studios,0,WRONG
eac54adc,50,public,temporal-reasoning,How many days ago did I launch my website when I signed a contract with my first client?,19 days ago. 20 days (including the last day) is also acceptable.,20 days ago,3,CORRECT
eac54adc,50,strict,temporal-reasoning,How many days ago did I launch my website when I signed a contract with my first client?,19 days ago. 20 days (including the last day) is also acceptable.,20 days ago,3,CORRECT
eac54adc,200,public,temporal-reasoning,How many days ago did I launch my website when I signed a contract with my first client?,19 days ago. 20 days (including the last day) is also acceptable.,20 days ago,3,CORRECT
eac54adc,200,strict,temporal-reasoning,How many days ago did I launch my website when I signed a contract with my first client?,19 days ago. 20 days (including the last day) is also acceptable.,20 days ago,3,CORRECT
eac54add,50,public,temporal-reasoning,What was the significant buisiness milestone I mentioned four weeks ago?,I signed a contract with my first client.,Launched website four weeks ago,0,WRONG
eac54add,50,strict,temporal-reasoning,What was the significant buisiness milestone I mentioned four weeks ago?,I signed a contract with my first client.,Launched website four weeks ago,0,WRONG
eac54add,200,public,temporal-reasoning,What was the significant buisiness milestone I mentioned four weeks ago?,I signed a contract with my first client.,Johnson account deadline,0,WRONG
eac54add,200,strict,temporal-reasoning,What was the significant buisiness milestone I mentioned four weeks ago?,I signed a contract with my first client.,Johnson account deadline,0,WRONG
eaca4986,50,public,single-session-assistant,I'm looking back at our previous conversation where you created two sad songs for me. Can you remind me what was the chord progression for the chorus in the second song?,C D E F G A B A G F E D C,No chord progression information available.,0,WRONG
eaca4986,50,strict,single-session-assistant,I'm looking back at our previous conversation where you created two sad songs for me. Can you remind me what was the chord progression for the chorus in the second song?,C D E F G A B A G F E D C,No chord progression information available.,0,WRONG
eaca4986,200,public,single-session-assistant,I'm looking back at our previous conversation where you created two sad songs for me. Can you remind me what was the chord progression for the chorus in the second song?,C D E F G A B A G F E D C,No chord progression information available.,0,WRONG
eaca4986,200,strict,single-session-assistant,I'm looking back at our previous conversation where you created two sad songs for me. Can you remind me what was the chord progression for the chorus in the second song?,C D E F G A B A G F E D C,No chord progression information available.,0,WRONG
eace081b,50,public,knowledge-update,Where am I planning to stay for my birthday trip to Hawaii?,Oahu,Oahu,3,CORRECT
eace081b,50,strict,knowledge-update,Where am I planning to stay for my birthday trip to Hawaii?,Oahu,Oahu,3,CORRECT
eace081b,200,public,knowledge-update,Where am I planning to stay for my birthday trip to Hawaii?,Oahu,Oahu,3,CORRECT
eace081b,200,strict,knowledge-update,Where am I planning to stay for my birthday trip to Hawaii?,Oahu,Oahu,3,CORRECT
ec81a493,50,public,single-session-user,How many copies of my favorite artist's debut album were released worldwide?,500,500 copies,3,CORRECT
ec81a493,50,strict,single-session-user,How many copies of my favorite artist's debut album were released worldwide?,500,500 copies,3,CORRECT
ec81a493,200,public,single-session-user,How many copies of my favorite artist's debut album were released worldwide?,500,500 copies,3,CORRECT
ec81a493,200,strict,single-session-user,How many copies of my favorite artist's debut album were released worldwide?,500,500 copies,3,CORRECT
ed4ddc30,50,public,knowledge-update,How many dozen eggs do we currently have stocked up in our refrigerator?,20,20 dozen,3,CORRECT
ed4ddc30,50,strict,knowledge-update,How many dozen eggs do we currently have stocked up in our refrigerator?,20,20 dozen,3,CORRECT
ed4ddc30,200,public,knowledge-update,How many dozen eggs do we currently have stocked up in our refrigerator?,20,20 dozen eggs,3,CORRECT
ed4ddc30,200,strict,knowledge-update,How many dozen eggs do we currently have stocked up in our refrigerator?,20,20 dozen eggs,3,CORRECT
edced276,50,public,multi-session,How many days did I spend in total traveling in Hawaii and in New York City?,15 days,"5 days in New York, 7 days in Hawaii → 12 days total.",0,WRONG
edced276,50,strict,multi-session,How many days did I spend in total traveling in Hawaii and in New York City?,15 days,"5 days in New York, 7 days in Hawaii → 12 days total.",0,WRONG
edced276,200,public,multi-session,How many days did I spend in total traveling in Hawaii and in New York City?,15 days,"5 days in New York, 7 days in Hawaii → 12 days total.",0,WRONG
edced276,200,strict,multi-session,How many days did I spend in total traveling in Hawaii and in New York City?,15 days,"5 days in New York, 7 days in Hawaii → 12 days total.",0,WRONG
edced276_abs,50,public,multi-session,How many days did I spend in total traveling in Hawaii and in Seattle?,The information provided is not enough. You mentioned traveling for 10 days in Hawaii but did not mention abything about the trip to Seattle.,"Hawaii: 4 days  
Seattle: Not mentioned  

Total: 4 days",0,WRONG
edced276_abs,50,strict,multi-session,How many days did I spend in total traveling in Hawaii and in Seattle?,The information provided is not enough. You mentioned traveling for 10 days in Hawaii but did not mention abything about the trip to Seattle.,"Hawaii: 4 days  
Seattle: Not mentioned  

Total: 4 days",0,WRONG
edced276_abs,200,public,multi-session,How many days did I spend in total traveling in Hawaii and in Seattle?,The information provided is not enough. You mentioned traveling for 10 days in Hawaii but did not mention abything about the trip to Seattle.,"Hawaii: 4 days  
Seattle: 0 days (no mention of Seattle)  

Total: 4 days",0,WRONG
edced276_abs,200,strict,multi-session,How many days did I spend in total traveling in Hawaii and in Seattle?,The information provided is not enough. You mentioned traveling for 10 days in Hawaii but did not mention abything about the trip to Seattle.,"Hawaii: 4 days  
Seattle: 0 days (no mention of Seattle)  

Total: 4 days",0,WRONG
eeda8a6d,50,public,multi-session,How many fish are there in total in both of my aquariums?,17,16 fish,0,WRONG
eeda8a6d,50,strict,multi-session,How many fish are there in total in both of my aquariums?,17,16 fish,0,WRONG
eeda8a6d,200,public,multi-session,How many fish are there in total in both of my aquariums?,17,16 fish,0,WRONG
eeda8a6d,200,strict,multi-session,How many fish are there in total in both of my aquariums?,17,16 fish,0,WRONG
eeda8a6d_abs,50,public,multi-session,How many fish are there in my 30-gallon tank?,The information provided is not enough. You did not mention that you have a 30-gallon tank.,No 30-gallon tank mentioned.,3,CORRECT
eeda8a6d_abs,50,strict,multi-session,How many fish are there in my 30-gallon tank?,The information provided is not enough. You did not mention that you have a 30-gallon tank.,No 30-gallon tank mentioned.,3,CORRECT
eeda8a6d_abs,200,public,multi-session,How many fish are there in my 30-gallon tank?,The information provided is not enough. You did not mention that you have a 30-gallon tank.,No 30-gallon tank mentioned.,3,CORRECT
eeda8a6d_abs,200,strict,multi-session,How many fish are there in my 30-gallon tank?,The information provided is not enough. You did not mention that you have a 30-gallon tank.,No 30-gallon tank mentioned.,3,CORRECT
ef66a6e5,50,public,multi-session,How many sports have I played competitively in the past?,two,"Swimming, tennis",3,CORRECT
ef66a6e5,50,strict,multi-session,How many sports have I played competitively in the past?,two,"Swimming, tennis",3,CORRECT
ef66a6e5,200,public,multi-session,How many sports have I played competitively in the past?,two,"Tennis, soccer, swimming",3,CORRECT
ef66a6e5,200,strict,multi-session,How many sports have I played competitively in the past?,two,"Tennis, soccer, swimming",0,WRONG
ef9cf60a,50,public,multi-session,How much did I spend on gifts for my sister?,$300,$100 gift card,0,WRONG
ef9cf60a,50,strict,multi-session,How much did I spend on gifts for my sister?,$300,$100 gift card,0,WRONG
ef9cf60a,200,public,multi-session,How much did I spend on gifts for my sister?,$300,$100,0,WRONG
ef9cf60a,200,strict,multi-session,How much did I spend on gifts for my sister?,$300,$100,0,WRONG
efc3f7c2,50,public,multi-session,How much earlier do I wake up on Fridays compared to other weekdays?,30 minutes,6:00 AM vs 6:30 AM → 30 minutes earlier,3,CORRECT
efc3f7c2,50,strict,multi-session,How much earlier do I wake up on Fridays compared to other weekdays?,30 minutes,6:00 AM vs 6:30 AM → 30 minutes earlier,3,CORRECT
efc3f7c2,200,public,multi-session,How much earlier do I wake up on Fridays compared to other weekdays?,30 minutes,6:00 AM vs 6:30 AM,3,CORRECT
efc3f7c2,200,strict,multi-session,How much earlier do I wake up on Fridays compared to other weekdays?,30 minutes,6:00 AM vs 6:30 AM,3,CORRECT
f0853d11,50,public,temporal-reasoning,How many days had passed between the 'Walk for Hunger' event and the 'Coastal Cleanup' event?,14 days. 8 days (including the last day) is also acceptable.,14 days,3,CORRECT
f0853d11,50,strict,temporal-reasoning,How many days had passed between the 'Walk for Hunger' event and the 'Coastal Cleanup' event?,14 days. 8 days (including the last day) is also acceptable.,14 days,3,CORRECT
f0853d11,200,public,temporal-reasoning,How many days had passed between the 'Walk for Hunger' event and the 'Coastal Cleanup' event?,14 days. 8 days (including the last day) is also acceptable.,14 days,3,CORRECT
f0853d11,200,strict,temporal-reasoning,How many days had passed between the 'Walk for Hunger' event and the 'Coastal Cleanup' event?,14 days. 8 days (including the last day) is also acceptable.,14 days,3,CORRECT
f0e564bc,50,public,multi-session,What is the total amount I spent on the designer handbag and high-end skincare products?,"$1,300","$1,300",3,CORRECT
f0e564bc,50,strict,multi-session,What is the total amount I spent on the designer handbag and high-end skincare products?,"$1,300","$1,300",3,CORRECT
f0e564bc,200,public,multi-session,What is the total amount I spent on the designer handbag and high-end skincare products?,"$1,300","$1,300",3,CORRECT
f0e564bc,200,strict,multi-session,What is the total amount I spent on the designer handbag and high-end skincare products?,"$1,300","$1,300",3,CORRECT
f35224e0,50,public,multi-session,What is the total number of episodes I've listened to from 'How I Built This' and 'My Favorite Murder'?,27,"15 episodes of 'How I Built This'  
12 episodes of 'My Favorite Murder'  
Total: 27 episodes",3,CORRECT
f35224e0,50,strict,multi-session,What is the total number of episodes I've listened to from 'How I Built This' and 'My Favorite Murder'?,27,"15 episodes of 'How I Built This'  
12 episodes of 'My Favorite Murder'  
Total: 27 episodes",3,CORRECT
f35224e0,200,public,multi-session,What is the total number of episodes I've listened to from 'How I Built This' and 'My Favorite Murder'?,27,"15 episodes of 'How I Built This'  
12 episodes of 'My Favorite Murder'  
Total: 27 episodes",3,CORRECT
f35224e0,200,strict,multi-session,What is the total number of episodes I've listened to from 'How I Built This' and 'My Favorite Murder'?,27,"15 episodes of 'How I Built This'  
12 episodes of 'My Favorite Murder'  
Total: 27 episodes",3,CORRECT
f4f1d8a4,50,public,single-session-user,Who gave me a new stand mixer as a birthday gift?,my sister,Sister,3,CORRECT
f4f1d8a4,50,strict,single-session-user,Who gave me a new stand mixer as a birthday gift?,my sister,Sister,3,CORRECT
f4f1d8a4,200,public,single-session-user,Who gave me a new stand mixer as a birthday gift?,my sister,Sister,3,CORRECT
f4f1d8a4,200,strict,single-session-user,Who gave me a new stand mixer as a birthday gift?,my sister,Sister,3,CORRECT
f4f1d8a4_abs,50,public,single-session-user,What did my dad gave me as a birthday gift?,"You did not mention this information. You mentioned receiving a birthday gift from your sister, but not your dad.",Stand mixer,0,WRONG
f4f1d8a4_abs,50,strict,single-session-user,What did my dad gave me as a birthday gift?,"You did not mention this information. You mentioned receiving a birthday gift from your sister, but not your dad.",Stand mixer,0,WRONG
f4f1d8a4_abs,200,public,single-session-user,What did my dad gave me as a birthday gift?,"You did not mention this information. You mentioned receiving a birthday gift from your sister, but not your dad.",Stand mixer,0,WRONG
f4f1d8a4_abs,200,strict,single-session-user,What did my dad gave me as a birthday gift?,"You did not mention this information. You mentioned receiving a birthday gift from your sister, but not your dad.",Stand mixer,0,WRONG
f523d9fe,50,public,single-session-assistant,"I wanted to check back on our previous conversation about Netflix. I mentioned that I wanted to be able to access all seasons of old shows? Do you remember what show I used as an example, the one that only had the last season available?",Doc Martin,Doc Martin,3,CORRECT
f523d9fe,50,strict,single-session-assistant,"I wanted to check back on our previous conversation about Netflix. I mentioned that I wanted to be able to access all seasons of old shows? Do you remember what show I used as an example, the one that only had the last season available?",Doc Martin,Doc Martin,3,CORRECT
f523d9fe,200,public,single-session-assistant,"I wanted to check back on our previous conversation about Netflix. I mentioned that I wanted to be able to access all seasons of old shows? Do you remember what show I used as an example, the one that only had the last season available?",Doc Martin,Doc Martin,3,CORRECT
f523d9fe,200,strict,single-session-assistant,"I wanted to check back on our previous conversation about Netflix. I mentioned that I wanted to be able to access all seasons of old shows? Do you remember what show I used as an example, the one that only had the last season available?",Doc Martin,Doc Martin,3,CORRECT
f685340e,50,public,knowledge-update,How often do I play tennis with my friends at the local park previously? How often do I play now?,"Previously, you play tennis with your friends at the local park every week (on Sunday). Currently, you play tennis every other week (on Sunday).","Previously: Weekly  
Now: Weekly",0,WRONG
f685340e,50,strict,knowledge-update,How often do I play tennis with my friends at the local park previously? How often do I play now?,"Previously, you play tennis with your friends at the local park every week (on Sunday). Currently, you play tennis every other week (on Sunday).","Previously: Weekly  
Now: Weekly",0,WRONG
f685340e,200,public,knowledge-update,How often do I play tennis with my friends at the local park previously? How often do I play now?,"Previously, you play tennis with your friends at the local park every week (on Sunday). Currently, you play tennis every other week (on Sunday).","Previously: Weekly  
Now: Weekly",0,WRONG
f685340e,200,strict,knowledge-update,How often do I play tennis with my friends at the local park previously? How often do I play now?,"Previously, you play tennis with your friends at the local park every week (on Sunday). Currently, you play tennis every other week (on Sunday).","Previously: Weekly  
Now: Weekly",0,WRONG
f685340e_abs,50,public,knowledge-update,How often do I play table tennis with my friends at the local park?,The information provided is not enough. You mentioned playing tennis but not table tennis.,No information available.,3,CORRECT
f685340e_abs,50,strict,knowledge-update,How often do I play table tennis with my friends at the local park?,The information provided is not enough. You mentioned playing tennis but not table tennis.,No information available.,3,CORRECT
f685340e_abs,200,public,knowledge-update,How often do I play table tennis with my friends at the local park?,The information provided is not enough. You mentioned playing tennis but not table tennis.,Weekly tennis sessions,0,WRONG
f685340e_abs,200,strict,knowledge-update,How often do I play table tennis with my friends at the local park?,The information provided is not enough. You mentioned playing tennis but not table tennis.,Weekly tennis sessions,0,WRONG
f8c5f88b,50,public,single-session-user,Where did I buy my new tennis racket from?,the sports store downtown,Sports store downtown,3,CORRECT
f8c5f88b,50,strict,single-session-user,Where did I buy my new tennis racket from?,the sports store downtown,Sports store downtown,3,CORRECT
f8c5f88b,200,public,single-session-user,Where did I buy my new tennis racket from?,the sports store downtown,Sports store downtown,3,CORRECT
f8c5f88b,200,strict,single-session-user,Where did I buy my new tennis racket from?,the sports store downtown,Sports store downtown,3,CORRECT
f9e8c073,50,public,knowledge-update,How many sessions of the bereavement support group did I attend?,five,3 sessions,0,WRONG
f9e8c073,50,strict,knowledge-update,How many sessions of the bereavement support group did I attend?,five,3 sessions,0,WRONG
f9e8c073,200,public,knowledge-update,How many sessions of the bereavement support group did I attend?,five,Three sessions,0,WRONG
f9e8c073,200,strict,knowledge-update,How many sessions of the bereavement support group did I attend?,five,Three sessions,0,WRONG
faba32e5,50,public,single-session-user,How long did Alex marinate the BBQ ribs in special sauce?,24 hours,No information available.,3,CORRECT
faba32e5,50,strict,single-session-user,How long did Alex marinate the BBQ ribs in special sauce?,24 hours,No information available.,0,WRONG
faba32e5,200,public,single-session-user,How long did Alex marinate the BBQ ribs in special sauce?,24 hours,Not mentioned,3,CORRECT
faba32e5,200,strict,single-session-user,How long did Alex marinate the BBQ ribs in special sauce?,24 hours,Not mentioned,0,WRONG
fca70973,50,public,single-session-preference,I am planning another theme park weekend; do you have any suggestions?,"The user would prefer theme park suggestions that cater to their interest in both thrill rides and special events, utilizing their previous experiences at Disneyland, Knott's Berry Farm, Six Flags Magic Mountain, and Universal Studios Hollywood as a reference point. They would also appreciate recommendations that highlight unique food experiences and nighttime shows. The user might not prefer suggestions that focus solely on one aspect of theme parks, such as only thrill rides or only family-friendly attractions, and may not be interested in parks that lack special events or unique dining options.",Halloween-themed events,0,WRONG
fca70973,50,strict,single-session-preference,I am planning another theme park weekend; do you have any suggestions?,"The user would prefer theme park suggestions that cater to their interest in both thrill rides and special events, utilizing their previous experiences at Disneyland, Knott's Berry Farm, Six Flags Magic Mountain, and Universal Studios Hollywood as a reference point. They would also appreciate recommendations that highlight unique food experiences and nighttime shows. The user might not prefer suggestions that focus solely on one aspect of theme parks, such as only thrill rides or only family-friendly attractions, and may not be interested in parks that lack special events or unique dining options.",Halloween-themed events,0,WRONG
fca70973,200,public,single-session-preference,I am planning another theme park weekend; do you have any suggestions?,"The user would prefer theme park suggestions that cater to their interest in both thrill rides and special events, utilizing their previous experiences at Disneyland, Knott's Berry Farm, Six Flags Magic Mountain, and Universal Studios Hollywood as a reference point. They would also appreciate recommendations that highlight unique food experiences and nighttime shows. The user might not prefer suggestions that focus solely on one aspect of theme parks, such as only thrill rides or only family-friendly attractions, and may not be interested in parks that lack special events or unique dining options.",Halloween-themed events,0,WRONG
fca70973,200,strict,single-session-preference,I am planning another theme park weekend; do you have any suggestions?,"The user would prefer theme park suggestions that cater to their interest in both thrill rides and special events, utilizing their previous experiences at Disneyland, Knott's Berry Farm, Six Flags Magic Mountain, and Universal Studios Hollywood as a reference point. They would also appreciate recommendations that highlight unique food experiences and nighttime shows. The user might not prefer suggestions that focus solely on one aspect of theme parks, such as only thrill rides or only family-friendly attractions, and may not be interested in parks that lack special events or unique dining options.",Halloween-themed events,0,WRONG
fca762bc,50,public,single-session-assistant,"I wanted to follow up on our previous conversation about language learning apps. You mentioned a few options, and I was wondering if you could remind me of the one that uses mnemonics to help learners memorize words and phrases?",Memrise,Mnemonic-based app: Memrise,3,CORRECT
fca762bc,50,strict,single-session-assistant,"I wanted to follow up on our previous conversation about language learning apps. You mentioned a few options, and I was wondering if you could remind me of the one that uses mnemonics to help learners memorize words and phrases?",Memrise,Mnemonic-based app: Memrise,3,CORRECT
fca762bc,200,public,single-session-assistant,"I wanted to follow up on our previous conversation about language learning apps. You mentioned a few options, and I was wondering if you could remind me of the one that uses mnemonics to help learners memorize words and phrases?",Memrise,Mnemonics-based app: Memrise,3,CORRECT
fca762bc,200,strict,single-session-assistant,"I wanted to follow up on our previous conversation about language learning apps. You mentioned a few options, and I was wondering if you could remind me of the one that uses mnemonics to help learners memorize words and phrases?",Memrise,Mnemonics-based app: Memrise,3,CORRECT
fea54f57,50,public,single-session-assistant,"I was thinking about our previous conversation about the Fifth Album, and I was wondering if you could remind me what song you said best exemplified the band's growth and development as artists?",Evolution,No specific song mentioned.,0,WRONG
fea54f57,50,strict,single-session-assistant,"I was thinking about our previous conversation about the Fifth Album, and I was wondering if you could remind me what song you said best exemplified the band's growth and development as artists?",Evolution,No specific song mentioned.,0,WRONG
fea54f57,200,public,single-session-assistant,"I was thinking about our previous conversation about the Fifth Album, and I was wondering if you could remind me what song you said best exemplified the band's growth and development as artists?",Evolution,"""Fetch the Bolt Cutters""",0,WRONG
fea54f57,200,strict,single-session-assistant,"I was thinking about our previous conversation about the Fifth Album, and I was wondering if you could remind me what song you said best exemplified the band's growth and development as artists?",Evolution,"""Fetch the Bolt Cutters""",0,WRONG
gpt4_0a05b494,50,public,temporal-reasoning,"Who did I meet first, the woman selling jam at the farmer's market or the tourist from Australia?",the woman selling jam at the farmer's market,Jam maker at farmer's market,3,CORRECT
gpt4_0a05b494,50,strict,temporal-reasoning,"Who did I meet first, the woman selling jam at the farmer's market or the tourist from Australia?",the woman selling jam at the farmer's market,Jam maker at farmer's market,3,CORRECT
gpt4_0a05b494,200,public,temporal-reasoning,"Who did I meet first, the woman selling jam at the farmer's market or the tourist from Australia?",the woman selling jam at the farmer's market,Jam maker at farmer's market,3,CORRECT
gpt4_0a05b494,200,strict,temporal-reasoning,"Who did I meet first, the woman selling jam at the farmer's market or the tourist from Australia?",the woman selling jam at the farmer's market,Jam maker at farmer's market,3,CORRECT
gpt4_0b2f1d21,50,public,temporal-reasoning,"Which event happened first, the purchase of the coffee maker or the malfunction of the stand mixer?",The malfunction of the stand mixer,Stand mixer malfunctioned first,3,CORRECT
gpt4_0b2f1d21,50,strict,temporal-reasoning,"Which event happened first, the purchase of the coffee maker or the malfunction of the stand mixer?",The malfunction of the stand mixer,Stand mixer malfunctioned first,3,CORRECT
gpt4_0b2f1d21,200,public,temporal-reasoning,"Which event happened first, the purchase of the coffee maker or the malfunction of the stand mixer?",The malfunction of the stand mixer,Stand mixer malfunctioned first.,3,CORRECT
gpt4_0b2f1d21,200,strict,temporal-reasoning,"Which event happened first, the purchase of the coffee maker or the malfunction of the stand mixer?",The malfunction of the stand mixer,Stand mixer malfunctioned first.,3,CORRECT
gpt4_15e38248,50,public,multi-session,"How many pieces of furniture did I buy, assemble, sell, or fix in the past few months?",4,"Assembled 1, fixed 1, bought 1 (IKEA bookshelf, kitchen table leg, scratch guards).",0,WRONG
gpt4_15e38248,50,strict,multi-session,"How many pieces of furniture did I buy, assemble, sell, or fix in the past few months?",4,"Assembled 1, fixed 1, bought 1 (IKEA bookshelf, kitchen table leg, scratch guards).",0,WRONG
gpt4_15e38248,200,public,multi-session,"How many pieces of furniture did I buy, assemble, sell, or fix in the past few months?",4,"Assembled 1, fixed 1, bought 1, sold 0.",0,WRONG
gpt4_15e38248,200,strict,multi-session,"How many pieces of furniture did I buy, assemble, sell, or fix in the past few months?",4,"Assembled 1, fixed 1, bought 1, sold 0.",0,WRONG
gpt4_18c2b244,50,public,temporal-reasoning,"What is the order of the three events: 'I signed up for the rewards program at ShopRite', 'I used a Buy One Get One Free coupon on Luvs diapers at Walmart', and 'I redeemed $12 cashback for a $10 Amazon gift card from Ibotta'?","First, I used a Buy One Get One Free coupon on Luvs diapers at Walmart. Then, I redeemed $12 cashback for a $10 Amazon gift card from Ibotta. Finally, I signed up for the rewards program at ShopRite.","1. Used BOGO coupon on Luvs diapers at Walmart (2023-03-31)  
2. Signed up for ShopRite rewards program (2023-04-10)  
3. Redeemed $12 cashback for $10 Amazon gift card via Ibotta (2023-04-10)  

Order: 1, 2, 3",0,WRONG
gpt4_18c2b244,50,strict,temporal-reasoning,"What is the order of the three events: 'I signed up for the rewards program at ShopRite', 'I used a Buy One Get One Free coupon on Luvs diapers at Walmart', and 'I redeemed $12 cashback for a $10 Amazon gift card from Ibotta'?","First, I used a Buy One Get One Free coupon on Luvs diapers at Walmart. Then, I redeemed $12 cashback for a $10 Amazon gift card from Ibotta. Finally, I signed up for the rewards program at ShopRite.","1. Used BOGO coupon on Luvs diapers at Walmart (2023-03-31)  
2. Signed up for ShopRite rewards program (2023-04-10)  
3. Redeemed $12 cashback for $10 Amazon gift card via Ibotta (2023-04-10)  

Order: 1, 2, 3",0,WRONG
gpt4_18c2b244,200,public,temporal-reasoning,"What is the order of the three events: 'I signed up for the rewards program at ShopRite', 'I used a Buy One Get One Free coupon on Luvs diapers at Walmart', and 'I redeemed $12 cashback for a $10 Amazon gift card from Ibotta'?","First, I used a Buy One Get One Free coupon on Luvs diapers at Walmart. Then, I redeemed $12 cashback for a $10 Amazon gift card from Ibotta. Finally, I signed up for the rewards program at ShopRite.","1. Signed up for ShopRite rewards (2023-04-10 00:48:30)  
2. Used BOGO coupon on Luvs diapers at Walmart (2023-03-31 09:08:30)  
3. Redeemed $12 cashback from Ibotta (2023-04-10 19:59:30)  

Order: Walmart coupon, ShopRite signup, Ibotta redemption.  

Answer: Walmart, ShopRite, Ibotta",0,WRONG
gpt4_18c2b244,200,strict,temporal-reasoning,"What is the order of the three events: 'I signed up for the rewards program at ShopRite', 'I used a Buy One Get One Free coupon on Luvs diapers at Walmart', and 'I redeemed $12 cashback for a $10 Amazon gift card from Ibotta'?","First, I used a Buy One Get One Free coupon on Luvs diapers at Walmart. Then, I redeemed $12 cashback for a $10 Amazon gift card from Ibotta. Finally, I signed up for the rewards program at ShopRite.","1. Signed up for ShopRite rewards (2023-04-10 00:48:30)  
2. Used BOGO coupon on Luvs diapers at Walmart (2023-03-31 09:08:30)  
3. Redeemed $12 cashback from Ibotta (2023-04-10 19:59:30)  

Order: Walmart coupon, ShopRite signup, Ibotta redemption.  

Answer: Walmart, ShopRite, Ibotta",0,WRONG
gpt4_1916e0ea,50,public,temporal-reasoning,How many days passed between the day I cancelled my FarmFresh subscription and the day I did my online grocery shopping from Instacart?,54 days. 55 days (including the last day) is also acceptable.,"1. Identify relevant memories:
   - Memory 2: 2022-12-22 23:42:00 – Planning to meal prep for the week (no subscription mention)
   - Memory 3: 2023-02-28 07:54:30 – Typically does grocery shopping and fills up gas tank on Sundays
   - Memory 5: 2023-02-28 21:58:30 – Planning to use a spreadsheet to track pantry and fridge inventory
   - Memory 15: 2023-02-28 21:58:30 – Looking for meal prep containers and tools
   - Memory 24: 2023-02-28 02:25:00 – Got oil changed on March 10th
   - Memory 28: 2023-01-11 12:46:00 – Trying to optimize social media usage
   - Memory 30: 2023-01-15 00:30:00 – Interested in Ippodo Tea Co.'s subscription services or loyalty programs
   - Memory 35: 2023-02-28 23:26:30 – Has introduced mom and sister to Scattergories
   - Memory 40: 2023-02-28 20:56:00 – Last Instagram post received 50 likes
   - Memory 45: 2023-02-28 19:18:30 – Considering implementing a system to track personal expenses

2. Look for mention of FarmFresh subscription cancellation:
   - No memory explicitly mentions cancelling a FarmFresh subscription.

3. Look for online grocery shopping from Instacart:
   - Memory 3: 2023-02-28 07:54:30 – Typically does grocery shopping and fills up gas tank on Sundays
   - This is the only mention of grocery shopping, and it's on Sunday, February 28, 2023.

4. Since no memory mentions cancelling FarmFresh, we cannot determine the date of cancellation.

5. Therefore, we",0,WRONG
gpt4_1916e0ea,50,strict,temporal-reasoning,How many days passed between the day I cancelled my FarmFresh subscription and the day I did my online grocery shopping from Instacart?,54 days. 55 days (including the last day) is also acceptable.,"1. Identify relevant memories:
   - Memory 2: 2022-12-22 23:42:00 – Planning to meal prep for the week (no subscription mention)
   - Memory 3: 2023-02-28 07:54:30 – Typically does grocery shopping and fills up gas tank on Sundays
   - Memory 5: 2023-02-28 21:58:30 – Planning to use a spreadsheet to track pantry and fridge inventory
   - Memory 15: 2023-02-28 21:58:30 – Looking for meal prep containers and tools
   - Memory 24: 2023-02-28 02:25:00 – Got oil changed on March 10th
   - Memory 28: 2023-01-11 12:46:00 – Trying to optimize social media usage
   - Memory 30: 2023-01-15 00:30:00 – Interested in Ippodo Tea Co.'s subscription services or loyalty programs
   - Memory 35: 2023-02-28 23:26:30 – Has introduced mom and sister to Scattergories
   - Memory 40: 2023-02-28 20:56:00 – Last Instagram post received 50 likes
   - Memory 45: 2023-02-28 19:18:30 – Considering implementing a system to track personal expenses

2. Look for mention of FarmFresh subscription cancellation:
   - No memory explicitly mentions cancelling a FarmFresh subscription.

3. Look for online grocery shopping from Instacart:
   - Memory 3: 2023-02-28 07:54:30 – Typically does grocery shopping and fills up gas tank on Sundays
   - This is the only mention of grocery shopping, and it's on Sunday, February 28, 2023.

4. Since no memory mentions cancelling FarmFresh, we cannot determine the date of cancellation.

5. Therefore, we",0,WRONG
gpt4_1916e0ea,200,public,temporal-reasoning,How many days passed between the day I cancelled my FarmFresh subscription and the day I did my online grocery shopping from Instacart?,54 days. 55 days (including the last day) is also acceptable.,"1. Identify relevant memories:
   - Memory 2023-02-28 07:54:30: ""Typically does grocery shopping and fills up gas tank on Sundays""
   - Memory 2023-02-28 07:54:30: ""Planned to do online grocery shopping from Instacart""
   - Memory 2023-02-28 07:54:30: ""This week's grocery shopping is on Sunday""

2. Determine the date of online grocery shopping:
   - The memory is from 2023-02-28, and it says ""This week's grocery shopping is on Sunday""
   - Since 2023-02-28 is a Tuesday, the Sunday would be 2023-02-26

3. Find the date of cancelling FarmFresh subscription:
   - No direct mention of FarmFresh cancellation in the memories
   - No other mention of subscription cancellation

4. Conclusion:
   - No information about FarmFresh subscription cancellation
   - Cannot determine the number of days between cancellation and Instacart shopping

Answer: Cannot determine",0,WRONG
gpt4_1916e0ea,200,strict,temporal-reasoning,How many days passed between the day I cancelled my FarmFresh subscription and the day I did my online grocery shopping from Instacart?,54 days. 55 days (including the last day) is also acceptable.,"1. Identify relevant memories:
   - Memory 2023-02-28 07:54:30: ""Typically does grocery shopping and fills up gas tank on Sundays""
   - Memory 2023-02-28 07:54:30: ""Planned to do online grocery shopping from Instacart""
   - Memory 2023-02-28 07:54:30: ""This week's grocery shopping is on Sunday""

2. Determine the date of online grocery shopping:
   - The memory is from 2023-02-28, and it says ""This week's grocery shopping is on Sunday""
   - Since 2023-02-28 is a Tuesday, the Sunday would be 2023-02-26

3. Find the date of cancelling FarmFresh subscription:
   - No direct mention of FarmFresh cancellation in the memories
   - No other mention of subscription cancellation

4. Conclusion:
   - No information about FarmFresh subscription cancellation
   - Cannot determine the number of days between cancellation and Instacart shopping

Answer: Cannot determine",0,WRONG
gpt4_194be4b3,50,public,multi-session,How many musical instruments do I currently own?,"I currently own 4 musical instruments. I've had the Fender Stratocaster electric guitar for 5 years, the Yamaha FG800 acoustic guitar for 8 years, the 5-piece Pearl Export drum set for an unspecified amount of time, and the Korg B1 piano for 3 years.","Acoustic guitar, ukulele, piano, drum set, electric guitar",0,WRONG
gpt4_194be4b3,50,strict,multi-session,How many musical instruments do I currently own?,"I currently own 4 musical instruments. I've had the Fender Stratocaster electric guitar for 5 years, the Yamaha FG800 acoustic guitar for 8 years, the 5-piece Pearl Export drum set for an unspecified amount of time, and the Korg B1 piano for 3 years.","Acoustic guitar, ukulele, piano, drum set, electric guitar",0,WRONG
gpt4_194be4b3,200,public,multi-session,How many musical instruments do I currently own?,"I currently own 4 musical instruments. I've had the Fender Stratocaster electric guitar for 5 years, the Yamaha FG800 acoustic guitar for 8 years, the 5-piece Pearl Export drum set for an unspecified amount of time, and the Korg B1 piano for 3 years.","Yamaha FG800, Fender Stratocaster, Korg B1, Pearl drum set, Cordoba ukulele",0,WRONG
gpt4_194be4b3,200,strict,multi-session,How many musical instruments do I currently own?,"I currently own 4 musical instruments. I've had the Fender Stratocaster electric guitar for 5 years, the Yamaha FG800 acoustic guitar for 8 years, the 5-piece Pearl Export drum set for an unspecified amount of time, and the Korg B1 piano for 3 years.","Yamaha FG800, Fender Stratocaster, Korg B1, Pearl drum set, Cordoba ukulele",0,WRONG
gpt4_1a1dc16d,50,public,temporal-reasoning,"Which event happened first, the meeting with Rachel or the pride parade?",The meeting with Rachel,Meeting with Rachel,3,CORRECT
gpt4_1a1dc16d,50,strict,temporal-reasoning,"Which event happened first, the meeting with Rachel or the pride parade?",The meeting with Rachel,Meeting with Rachel,3,CORRECT
gpt4_1a1dc16d,200,public,temporal-reasoning,"Which event happened first, the meeting with Rachel or the pride parade?",The meeting with Rachel,Meeting with Rachel,3,CORRECT
gpt4_1a1dc16d,200,strict,temporal-reasoning,"Which event happened first, the meeting with Rachel or the pride parade?",The meeting with Rachel,Meeting with Rachel,3,CORRECT
gpt4_1d4ab0c9,50,public,temporal-reasoning,How many days passed between the day I started watering my herb garden and the day I harvested my first batch of fresh herbs?,24 days. 25 days (including the last day) is also acceptable.,"The first memory about watering the herb garden is from **2023-03-21**.  
There is no memory mentioning harvesting fresh herbs.

Therefore, **harvesting has not yet occurred** based on the provided memories.

Answer: Not yet harvested",0,WRONG
gpt4_1d4ab0c9,50,strict,temporal-reasoning,How many days passed between the day I started watering my herb garden and the day I harvested my first batch of fresh herbs?,24 days. 25 days (including the last day) is also acceptable.,"The first memory about watering the herb garden is from **2023-03-21**.  
There is no memory mentioning harvesting fresh herbs.

Therefore, **harvesting has not yet occurred** based on the provided memories.

Answer: Not yet harvested",0,WRONG
gpt4_1d4ab0c9,200,public,temporal-reasoning,How many days passed between the day I started watering my herb garden and the day I harvested my first batch of fresh herbs?,24 days. 25 days (including the last day) is also acceptable.,"The first memory about watering the herb garden is on **2023-03-21**.  
There is no memory mentioning harvesting fresh herbs.  

Therefore, **harvesting has not been recorded** in the provided memories.

Answer: Not recorded",0,WRONG
gpt4_1d4ab0c9,200,strict,temporal-reasoning,How many days passed between the day I started watering my herb garden and the day I harvested my first batch of fresh herbs?,24 days. 25 days (including the last day) is also acceptable.,"The first memory about watering the herb garden is on **2023-03-21**.  
There is no memory mentioning harvesting fresh herbs.  

Therefore, **harvesting has not been recorded** in the provided memories.

Answer: Not recorded",0,WRONG
gpt4_1d80365e,50,public,temporal-reasoning,How many days did I spend on my solo camping trip to Yosemite National Park?,2 days. 3 days (including the last day) is also acceptable.,3 days,3,CORRECT
gpt4_1d80365e,50,strict,temporal-reasoning,How many days did I spend on my solo camping trip to Yosemite National Park?,2 days. 3 days (including the last day) is also acceptable.,3 days,3,CORRECT
gpt4_1d80365e,200,public,temporal-reasoning,How many days did I spend on my solo camping trip to Yosemite National Park?,2 days. 3 days (including the last day) is also acceptable.,3 days,3,CORRECT
gpt4_1d80365e,200,strict,temporal-reasoning,How many days did I spend on my solo camping trip to Yosemite National Park?,2 days. 3 days (including the last day) is also acceptable.,3 days,3,CORRECT
gpt4_1e4a8aeb,50,public,temporal-reasoning,How many days passed between the day I attended the gardening workshop and the day I planted the tomato saplings?,6 days. 7 days (including the last day) is also acceptable.,6 days,3,CORRECT
gpt4_1e4a8aeb,50,strict,temporal-reasoning,How many days passed between the day I attended the gardening workshop and the day I planted the tomato saplings?,6 days. 7 days (including the last day) is also acceptable.,6 days,3,CORRECT
gpt4_1e4a8aeb,200,public,temporal-reasoning,How many days passed between the day I attended the gardening workshop and the day I planted the tomato saplings?,6 days. 7 days (including the last day) is also acceptable.,"1. Identify the two relevant events:
   - Gardening workshop: 2023-04-15 23:20:30
   - Planted tomato saplings: 2023-04-21 20:29:30

2. Calculate the difference in days:
   - From April 15 to April 21 is 6 days.

3. Confirm no time zone or daylight saving issues (not indicated).

Answer: 6 days",3,CORRECT
gpt4_1e4a8aeb,200,strict,temporal-reasoning,How many days passed between the day I attended the gardening workshop and the day I planted the tomato saplings?,6 days. 7 days (including the last day) is also acceptable.,"1. Identify the two relevant events:
   - Gardening workshop: 2023-04-15 23:20:30
   - Planted tomato saplings: 2023-04-21 20:29:30

2. Calculate the difference in days:
   - From April 15 to April 21 is 6 days.

3. Confirm no time zone or daylight saving issues (not indicated).

Answer: 6 days",3,CORRECT
gpt4_1e4a8aec,50,public,temporal-reasoning,What gardening-related activity did I do two weeks ago?,planting 12 new tomato saplings,Planted 12 tomato saplings,3,CORRECT
gpt4_1e4a8aec,50,strict,temporal-reasoning,What gardening-related activity did I do two weeks ago?,planting 12 new tomato saplings,Planted 12 tomato saplings,3,CORRECT
gpt4_1e4a8aec,200,public,temporal-reasoning,What gardening-related activity did I do two weeks ago?,planting 12 new tomato saplings,Planted 12 tomato saplings,3,CORRECT
gpt4_1e4a8aec,200,strict,temporal-reasoning,What gardening-related activity did I do two weeks ago?,planting 12 new tomato saplings,Planted 12 tomato saplings,3,CORRECT
gpt4_213fd887,50,public,temporal-reasoning,"Which event did I participate in first, the volleyball league or the charity 5K run to raise money for a local children's hospital?",volleyball league,Charity 5K run,0,WRONG
gpt4_213fd887,50,strict,temporal-reasoning,"Which event did I participate in first, the volleyball league or the charity 5K run to raise money for a local children's hospital?",volleyball league,Charity 5K run,0,WRONG
gpt4_213fd887,200,public,temporal-reasoning,"Which event did I participate in first, the volleyball league or the charity 5K run to raise money for a local children's hospital?",volleyball league,Charity 5K run,0,WRONG
gpt4_213fd887,200,strict,temporal-reasoning,"Which event did I participate in first, the volleyball league or the charity 5K run to raise money for a local children's hospital?",volleyball league,Charity 5K run,0,WRONG
gpt4_21adecb5,50,public,temporal-reasoning,How many months passed between the completion of my undergraduate degree and the submission of my master's thesis?,6 months,No information available.,3,CORRECT
gpt4_21adecb5,50,strict,temporal-reasoning,How many months passed between the completion of my undergraduate degree and the submission of my master's thesis?,6 months,No information available.,0,WRONG
gpt4_21adecb5,200,public,temporal-reasoning,How many months passed between the completion of my undergraduate degree and the submission of my master's thesis?,6 months,"The memories do not contain information about the completion of an undergraduate degree or the submission of a master's thesis. Therefore, the number of months between these events cannot be determined from the provided data.",3,CORRECT
gpt4_21adecb5,200,strict,temporal-reasoning,How many months passed between the completion of my undergraduate degree and the submission of my master's thesis?,6 months,"The memories do not contain information about the completion of an undergraduate degree or the submission of a master's thesis. Therefore, the number of months between these events cannot be determined from the provided data.",0,WRONG
gpt4_2312f94c,50,public,temporal-reasoning,"Which device did I got first, the Samsung Galaxy S22 or the Dell XPS 13?",Samsung Galaxy S22,Dell XPS 13,0,WRONG
gpt4_2312f94c,50,strict,temporal-reasoning,"Which device did I got first, the Samsung Galaxy S22 or the Dell XPS 13?",Samsung Galaxy S22,Dell XPS 13,0,WRONG
gpt4_2312f94c,200,public,temporal-reasoning,"Which device did I got first, the Samsung Galaxy S22 or the Dell XPS 13?",Samsung Galaxy S22,Samsung Galaxy S22,3,CORRECT
gpt4_2312f94c,200,strict,temporal-reasoning,"Which device did I got first, the Samsung Galaxy S22 or the Dell XPS 13?",Samsung Galaxy S22,Samsung Galaxy S22,3,CORRECT
gpt4_2487a7cb,50,public,temporal-reasoning,"Which event did I attend first, the 'Effective Time Management' workshop or the 'Data Analysis using Python' webinar?",'Data Analysis using Python' webinar,Data Analysis using Python webinar,3,CORRECT
gpt4_2487a7cb,50,strict,temporal-reasoning,"Which event did I attend first, the 'Effective Time Management' workshop or the 'Data Analysis using Python' webinar?",'Data Analysis using Python' webinar,Data Analysis using Python webinar,3,CORRECT
gpt4_2487a7cb,200,public,temporal-reasoning,"Which event did I attend first, the 'Effective Time Management' workshop or the 'Data Analysis using Python' webinar?",'Data Analysis using Python' webinar,Data Analysis using Python webinar,3,CORRECT
gpt4_2487a7cb,200,strict,temporal-reasoning,"Which event did I attend first, the 'Effective Time Management' workshop or the 'Data Analysis using Python' webinar?",'Data Analysis using Python' webinar,Data Analysis using Python webinar,3,CORRECT
gpt4_2655b836,50,public,temporal-reasoning,What was the first issue I had with my new car after its first service?,GPS system not functioning correctly,"GPS system issue on March 22, 2026",3,CORRECT
gpt4_2655b836,50,strict,temporal-reasoning,What was the first issue I had with my new car after its first service?,GPS system not functioning correctly,"GPS system issue on March 22, 2026",3,CORRECT
gpt4_2655b836,200,public,temporal-reasoning,What was the first issue I had with my new car after its first service?,GPS system not functioning correctly,"GPS system issue on March 22, 2026",3,CORRECT
gpt4_2655b836,200,strict,temporal-reasoning,What was the first issue I had with my new car after its first service?,GPS system not functioning correctly,"GPS system issue on March 22, 2026",3,CORRECT
gpt4_2ba83207,50,public,multi-session,Which grocery store did I spend the most money at in the past month?,Thrive Market,Publix,0,WRONG
gpt4_2ba83207,50,strict,multi-session,Which grocery store did I spend the most money at in the past month?,Thrive Market,Publix,0,WRONG
gpt4_2ba83207,200,public,multi-session,Which grocery store did I spend the most money at in the past month?,Thrive Market,Publix,0,WRONG
gpt4_2ba83207,200,strict,multi-session,Which grocery store did I spend the most money at in the past month?,Thrive Market,Publix,0,WRONG
gpt4_2c50253f,50,public,temporal-reasoning,What time do I wake up on Tuesdays and Thursdays?,6:45 AM,7:00 AM,0,WRONG
gpt4_2c50253f,50,strict,temporal-reasoning,What time do I wake up on Tuesdays and Thursdays?,6:45 AM,7:00 AM,0,WRONG
gpt4_2c50253f,200,public,temporal-reasoning,What time do I wake up on Tuesdays and Thursdays?,6:45 AM,7:00 AM,0,WRONG
gpt4_2c50253f,200,strict,temporal-reasoning,What time do I wake up on Tuesdays and Thursdays?,6:45 AM,7:00 AM,0,WRONG
gpt4_2d58bcd6,50,public,temporal-reasoning,"Which book did I finish reading first, 'The Hate U Give' or 'The Nightingale'?",'The Hate U Give',The Nightingale,0,WRONG
gpt4_2d58bcd6,50,strict,temporal-reasoning,"Which book did I finish reading first, 'The Hate U Give' or 'The Nightingale'?",'The Hate U Give',The Nightingale,0,WRONG
gpt4_2d58bcd6,200,public,temporal-reasoning,"Which book did I finish reading first, 'The Hate U Give' or 'The Nightingale'?",'The Hate U Give',The Hate U Give,3,CORRECT
gpt4_2d58bcd6,200,strict,temporal-reasoning,"Which book did I finish reading first, 'The Hate U Give' or 'The Nightingale'?",'The Hate U Give',The Hate U Give,3,CORRECT
gpt4_2f56ae70,50,public,temporal-reasoning,Which streaming service did I start using most recently?,Disney+,Apple TV+,0,WRONG
gpt4_2f56ae70,50,strict,temporal-reasoning,Which streaming service did I start using most recently?,Disney+,Apple TV+,0,WRONG
gpt4_2f56ae70,200,public,temporal-reasoning,Which streaming service did I start using most recently?,Disney+,Apple TV+,0,WRONG
gpt4_2f56ae70,200,strict,temporal-reasoning,Which streaming service did I start using most recently?,Disney+,Apple TV+,0,WRONG
gpt4_2f584639,50,public,temporal-reasoning,"Which gift did I buy first, the necklace for my sister or the photo album for my mom?",the photo album for my mom,Photo album for mom,3,CORRECT
gpt4_2f584639,50,strict,temporal-reasoning,"Which gift did I buy first, the necklace for my sister or the photo album for my mom?",the photo album for my mom,Photo album for mom,3,CORRECT
gpt4_2f584639,200,public,temporal-reasoning,"Which gift did I buy first, the necklace for my sister or the photo album for my mom?",the photo album for my mom,Necklace for sister,0,WRONG
gpt4_2f584639,200,strict,temporal-reasoning,"Which gift did I buy first, the necklace for my sister or the photo album for my mom?",the photo album for my mom,Necklace for sister,0,WRONG
gpt4_2f8be40d,50,public,multi-session,How many weddings have I attended in this year?,"I attended three weddings. The couples were Rachel and Mike, Emily and Sarah, and Jen and Tom.",1 (sister's wedding),0,WRONG
gpt4_2f8be40d,50,strict,multi-session,How many weddings have I attended in this year?,"I attended three weddings. The couples were Rachel and Mike, Emily and Sarah, and Jen and Tom.",1 (sister's wedding),0,WRONG
gpt4_2f8be40d,200,public,multi-session,How many weddings have I attended in this year?,"I attended three weddings. The couples were Rachel and Mike, Emily and Sarah, and Jen and Tom.",1 (sister's wedding),0,WRONG
gpt4_2f8be40d,200,strict,multi-session,How many weddings have I attended in this year?,"I attended three weddings. The couples were Rachel and Mike, Emily and Sarah, and Jen and Tom.",1 (sister's wedding),0,WRONG
gpt4_2f91af09,50,public,multi-session,"How many total pieces of writing have I completed since I started writing again three weeks ago, including short stories, poems, and pieces for the writing challenge?",23,17 poems + 5 short stories + 1 challenge piece = 23 total pieces.,3,CORRECT
gpt4_2f91af09,50,strict,multi-session,"How many total pieces of writing have I completed since I started writing again three weeks ago, including short stories, poems, and pieces for the writing challenge?",23,17 poems + 5 short stories + 1 challenge piece = 23 total pieces.,3,CORRECT
gpt4_2f91af09,200,public,multi-session,"How many total pieces of writing have I completed since I started writing again three weeks ago, including short stories, poems, and pieces for the writing challenge?",23,"17 poems + 5 short stories + 1 writing challenge piece = 23

Answer: 23",3,CORRECT
gpt4_2f91af09,200,strict,multi-session,"How many total pieces of writing have I completed since I started writing again three weeks ago, including short stories, poems, and pieces for the writing challenge?",23,"17 poems + 5 short stories + 1 writing challenge piece = 23

Answer: 23",3,CORRECT
gpt4_31ff4165,50,public,multi-session,How many health-related devices do I use in a day?,4,"Fitbit, nebulizer, hearing aids, blood glucose monitor",3,CORRECT
gpt4_31ff4165,50,strict,multi-session,How many health-related devices do I use in a day?,4,"Fitbit, nebulizer, hearing aids, blood glucose monitor",3,CORRECT
gpt4_31ff4165,200,public,multi-session,How many health-related devices do I use in a day?,4,"Fitbit Versa 3, nebulizer, hearing aids, blood glucose monitor",3,CORRECT
gpt4_31ff4165,200,strict,multi-session,How many health-related devices do I use in a day?,4,"Fitbit Versa 3, nebulizer, hearing aids, blood glucose monitor",3,CORRECT
gpt4_372c3eed,50,public,multi-session,How many years in total did I spend in formal education from high school to the completion of my Bachelor's degree?,10 years,4 years,0,WRONG
gpt4_372c3eed,50,strict,multi-session,How many years in total did I spend in formal education from high school to the completion of my Bachelor's degree?,10 years,4 years,0,WRONG
gpt4_372c3eed,200,public,multi-session,How many years in total did I spend in formal education from high school to the completion of my Bachelor's degree?,10 years,4 years,0,WRONG
gpt4_372c3eed,200,strict,multi-session,How many years in total did I spend in formal education from high school to the completion of my Bachelor's degree?,10 years,4 years,0,WRONG
gpt4_372c3eed_abs,50,public,multi-session,How many years in total did I spend in formal education from high school to the completion of my Master's degree?,"The information provided is not enough. You mentioned 4 years in high school (2010-2014), 2 years at PCC (2014-2016), and 4 years at UCLA (2016-2020). But you didn't mention the number of years you spend getting the Master's degree",10 years,0,WRONG
gpt4_372c3eed_abs,50,strict,multi-session,How many years in total did I spend in formal education from high school to the completion of my Master's degree?,"The information provided is not enough. You mentioned 4 years in high school (2010-2014), 2 years at PCC (2014-2016), and 4 years at UCLA (2016-2020). But you didn't mention the number of years you spend getting the Master's degree",10 years,0,WRONG
gpt4_372c3eed_abs,200,public,multi-session,How many years in total did I spend in formal education from high school to the completion of my Master's degree?,"The information provided is not enough. You mentioned 4 years in high school (2010-2014), 2 years at PCC (2014-2016), and 4 years at UCLA (2016-2020). But you didn't mention the number of years you spend getting the Master's degree",10 years,0,WRONG
gpt4_372c3eed_abs,200,strict,multi-session,How many years in total did I spend in formal education from high school to the completion of my Master's degree?,"The information provided is not enough. You mentioned 4 years in high school (2010-2014), 2 years at PCC (2014-2016), and 4 years at UCLA (2016-2020). But you didn't mention the number of years you spend getting the Master's degree",10 years,0,WRONG
gpt4_385a5000,50,public,temporal-reasoning,"Which seeds were started first, the tomatoes or the marigolds?",Tomatoes,Tomatoes were started first.,3,CORRECT
gpt4_385a5000,50,strict,temporal-reasoning,"Which seeds were started first, the tomatoes or the marigolds?",Tomatoes,Tomatoes were started first.,3,CORRECT
gpt4_385a5000,200,public,temporal-reasoning,"Which seeds were started first, the tomatoes or the marigolds?",Tomatoes,Tomatoes were started first.,3,CORRECT
gpt4_385a5000,200,strict,temporal-reasoning,"Which seeds were started first, the tomatoes or the marigolds?",Tomatoes,Tomatoes were started first.,3,CORRECT
gpt4_45189cb4,50,public,temporal-reasoning,What is the order of the sports events I watched in January?,"First, I attended a NBA game at the Staples Center, then I watched the College Football National Championship game, and finally, I watched the NFL playoffs.","1. College Football National Championship (Jan 7)  
2. Chiefs vs. Bills game (Jan 15)",0,WRONG
gpt4_45189cb4,50,strict,temporal-reasoning,What is the order of the sports events I watched in January?,"First, I attended a NBA game at the Staples Center, then I watched the College Football National Championship game, and finally, I watched the NFL playoffs.","1. College Football National Championship (Jan 7)  
2. Chiefs vs. Bills game (Jan 15)",0,WRONG
gpt4_45189cb4,200,public,temporal-reasoning,What is the order of the sports events I watched in January?,"First, I attended a NBA game at the Staples Center, then I watched the College Football National Championship game, and finally, I watched the NFL playoffs.","1. NFL game (Chiefs vs. Bills)  
2. College Football National Championship  
3. Robotics Summit (April 17–19, 2023)  

**Answer:** Chiefs vs. Bills, National Championship, Robotics Summit",0,WRONG
gpt4_45189cb4,200,strict,temporal-reasoning,What is the order of the sports events I watched in January?,"First, I attended a NBA game at the Staples Center, then I watched the College Football National Championship game, and finally, I watched the NFL playoffs.","1. NFL game (Chiefs vs. Bills)  
2. College Football National Championship  
3. Robotics Summit (April 17–19, 2023)  

**Answer:** Chiefs vs. Bills, National Championship, Robotics Summit",0,WRONG
gpt4_468eb063,50,public,temporal-reasoning,How many days ago did I meet Emma?,9 days ago. 10 days (including the last day) is also acceptable.,2 days ago,0,WRONG
gpt4_468eb063,50,strict,temporal-reasoning,How many days ago did I meet Emma?,9 days ago. 10 days (including the last day) is also acceptable.,2 days ago,0,WRONG
gpt4_468eb063,200,public,temporal-reasoning,How many days ago did I meet Emma?,9 days ago. 10 days (including the last day) is also acceptable.,2 days ago,0,WRONG
gpt4_468eb063,200,strict,temporal-reasoning,How many days ago did I meet Emma?,9 days ago. 10 days (including the last day) is also acceptable.,2 days ago,0,WRONG
gpt4_468eb064,50,public,temporal-reasoning,Who did I meet with during the lunch last Tuesday?,Emma,Emma,3,CORRECT
gpt4_468eb064,50,strict,temporal-reasoning,Who did I meet with during the lunch last Tuesday?,Emma,Emma,3,CORRECT
gpt4_468eb064,200,public,temporal-reasoning,Who did I meet with during the lunch last Tuesday?,Emma,Emma,3,CORRECT
gpt4_468eb064,200,strict,temporal-reasoning,Who did I meet with during the lunch last Tuesday?,Emma,Emma,3,CORRECT
gpt4_483dd43c,50,public,temporal-reasoning,"Which show did I start watching first, 'The Crown' or 'Game of Thrones'?",'Game of Thrones',"The memories do not mention 'Game of Thrones' at all. The first show mentioned is 'The Crown', with a memory stating: ""Finished binge-watching the third season of 'The Crown' on Netflix"" on 2023-05-29 02:18:30. Since no memory references 'Game of Thrones' being watched or started, and 'The Crown' is the only show mentioned in the context of viewing, it must have been the first one started.

Answer: The Crown",0,WRONG
gpt4_483dd43c,50,strict,temporal-reasoning,"Which show did I start watching first, 'The Crown' or 'Game of Thrones'?",'Game of Thrones',"The memories do not mention 'Game of Thrones' at all. The first show mentioned is 'The Crown', with a memory stating: ""Finished binge-watching the third season of 'The Crown' on Netflix"" on 2023-05-29 02:18:30. Since no memory references 'Game of Thrones' being watched or started, and 'The Crown' is the only show mentioned in the context of viewing, it must have been the first one started.

Answer: The Crown",0,WRONG
gpt4_483dd43c,200,public,temporal-reasoning,"Which show did I start watching first, 'The Crown' or 'Game of Thrones'?",'Game of Thrones',The Crown,0,WRONG
gpt4_483dd43c,200,strict,temporal-reasoning,"Which show did I start watching first, 'The Crown' or 'Game of Thrones'?",'Game of Thrones',The Crown,0,WRONG
gpt4_4929293a,50,public,temporal-reasoning,"Which event happened first, my cousin's wedding or Michael's engagement party?",Michael's engagement party,Michael's engagement party,3,CORRECT
gpt4_4929293a,50,strict,temporal-reasoning,"Which event happened first, my cousin's wedding or Michael's engagement party?",Michael's engagement party,Michael's engagement party,3,CORRECT
gpt4_4929293a,200,public,temporal-reasoning,"Which event happened first, my cousin's wedding or Michael's engagement party?",Michael's engagement party,Michael's engagement party,3,CORRECT
gpt4_4929293a,200,strict,temporal-reasoning,"Which event happened first, my cousin's wedding or Michael's engagement party?",Michael's engagement party,Michael's engagement party,3,CORRECT
gpt4_4929293b,50,public,temporal-reasoning,What was the the life event of one of my relatives that I participated in a week ago?,my cousin's wedding,Attended cousin Rachel's baby shower,0,WRONG
gpt4_4929293b,50,strict,temporal-reasoning,What was the the life event of one of my relatives that I participated in a week ago?,my cousin's wedding,Attended cousin Rachel's baby shower,0,WRONG
gpt4_4929293b,200,public,temporal-reasoning,What was the the life event of one of my relatives that I participated in a week ago?,my cousin's wedding,Attended cousin Rachel's baby shower.,0,WRONG
gpt4_4929293b,200,strict,temporal-reasoning,What was the the life event of one of my relatives that I participated in a week ago?,my cousin's wedding,Attended cousin Rachel's baby shower.,0,WRONG
gpt4_4cd9eba1,50,public,temporal-reasoning,How many weeks have I been accepted into the exchange program when I started attending the pre-departure orientation sessions?,one week,"1 week

Step-by-step reasoning:
- The exchange program was accepted on March 20th (memory 2).
- Pre-departure orientation sessions started on March 27th (memory 1).
- From March 20th to March 27th is exactly 1 week.
- Therefore, the person had been accepted for 1 week when they started attending the orientation sessions.",3,CORRECT
gpt4_4cd9eba1,50,strict,temporal-reasoning,How many weeks have I been accepted into the exchange program when I started attending the pre-departure orientation sessions?,one week,"1 week

Step-by-step reasoning:
- The exchange program was accepted on March 20th (memory 2).
- Pre-departure orientation sessions started on March 27th (memory 1).
- From March 20th to March 27th is exactly 1 week.
- Therefore, the person had been accepted for 1 week when they started attending the orientation sessions.",3,CORRECT
gpt4_4cd9eba1,200,public,temporal-reasoning,How many weeks have I been accepted into the exchange program when I started attending the pre-departure orientation sessions?,one week,"1. The user was accepted into the exchange program on **March 20th** (memory 2).
2. The user started attending pre-departure orientation sessions on **March 27th** (memory 1).
3. From March 20th to March 27th is **1 week**.

Answer: 1 week",3,CORRECT
gpt4_4cd9eba1,200,strict,temporal-reasoning,How many weeks have I been accepted into the exchange program when I started attending the pre-departure orientation sessions?,one week,"1. The user was accepted into the exchange program on **March 20th** (memory 2).
2. The user started attending pre-departure orientation sessions on **March 27th** (memory 1).
3. From March 20th to March 27th is **1 week**.

Answer: 1 week",3,CORRECT
gpt4_4edbafa2,50,public,temporal-reasoning,What was the date on which I attended the first BBQ event in June?,June 3rd,"June 3, 2023",3,CORRECT
gpt4_4edbafa2,50,strict,temporal-reasoning,What was the date on which I attended the first BBQ event in June?,June 3rd,"June 3, 2023",3,CORRECT
gpt4_4edbafa2,200,public,temporal-reasoning,What was the date on which I attended the first BBQ event in June?,June 3rd,"June 3, 2023",3,CORRECT
gpt4_4edbafa2,200,strict,temporal-reasoning,What was the date on which I attended the first BBQ event in June?,June 3rd,"June 3, 2023",3,CORRECT
gpt4_4ef30696,50,public,temporal-reasoning,How many days passed between the day I finished reading 'The Nightingale' and the day I started reading 'The Hitchhiker's Guide to the Galaxy'?,1 day. 2 days (including the last day) is also acceptable.,30 days,0,WRONG
gpt4_4ef30696,50,strict,temporal-reasoning,How many days passed between the day I finished reading 'The Nightingale' and the day I started reading 'The Hitchhiker's Guide to the Galaxy'?,1 day. 2 days (including the last day) is also acceptable.,30 days,0,WRONG
gpt4_4ef30696,200,public,temporal-reasoning,How many days passed between the day I finished reading 'The Nightingale' and the day I started reading 'The Hitchhiker's Guide to the Galaxy'?,1 day. 2 days (including the last day) is also acceptable.,7 days,0,WRONG
gpt4_4ef30696,200,strict,temporal-reasoning,How many days passed between the day I finished reading 'The Nightingale' and the day I started reading 'The Hitchhiker's Guide to the Galaxy'?,1 day. 2 days (including the last day) is also acceptable.,7 days,0,WRONG
gpt4_4fc4f797,50,public,temporal-reasoning,How many days passed between the day I received feedback about my car's suspension and the day I tested my new suspension setup?,38 days. 39 days (including the last day) is also acceptable.,15 days,0,WRONG
gpt4_4fc4f797,50,strict,temporal-reasoning,How many days passed between the day I received feedback about my car's suspension and the day I tested my new suspension setup?,38 days. 39 days (including the last day) is also acceptable.,15 days,0,WRONG
gpt4_4fc4f797,200,public,temporal-reasoning,How many days passed between the day I received feedback about my car's suspension and the day I tested my new suspension setup?,38 days. 39 days (including the last day) is also acceptable.,"1. Identify the two key events:
   - Received feedback about car's suspension: Memory #2 (2023-03-17 15:44:30)
   - Tested new suspension setup: Memory #1 (2023-04-17 15:44:30) — ""next month"" from March 17, 2023, is April 17, 2023.

2. Calculate the number of days between March 17, 2023, and April 17, 2023:
   - March has 31 days → Days from March 17 to March 31: 14 days
   - April 1 to April 17: 17 days
   - Total: 14 + 17 = 31 days

Answer: 31 days",0,WRONG
gpt4_4fc4f797,200,strict,temporal-reasoning,How many days passed between the day I received feedback about my car's suspension and the day I tested my new suspension setup?,38 days. 39 days (including the last day) is also acceptable.,"1. Identify the two key events:
   - Received feedback about car's suspension: Memory #2 (2023-03-17 15:44:30)
   - Tested new suspension setup: Memory #1 (2023-04-17 15:44:30) — ""next month"" from March 17, 2023, is April 17, 2023.

2. Calculate the number of days between March 17, 2023, and April 17, 2023:
   - March has 31 days → Days from March 17 to March 31: 14 days
   - April 1 to April 17: 17 days
   - Total: 14 + 17 = 31 days

Answer: 31 days",0,WRONG
gpt4_5438fa52,50,public,temporal-reasoning,"Which event happened first, my attendance at a cultural festival or the start of my Spanish classes?",Spanish classes,Cultural festival first,0,WRONG
gpt4_5438fa52,50,strict,temporal-reasoning,"Which event happened first, my attendance at a cultural festival or the start of my Spanish classes?",Spanish classes,Cultural festival first,0,WRONG
gpt4_5438fa52,200,public,temporal-reasoning,"Which event happened first, my attendance at a cultural festival or the start of my Spanish classes?",Spanish classes,"Cultural festival, then Spanish classes.",3,CORRECT
gpt4_5438fa52,200,strict,temporal-reasoning,"Which event happened first, my attendance at a cultural festival or the start of my Spanish classes?",Spanish classes,"Cultural festival, then Spanish classes.",0,WRONG
gpt4_5501fe77,50,public,multi-session,Which social media platform did I gain the most followers on over the past month?,TikTok,TikTok,3,CORRECT
gpt4_5501fe77,50,strict,multi-session,Which social media platform did I gain the most followers on over the past month?,TikTok,TikTok,3,CORRECT
gpt4_5501fe77,200,public,multi-session,Which social media platform did I gain the most followers on over the past month?,TikTok,TikTok,3,CORRECT
gpt4_5501fe77,200,strict,multi-session,Which social media platform did I gain the most followers on over the past month?,TikTok,TikTok,3,CORRECT
gpt4_59149c77,50,public,temporal-reasoning,How many days passed between my visit to the Museum of Modern Art (MoMA) and the 'Ancient Civilizations' exhibit at the Metropolitan Museum of Art?,7 days. 8 days (including the last day) is also acceptable.,"The memories do not mention a visit to the 'Ancient Civilizations' exhibit at the Metropolitan Museum of Art. Therefore, the number of days between the visits cannot be determined from the provided information.",3,CORRECT
gpt4_59149c77,50,strict,temporal-reasoning,How many days passed between my visit to the Museum of Modern Art (MoMA) and the 'Ancient Civilizations' exhibit at the Metropolitan Museum of Art?,7 days. 8 days (including the last day) is also acceptable.,"The memories do not mention a visit to the 'Ancient Civilizations' exhibit at the Metropolitan Museum of Art. Therefore, the number of days between the visits cannot be determined from the provided information.",0,WRONG
gpt4_59149c77,200,public,temporal-reasoning,How many days passed between my visit to the Museum of Modern Art (MoMA) and the 'Ancient Civilizations' exhibit at the Metropolitan Museum of Art?,7 days. 8 days (including the last day) is also acceptable.,"The Museum of Modern Art (MoMA) visit was on **2023-01-05**.

There is no mention of a visit to the ""Ancient Civilizations"" exhibit at the Metropolitan Museum of Art in the provided memories.

Therefore, the question cannot be answered based on the given information.

Answer: Not specified",0,WRONG
gpt4_59149c77,200,strict,temporal-reasoning,How many days passed between my visit to the Museum of Modern Art (MoMA) and the 'Ancient Civilizations' exhibit at the Metropolitan Museum of Art?,7 days. 8 days (including the last day) is also acceptable.,"The Museum of Modern Art (MoMA) visit was on **2023-01-05**.

There is no mention of a visit to the ""Ancient Civilizations"" exhibit at the Metropolitan Museum of Art in the provided memories.

Therefore, the question cannot be answered based on the given information.

Answer: Not specified",0,WRONG
gpt4_59149c78,50,public,temporal-reasoning,I mentioned that I participated in an art-related event two weeks ago. Where was that event held at?,The Metropolitan Museum of Art.,City Art Museum,0,WRONG
gpt4_59149c78,50,strict,temporal-reasoning,I mentioned that I participated in an art-related event two weeks ago. Where was that event held at?,The Metropolitan Museum of Art.,City Art Museum,0,WRONG
gpt4_59149c78,200,public,temporal-reasoning,I mentioned that I participated in an art-related event two weeks ago. Where was that event held at?,The Metropolitan Museum of Art.,City Art Museum,0,WRONG
gpt4_59149c78,200,strict,temporal-reasoning,I mentioned that I participated in an art-related event two weeks ago. Where was that event held at?,The Metropolitan Museum of Art.,City Art Museum,0,WRONG
gpt4_59c863d7,50,public,multi-session,How many model kits have I worked on or bought?,"I have worked on or bought five model kits. The scales of the models are: Revell F-15 Eagle (scale not mentioned), Tamiya 1/48 scale Spitfire Mk.V, 1/16 scale German Tiger I tank, 1/72 scale B-29 bomber, and 1/24 scale '69 Camaro.",3 model kits,0,WRONG
gpt4_59c863d7,50,strict,multi-session,How many model kits have I worked on or bought?,"I have worked on or bought five model kits. The scales of the models are: Revell F-15 Eagle (scale not mentioned), Tamiya 1/48 scale Spitfire Mk.V, 1/16 scale German Tiger I tank, 1/72 scale B-29 bomber, and 1/24 scale '69 Camaro.",3 model kits,0,WRONG
gpt4_59c863d7,200,public,multi-session,How many model kits have I worked on or bought?,"I have worked on or bought five model kits. The scales of the models are: Revell F-15 Eagle (scale not mentioned), Tamiya 1/48 scale Spitfire Mk.V, 1/16 scale German Tiger I tank, 1/72 scale B-29 bomber, and 1/24 scale '69 Camaro.",3 model kits,0,WRONG
gpt4_59c863d7,200,strict,multi-session,How many model kits have I worked on or bought?,"I have worked on or bought five model kits. The scales of the models are: Revell F-15 Eagle (scale not mentioned), Tamiya 1/48 scale Spitfire Mk.V, 1/16 scale German Tiger I tank, 1/72 scale B-29 bomber, and 1/24 scale '69 Camaro.",3 model kits,0,WRONG
gpt4_5dcc0aab,50,public,temporal-reasoning,Which pair of shoes did I clean last month?,white Adidas sneakers,White Adidas sneakers,3,CORRECT
gpt4_5dcc0aab,50,strict,temporal-reasoning,Which pair of shoes did I clean last month?,white Adidas sneakers,White Adidas sneakers,3,CORRECT
gpt4_5dcc0aab,200,public,temporal-reasoning,Which pair of shoes did I clean last month?,white Adidas sneakers,Keen Targhee II Mid WP,0,WRONG
gpt4_5dcc0aab,200,strict,temporal-reasoning,Which pair of shoes did I clean last month?,white Adidas sneakers,Keen Targhee II Mid WP,0,WRONG
gpt4_61e13b3c,50,public,temporal-reasoning,How many weeks passed between the time I sold homemade baked goods at the Farmers' Market for the last time and the time I participated in the Spring Fling Market?,3 weeks,"1. Identify the relevant memories:
   - ""Sells homemade baked goods like muffins, scones, and cookies at the Farmers' Market"" → 2023-02-26 06:32:00
   - ""Selling handmade jewelry and candles at the Spring Fling Market"" → 2023-03-18 13:40:30

2. Calculate the time difference:
   - From 2023-02-26 to 2023-03-18
   - February 26 to March 18 is 20 days.

3. Convert days to weeks:
   - 20 days ÷ 7 = 2.857 weeks → approximately 3 weeks.

4. Final answer: 3 weeks.",3,CORRECT
gpt4_61e13b3c,50,strict,temporal-reasoning,How many weeks passed between the time I sold homemade baked goods at the Farmers' Market for the last time and the time I participated in the Spring Fling Market?,3 weeks,"1. Identify the relevant memories:
   - ""Sells homemade baked goods like muffins, scones, and cookies at the Farmers' Market"" → 2023-02-26 06:32:00
   - ""Selling handmade jewelry and candles at the Spring Fling Market"" → 2023-03-18 13:40:30

2. Calculate the time difference:
   - From 2023-02-26 to 2023-03-18
   - February 26 to March 18 is 20 days.

3. Convert days to weeks:
   - 20 days ÷ 7 = 2.857 weeks → approximately 3 weeks.

4. Final answer: 3 weeks.",3,CORRECT
gpt4_61e13b3c,200,public,temporal-reasoning,How many weeks passed between the time I sold homemade baked goods at the Farmers' Market for the last time and the time I participated in the Spring Fling Market?,3 weeks,"1. Identify the relevant memories:
   - ""Sells homemade baked goods like muffins, scones, and cookies at the Farmers' Market"" → 2023-02-26 06:32:00
   - ""Selling handmade jewelry and candles at the Spring Fling Market"" → 2023-03-18 13:40:30

2. Calculate the time difference:
   - From 2023-02-26 to 2023-03-18 is 20 days.

3. Convert days to weeks:
   - 20 days ÷ 7 = 2.857 weeks → approximately 3 weeks.

4. Final answer: 3 weeks",3,CORRECT
gpt4_61e13b3c,200,strict,temporal-reasoning,How many weeks passed between the time I sold homemade baked goods at the Farmers' Market for the last time and the time I participated in the Spring Fling Market?,3 weeks,"1. Identify the relevant memories:
   - ""Sells homemade baked goods like muffins, scones, and cookies at the Farmers' Market"" → 2023-02-26 06:32:00
   - ""Selling handmade jewelry and candles at the Spring Fling Market"" → 2023-03-18 13:40:30

2. Calculate the time difference:
   - From 2023-02-26 to 2023-03-18 is 20 days.

3. Convert days to weeks:
   - 20 days ÷ 7 = 2.857 weeks → approximately 3 weeks.

4. Final answer: 3 weeks",3,CORRECT
gpt4_65aabe59,50,public,temporal-reasoning,"Which device did I set up first, the smart thermostat or the mesh network system?",Smart thermostat,Mesh network system,0,WRONG
gpt4_65aabe59,50,strict,temporal-reasoning,"Which device did I set up first, the smart thermostat or the mesh network system?",Smart thermostat,Mesh network system,0,WRONG
gpt4_65aabe59,200,public,temporal-reasoning,"Which device did I set up first, the smart thermostat or the mesh network system?",Smart thermostat,Mesh network system,0,WRONG
gpt4_65aabe59,200,strict,temporal-reasoning,"Which device did I set up first, the smart thermostat or the mesh network system?",Smart thermostat,Mesh network system,0,WRONG
gpt4_68e94287,50,public,temporal-reasoning,"Which event happened first, my participation in the #PlankChallenge or my post about vegan chili recipe?",You posted a recipe for vegan chili on Instagram using the hashtag #FoodieAdventures first.,#PlankChallenge first,0,WRONG
gpt4_68e94287,50,strict,temporal-reasoning,"Which event happened first, my participation in the #PlankChallenge or my post about vegan chili recipe?",You posted a recipe for vegan chili on Instagram using the hashtag #FoodieAdventures first.,#PlankChallenge first,0,WRONG
gpt4_68e94287,200,public,temporal-reasoning,"Which event happened first, my participation in the #PlankChallenge or my post about vegan chili recipe?",You posted a recipe for vegan chili on Instagram using the hashtag #FoodieAdventures first.,#PlankChallenge first,0,WRONG
gpt4_68e94287,200,strict,temporal-reasoning,"Which event happened first, my participation in the #PlankChallenge or my post about vegan chili recipe?",You posted a recipe for vegan chili on Instagram using the hashtag #FoodieAdventures first.,#PlankChallenge first,0,WRONG
gpt4_68e94288,50,public,temporal-reasoning,What was the social media activity I participated 5 days ago?,You participated in a social media challenge called #PlankChallenge.,"5 days ago from 2023/03/20 is 2023-03-15.

Check memories from 2023-03-15:
- 2023-03-15 00:57:30: Considering getting a pet camera
- 2023-03-15 09:10:30: Planning to meal prep on Sundays
- 2023-03-15 18:52:30: Luna has been shedding a lot lately
- 2023-03-15 20:18:30: Snacks on almonds almost every day
- 2023-03-15 20:18:30: Planning to make homemade hummus
- 2023-03-15 09:10:30: Trying to keep kitten Luna's skin healthy
- 2023-03-15 09:10:30: Luna has been scratching a lot lately

No social media activity mentioned on 2023-03-15.

Check 2023-03-14: No memory.

Check 2023-03-13: 2023-03-13 02:08:30: Interested in how blockchain technology can protect digital content — possibly related to digital content sharing, but not explicitly social media.

No direct mention of social media activity on 2023-03-15 or nearby dates.

But note: 2023-03-08 17:14:30: Thinking of inviting friends to join the trip — this could be social media activity.

But that was 12 days ago.

Wait — the question is: ""What was the social media activity I participated 5 days ago?""

5 days ago from 2023-03-20 is 2023-03-15.

No memory on 2023-03-15 mentions social media.

But look at 2023-03-08: ""Thinking of inviting friends to join the trip"" — could be via social media.

But",0,WRONG
gpt4_68e94288,50,strict,temporal-reasoning,What was the social media activity I participated 5 days ago?,You participated in a social media challenge called #PlankChallenge.,"5 days ago from 2023/03/20 is 2023-03-15.

Check memories from 2023-03-15:
- 2023-03-15 00:57:30: Considering getting a pet camera
- 2023-03-15 09:10:30: Planning to meal prep on Sundays
- 2023-03-15 18:52:30: Luna has been shedding a lot lately
- 2023-03-15 20:18:30: Snacks on almonds almost every day
- 2023-03-15 20:18:30: Planning to make homemade hummus
- 2023-03-15 09:10:30: Trying to keep kitten Luna's skin healthy
- 2023-03-15 09:10:30: Luna has been scratching a lot lately

No social media activity mentioned on 2023-03-15.

Check 2023-03-14: No memory.

Check 2023-03-13: 2023-03-13 02:08:30: Interested in how blockchain technology can protect digital content — possibly related to digital content sharing, but not explicitly social media.

No direct mention of social media activity on 2023-03-15 or nearby dates.

But note: 2023-03-08 17:14:30: Thinking of inviting friends to join the trip — this could be social media activity.

But that was 12 days ago.

Wait — the question is: ""What was the social media activity I participated 5 days ago?""

5 days ago from 2023-03-20 is 2023-03-15.

No memory on 2023-03-15 mentions social media.

But look at 2023-03-08: ""Thinking of inviting friends to join the trip"" — could be via social media.

But",0,WRONG
gpt4_68e94288,200,public,temporal-reasoning,What was the social media activity I participated 5 days ago?,You participated in a social media challenge called #PlankChallenge.,Posted vegan chili recipe on Instagram,0,WRONG
gpt4_68e94288,200,strict,temporal-reasoning,What was the social media activity I participated 5 days ago?,You participated in a social media challenge called #PlankChallenge.,Posted vegan chili recipe on Instagram,0,WRONG
gpt4_6dc9b45b,50,public,temporal-reasoning,How many months ago did I attend the Seattle International Film Festival?,4 months ago,2 months ago,0,WRONG
gpt4_6dc9b45b,50,strict,temporal-reasoning,How many months ago did I attend the Seattle International Film Festival?,4 months ago,2 months ago,0,WRONG
gpt4_6dc9b45b,200,public,temporal-reasoning,How many months ago did I attend the Seattle International Film Festival?,4 months ago,4 months ago,3,CORRECT
gpt4_6dc9b45b,200,strict,temporal-reasoning,How many months ago did I attend the Seattle International Film Festival?,4 months ago,4 months ago,3,CORRECT
gpt4_6ed717ea,50,public,temporal-reasoning,"Which item did I purchase first, the dog bed for Max or the training pads for Luna?",Training pads for Luna,Dog bed for Max,0,WRONG
gpt4_6ed717ea,50,strict,temporal-reasoning,"Which item did I purchase first, the dog bed for Max or the training pads for Luna?",Training pads for Luna,Dog bed for Max,0,WRONG
gpt4_6ed717ea,200,public,temporal-reasoning,"Which item did I purchase first, the dog bed for Max or the training pads for Luna?",Training pads for Luna,Dog bed for Max,0,WRONG
gpt4_6ed717ea,200,strict,temporal-reasoning,"Which item did I purchase first, the dog bed for Max or the training pads for Luna?",Training pads for Luna,Dog bed for Max,0,WRONG
gpt4_70e84552,50,public,temporal-reasoning,"Which task did I complete first, fixing the fence or trimming the goats' hooves?",Fixing the fence,Fixed the fence first,3,CORRECT
gpt4_70e84552,50,strict,temporal-reasoning,"Which task did I complete first, fixing the fence or trimming the goats' hooves?",Fixing the fence,Fixed the fence first,3,CORRECT
gpt4_70e84552,200,public,temporal-reasoning,"Which task did I complete first, fixing the fence or trimming the goats' hooves?",Fixing the fence,Fixed the fence first,3,CORRECT
gpt4_70e84552,200,strict,temporal-reasoning,"Which task did I complete first, fixing the fence or trimming the goats' hooves?",Fixing the fence,Fixed the fence first,3,CORRECT
gpt4_70e84552_abs,50,public,temporal-reasoning,"Which task did I complete first, fixing the fence or purchasing three cows from Peter?",The information provided is not enough. You mentioned fixing the fence but did not mention purchasing cows from Peter.,Fixed the fence,0,WRONG
gpt4_70e84552_abs,50,strict,temporal-reasoning,"Which task did I complete first, fixing the fence or purchasing three cows from Peter?",The information provided is not enough. You mentioned fixing the fence but did not mention purchasing cows from Peter.,Fixed the fence,0,WRONG
gpt4_70e84552_abs,200,public,temporal-reasoning,"Which task did I complete first, fixing the fence or purchasing three cows from Peter?",The information provided is not enough. You mentioned fixing the fence but did not mention purchasing cows from Peter.,Fixed the fence,0,WRONG
gpt4_70e84552_abs,200,strict,temporal-reasoning,"Which task did I complete first, fixing the fence or purchasing three cows from Peter?",The information provided is not enough. You mentioned fixing the fence but did not mention purchasing cows from Peter.,Fixed the fence,0,WRONG
gpt4_731e37d7,50,public,multi-session,How much total money did I spend on attending workshops in the last four months?,$720,$900,0,WRONG
gpt4_731e37d7,50,strict,multi-session,How much total money did I spend on attending workshops in the last four months?,$720,$900,0,WRONG
gpt4_731e37d7,200,public,multi-session,How much total money did I spend on attending workshops in the last four months?,$720,$900,0,WRONG
gpt4_731e37d7,200,strict,multi-session,How much total money did I spend on attending workshops in the last four months?,$720,$900,0,WRONG
gpt4_74aed68e,50,public,temporal-reasoning,How many days passed between the day I replaced my spark plugs and the day I participated in the Turbocharged Tuesdays auto racking event?,29 days. 30 days (including the last day) is also acceptable.,"The memory stating ""Completed 10 laps at Speed Demon Racing Track with an average speed of 85mph during Turbocharged Tuesdays event"" is timestamped **2023-03-14 11:49:30**.

There is no memory mentioning the replacement of spark plugs.

Therefore, the number of days between the two events cannot be determined.

Answer: Cannot determine",3,CORRECT
gpt4_74aed68e,50,strict,temporal-reasoning,How many days passed between the day I replaced my spark plugs and the day I participated in the Turbocharged Tuesdays auto racking event?,29 days. 30 days (including the last day) is also acceptable.,"The memory stating ""Completed 10 laps at Speed Demon Racing Track with an average speed of 85mph during Turbocharged Tuesdays event"" is timestamped **2023-03-14 11:49:30**.

There is no memory mentioning the replacement of spark plugs.

Therefore, the number of days between the two events cannot be determined.

Answer: Cannot determine",0,WRONG
gpt4_74aed68e,200,public,temporal-reasoning,How many days passed between the day I replaced my spark plugs and the day I participated in the Turbocharged Tuesdays auto racking event?,29 days. 30 days (including the last day) is also acceptable.,"1. Identify the relevant memories:
   - Memory 3: ""Considering upgrading brake pads purchased during Winter Tune-Up event at Speed Shop"" (2023-02-24 11:54:00)
   - Memory 2: ""Completed 10 laps at Speed Demon Racing Track with an average speed of 85mph during Turbocharged Tuesdays event"" (2023-03-14 11:49:30)

2. Determine the date of the Turbocharged Tuesdays event:
   - The event occurred on 2023-03-14.

3. Determine the date of the Winter Tune-Up event (when spark plugs were replaced):
   - The memory mentions ""Winter Tune-Up event"" and is dated 2023-02-24.

4. Calculate the number of days between 2023-02-24 and 2023-03-14:
   - From February 24 to March 14 is 20 days.

5. Final answer:
   - 20 days passed between replacing the spark plugs and participating in the Turbocharged Tuesdays event.

Answer: 20 days",0,WRONG
gpt4_74aed68e,200,strict,temporal-reasoning,How many days passed between the day I replaced my spark plugs and the day I participated in the Turbocharged Tuesdays auto racking event?,29 days. 30 days (including the last day) is also acceptable.,"1. Identify the relevant memories:
   - Memory 3: ""Considering upgrading brake pads purchased during Winter Tune-Up event at Speed Shop"" (2023-02-24 11:54:00)
   - Memory 2: ""Completed 10 laps at Speed Demon Racing Track with an average speed of 85mph during Turbocharged Tuesdays event"" (2023-03-14 11:49:30)

2. Determine the date of the Turbocharged Tuesdays event:
   - The event occurred on 2023-03-14.

3. Determine the date of the Winter Tune-Up event (when spark plugs were replaced):
   - The memory mentions ""Winter Tune-Up event"" and is dated 2023-02-24.

4. Calculate the number of days between 2023-02-24 and 2023-03-14:
   - From February 24 to March 14 is 20 days.

5. Final answer:
   - 20 days passed between replacing the spark plugs and participating in the Turbocharged Tuesdays event.

Answer: 20 days",0,WRONG
gpt4_76048e76,50,public,temporal-reasoning,"Which vehicle did I take care of first in February, the bike or the car?",bike,Bike first in February.,3,CORRECT
gpt4_76048e76,50,strict,temporal-reasoning,"Which vehicle did I take care of first in February, the bike or the car?",bike,Bike first in February.,3,CORRECT
gpt4_76048e76,200,public,temporal-reasoning,"Which vehicle did I take care of first in February, the bike or the car?",bike,Bike first,3,CORRECT
gpt4_76048e76,200,strict,temporal-reasoning,"Which vehicle did I take care of first in February, the bike or the car?",bike,Bike first,3,CORRECT
gpt4_78cf46a3,50,public,temporal-reasoning,"Which event happened first, the narrator losing their phone charger or the narrator receiving their new phone case?",Receiving the new phone case,Lost phone charger first,0,WRONG
gpt4_78cf46a3,50,strict,temporal-reasoning,"Which event happened first, the narrator losing their phone charger or the narrator receiving their new phone case?",Receiving the new phone case,Lost phone charger first,0,WRONG
gpt4_78cf46a3,200,public,temporal-reasoning,"Which event happened first, the narrator losing their phone charger or the narrator receiving their new phone case?",Receiving the new phone case,Lost phone charger first,0,WRONG
gpt4_78cf46a3,200,strict,temporal-reasoning,"Which event happened first, the narrator losing their phone charger or the narrator receiving their new phone case?",Receiving the new phone case,Lost phone charger first,0,WRONG
gpt4_7a0daae1,50,public,temporal-reasoning,How many weeks passed between the day I bought my new tennis racket and the day I received it?,1 week,1 week,3,CORRECT
gpt4_7a0daae1,50,strict,temporal-reasoning,How many weeks passed between the day I bought my new tennis racket and the day I received it?,1 week,1 week,3,CORRECT
gpt4_7a0daae1,200,public,temporal-reasoning,How many weeks passed between the day I bought my new tennis racket and the day I received it?,1 week,1 week,3,CORRECT
gpt4_7a0daae1,200,strict,temporal-reasoning,How many weeks passed between the day I bought my new tennis racket and the day I received it?,1 week,1 week,3,CORRECT
gpt4_7abb270c,50,public,temporal-reasoning,What is the order of the six museums I visited from earliest to latest?,"Science Museum, Museum of Contemporary Art, Metropolitan Museum of Art, Museum of History, Modern Art Museum, Natural History Museum","Metropolitan Museum of Art, Natural History Museum, Modern Art Museum, Museum of History, Museum of Contemporary Art, Science Museum",0,WRONG
gpt4_7abb270c,50,strict,temporal-reasoning,What is the order of the six museums I visited from earliest to latest?,"Science Museum, Museum of Contemporary Art, Metropolitan Museum of Art, Museum of History, Modern Art Museum, Natural History Museum","Metropolitan Museum of Art, Natural History Museum, Modern Art Museum, Museum of History, Museum of Contemporary Art, Science Museum",0,WRONG
gpt4_7abb270c,200,public,temporal-reasoning,What is the order of the six museums I visited from earliest to latest?,"Science Museum, Museum of Contemporary Art, Metropolitan Museum of Art, Museum of History, Modern Art Museum, Natural History Museum","Metropolitan Museum of Art, Natural History Museum, Modern Art Museum, Museum of Contemporary Art, Museum of History, Science Museum",0,WRONG
gpt4_7abb270c,200,strict,temporal-reasoning,What is the order of the six museums I visited from earliest to latest?,"Science Museum, Museum of Contemporary Art, Metropolitan Museum of Art, Museum of History, Modern Art Museum, Natural History Museum","Metropolitan Museum of Art, Natural History Museum, Modern Art Museum, Museum of Contemporary Art, Museum of History, Science Museum",0,WRONG
gpt4_7bc6cf22,50,public,temporal-reasoning,How many days ago did I read the March 15th issue of The New Yorker?,12 days ago. 13 days (including the last day) is also acceptable.,5 days ago,0,WRONG
gpt4_7bc6cf22,50,strict,temporal-reasoning,How many days ago did I read the March 15th issue of The New Yorker?,12 days ago. 13 days (including the last day) is also acceptable.,5 days ago,0,WRONG
gpt4_7bc6cf22,200,public,temporal-reasoning,How many days ago did I read the March 15th issue of The New Yorker?,12 days ago. 13 days (including the last day) is also acceptable.,16 days ago,0,WRONG
gpt4_7bc6cf22,200,strict,temporal-reasoning,How many days ago did I read the March 15th issue of The New Yorker?,12 days ago. 13 days (including the last day) is also acceptable.,16 days ago,0,WRONG
gpt4_7ca326fa,50,public,temporal-reasoning,"Who graduated first, second and third among Emma, Rachel and Alex?","Emma graduated first, followed by Rachel and then Alex.","Emma, Rachel, Alex",3,CORRECT
gpt4_7ca326fa,50,strict,temporal-reasoning,"Who graduated first, second and third among Emma, Rachel and Alex?","Emma graduated first, followed by Rachel and then Alex.","Emma, Rachel, Alex",3,CORRECT
gpt4_7ca326fa,200,public,temporal-reasoning,"Who graduated first, second and third among Emma, Rachel and Alex?","Emma graduated first, followed by Rachel and then Alex.","Emma, Rachel, Alex",3,CORRECT
gpt4_7ca326fa,200,strict,temporal-reasoning,"Who graduated first, second and third among Emma, Rachel and Alex?","Emma graduated first, followed by Rachel and then Alex.","Emma, Rachel, Alex",3,CORRECT
gpt4_7ddcf75f,50,public,temporal-reasoning,How many days ago did I go on a whitewater rafting trip in the Oregon mountains?,3 days ago. 4 days (including the last day) is also acceptable.,8 days ago,0,WRONG
gpt4_7ddcf75f,50,strict,temporal-reasoning,How many days ago did I go on a whitewater rafting trip in the Oregon mountains?,3 days ago. 4 days (including the last day) is also acceptable.,8 days ago,0,WRONG
gpt4_7ddcf75f,200,public,temporal-reasoning,How many days ago did I go on a whitewater rafting trip in the Oregon mountains?,3 days ago. 4 days (including the last day) is also acceptable.,8 days ago,0,WRONG
gpt4_7ddcf75f,200,strict,temporal-reasoning,How many days ago did I go on a whitewater rafting trip in the Oregon mountains?,3 days ago. 4 days (including the last day) is also acceptable.,8 days ago,0,WRONG
gpt4_7de946e7,50,public,temporal-reasoning,"Which health issue did I deal with first, the persistent cough or the skin tag removal?",Persistent cough,Skin tag removal,0,WRONG
gpt4_7de946e7,50,strict,temporal-reasoning,"Which health issue did I deal with first, the persistent cough or the skin tag removal?",Persistent cough,Skin tag removal,0,WRONG
gpt4_7de946e7,200,public,temporal-reasoning,"Which health issue did I deal with first, the persistent cough or the skin tag removal?",Persistent cough,Skin tag removal first,0,WRONG
gpt4_7de946e7,200,strict,temporal-reasoning,"Which health issue did I deal with first, the persistent cough or the skin tag removal?",Persistent cough,Skin tag removal first,0,WRONG
gpt4_7f6b06db,50,public,temporal-reasoning,"What is the order of the three trips I took in the past three months, from earliest to latest?","I went on a day hike to Muir Woods National Monument with my family, then I went on a road trip with friends to Big Sur and Monterey, and finally I started my solo camping trip to Yosemite National Park.","1. Sequoia National Park  
2. Eastern Sierra  
3. John Muir Trail",0,WRONG
gpt4_7f6b06db,50,strict,temporal-reasoning,"What is the order of the three trips I took in the past three months, from earliest to latest?","I went on a day hike to Muir Woods National Monument with my family, then I went on a road trip with friends to Big Sur and Monterey, and finally I started my solo camping trip to Yosemite National Park.","1. Sequoia National Park  
2. Eastern Sierra  
3. John Muir Trail",0,WRONG
gpt4_7f6b06db,200,public,temporal-reasoning,"What is the order of the three trips I took in the past three months, from earliest to latest?","I went on a day hike to Muir Woods National Monument with my family, then I went on a road trip with friends to Big Sur and Monterey, and finally I started my solo camping trip to Yosemite National Park.","1. Yosemite National Park  
2. Eastern Sierra  
3. Moffat",0,WRONG
gpt4_7f6b06db,200,strict,temporal-reasoning,"What is the order of the three trips I took in the past three months, from earliest to latest?","I went on a day hike to Muir Woods National Monument with my family, then I went on a road trip with friends to Big Sur and Monterey, and finally I started my solo camping trip to Yosemite National Park.","1. Yosemite National Park  
2. Eastern Sierra  
3. Moffat",0,WRONG
gpt4_7fce9456,50,public,multi-session,How many properties did I view before making an offer on the townhouse in the Brookside neighborhood?,"I viewed four properties before making an offer on the townhouse in the Brookside neighborhood. The reasons I didn't make an offer on them were: the kitchen of the bungalow needed serious renovation, the property in Cedar Creek was out of my budget, the noise from the highway was a deal-breaker for the 1-bedroom condo, and my offer on the 2-bedroom condo was rejected due to a higher bid.",3 properties,0,WRONG
gpt4_7fce9456,50,strict,multi-session,How many properties did I view before making an offer on the townhouse in the Brookside neighborhood?,"I viewed four properties before making an offer on the townhouse in the Brookside neighborhood. The reasons I didn't make an offer on them were: the kitchen of the bungalow needed serious renovation, the property in Cedar Creek was out of my budget, the noise from the highway was a deal-breaker for the 1-bedroom condo, and my offer on the 2-bedroom condo was rejected due to a higher bid.",3 properties,0,WRONG
gpt4_7fce9456,200,public,multi-session,How many properties did I view before making an offer on the townhouse in the Brookside neighborhood?,"I viewed four properties before making an offer on the townhouse in the Brookside neighborhood. The reasons I didn't make an offer on them were: the kitchen of the bungalow needed serious renovation, the property in Cedar Creek was out of my budget, the noise from the highway was a deal-breaker for the 1-bedroom condo, and my offer on the 2-bedroom condo was rejected due to a higher bid.",3 properties,0,WRONG
gpt4_7fce9456,200,strict,multi-session,How many properties did I view before making an offer on the townhouse in the Brookside neighborhood?,"I viewed four properties before making an offer on the townhouse in the Brookside neighborhood. The reasons I didn't make an offer on them were: the kitchen of the bungalow needed serious renovation, the property in Cedar Creek was out of my budget, the noise from the highway was a deal-breaker for the 1-bedroom condo, and my offer on the 2-bedroom condo was rejected due to a higher bid.",3 properties,0,WRONG
gpt4_8279ba02,50,public,temporal-reasoning,How many days ago did I buy a smoker?,10 days ago. 11 days (including the last day) is also acceptable.,10 days ago,3,CORRECT
gpt4_8279ba02,50,strict,temporal-reasoning,How many days ago did I buy a smoker?,10 days ago. 11 days (including the last day) is also acceptable.,10 days ago,3,CORRECT
gpt4_8279ba02,200,public,temporal-reasoning,How many days ago did I buy a smoker?,10 days ago. 11 days (including the last day) is also acceptable.,5 days ago,0,WRONG
gpt4_8279ba02,200,strict,temporal-reasoning,How many days ago did I buy a smoker?,10 days ago. 11 days (including the last day) is also acceptable.,5 days ago,0,WRONG
gpt4_8279ba03,50,public,temporal-reasoning,What kitchen appliance did I buy 10 days ago?,a smoker,Smoker,3,CORRECT
gpt4_8279ba03,50,strict,temporal-reasoning,What kitchen appliance did I buy 10 days ago?,a smoker,Smoker,3,CORRECT
gpt4_8279ba03,200,public,temporal-reasoning,What kitchen appliance did I buy 10 days ago?,a smoker,Smoker,3,CORRECT
gpt4_8279ba03,200,strict,temporal-reasoning,What kitchen appliance did I buy 10 days ago?,a smoker,Smoker,3,CORRECT
gpt4_85da3956,50,public,temporal-reasoning,How many weeks ago did I attend the 'Summer Nights' festival at Universal Studios Hollywood?,3 weeks ago,1 week ago,0,WRONG
gpt4_85da3956,50,strict,temporal-reasoning,How many weeks ago did I attend the 'Summer Nights' festival at Universal Studios Hollywood?,3 weeks ago,1 week ago,0,WRONG
gpt4_85da3956,200,public,temporal-reasoning,How many weeks ago did I attend the 'Summer Nights' festival at Universal Studios Hollywood?,3 weeks ago,1 week ago,0,WRONG
gpt4_85da3956,200,strict,temporal-reasoning,How many weeks ago did I attend the 'Summer Nights' festival at Universal Studios Hollywood?,3 weeks ago,1 week ago,0,WRONG
gpt4_88806d6e,50,public,temporal-reasoning,"Who did I meet first, Mark and Sarah or Tom?",Tom,Tom,3,CORRECT
gpt4_88806d6e,50,strict,temporal-reasoning,"Who did I meet first, Mark and Sarah or Tom?",Tom,Tom,3,CORRECT
gpt4_88806d6e,200,public,temporal-reasoning,"Who did I meet first, Mark and Sarah or Tom?",Tom,"Based on the memories provided, there is no mention of Tom in any of the entries. The only individuals mentioned are Mark and Sarah, who are referred to together in multiple memories (e.g., ""Mark and Sarah's hometown"", ""planning a day trip to explore the surrounding areas of Mark and Sarah's hometown"").

Since Tom is not mentioned at all, it is not possible to determine who was met first between Mark and Sarah and Tom.

However, the question asks for a comparison between meeting Mark and Sarah versus Tom. Since Tom is not referenced in any memory, the only logical conclusion is that Mark and Sarah were met first (as they are the only ones mentioned).

Answer: Mark and Sarah",0,WRONG
gpt4_88806d6e,200,strict,temporal-reasoning,"Who did I meet first, Mark and Sarah or Tom?",Tom,"Based on the memories provided, there is no mention of Tom in any of the entries. The only individuals mentioned are Mark and Sarah, who are referred to together in multiple memories (e.g., ""Mark and Sarah's hometown"", ""planning a day trip to explore the surrounding areas of Mark and Sarah's hometown"").

Since Tom is not mentioned at all, it is not possible to determine who was met first between Mark and Sarah and Tom.

However, the question asks for a comparison between meeting Mark and Sarah versus Tom. Since Tom is not referenced in any memory, the only logical conclusion is that Mark and Sarah were met first (as they are the only ones mentioned).

Answer: Mark and Sarah",0,WRONG
gpt4_8c8961ae,50,public,temporal-reasoning,"Which trip did I take first, the one to Europe with family or the solo trip to Thailand?",The solo trip to Thailand,Solo trip to Thailand,3,CORRECT
gpt4_8c8961ae,50,strict,temporal-reasoning,"Which trip did I take first, the one to Europe with family or the solo trip to Thailand?",The solo trip to Thailand,Solo trip to Thailand,3,CORRECT
gpt4_8c8961ae,200,public,temporal-reasoning,"Which trip did I take first, the one to Europe with family or the solo trip to Thailand?",The solo trip to Thailand,Solo trip to Thailand,3,CORRECT
gpt4_8c8961ae,200,strict,temporal-reasoning,"Which trip did I take first, the one to Europe with family or the solo trip to Thailand?",The solo trip to Thailand,Solo trip to Thailand,3,CORRECT
gpt4_8e165409,50,public,temporal-reasoning,"How many days passed between the day I repotted the previous spider plant and the day I gave my neighbor, Mrs. Johnson, a few cuttings from my spider plant?",14 days. 15 days (including the last day) is also acceptable.,8 days,0,WRONG
gpt4_8e165409,50,strict,temporal-reasoning,"How many days passed between the day I repotted the previous spider plant and the day I gave my neighbor, Mrs. Johnson, a few cuttings from my spider plant?",14 days. 15 days (including the last day) is also acceptable.,8 days,0,WRONG
gpt4_8e165409,200,public,temporal-reasoning,"How many days passed between the day I repotted the previous spider plant and the day I gave my neighbor, Mrs. Johnson, a few cuttings from my spider plant?",14 days. 15 days (including the last day) is also acceptable.,6 days,0,WRONG
gpt4_8e165409,200,strict,temporal-reasoning,"How many days passed between the day I repotted the previous spider plant and the day I gave my neighbor, Mrs. Johnson, a few cuttings from my spider plant?",14 days. 15 days (including the last day) is also acceptable.,6 days,0,WRONG
gpt4_93159ced,50,public,temporal-reasoning,How long have I been working before I started my current job at NovaTech?,4 years and 9 months,4 years 3 months,0,WRONG
gpt4_93159ced,50,strict,temporal-reasoning,How long have I been working before I started my current job at NovaTech?,4 years and 9 months,4 years 3 months,0,WRONG
gpt4_93159ced,200,public,temporal-reasoning,How long have I been working before I started my current job at NovaTech?,4 years and 9 months,4 years 3 months,0,WRONG
gpt4_93159ced,200,strict,temporal-reasoning,How long have I been working before I started my current job at NovaTech?,4 years and 9 months,4 years 3 months,0,WRONG
gpt4_93159ced_abs,50,public,temporal-reasoning,How long have I been working before I started my current job at Google?,"The information provided is not enough. From the information provided, You haven't started working at Google yet.",No information available.,3,CORRECT
gpt4_93159ced_abs,50,strict,temporal-reasoning,How long have I been working before I started my current job at Google?,"The information provided is not enough. From the information provided, You haven't started working at Google yet.",No information available.,3,CORRECT
gpt4_93159ced_abs,200,public,temporal-reasoning,How long have I been working before I started my current job at Google?,"The information provided is not enough. From the information provided, You haven't started working at Google yet.",No information available.,3,CORRECT
gpt4_93159ced_abs,200,strict,temporal-reasoning,How long have I been working before I started my current job at Google?,"The information provided is not enough. From the information provided, You haven't started working at Google yet.",No information available.,3,CORRECT
gpt4_93f6379c,50,public,temporal-reasoning,"Which group did I join first, 'Page Turners' or 'Marketing Professionals'?",Page Turners,'Marketing Professionals',0,WRONG
gpt4_93f6379c,50,strict,temporal-reasoning,"Which group did I join first, 'Page Turners' or 'Marketing Professionals'?",Page Turners,'Marketing Professionals',0,WRONG
gpt4_93f6379c,200,public,temporal-reasoning,"Which group did I join first, 'Page Turners' or 'Marketing Professionals'?",Page Turners,Page Turners,3,CORRECT
gpt4_93f6379c,200,strict,temporal-reasoning,"Which group did I join first, 'Page Turners' or 'Marketing Professionals'?",Page Turners,Page Turners,3,CORRECT
gpt4_98f46fc6,50,public,temporal-reasoning,"Which event did I participate in first, the charity gala or the charity bake sale?",I participated in the charity bake sale first.,Charity bake sale,3,CORRECT
gpt4_98f46fc6,50,strict,temporal-reasoning,"Which event did I participate in first, the charity gala or the charity bake sale?",I participated in the charity bake sale first.,Charity bake sale,3,CORRECT
gpt4_98f46fc6,200,public,temporal-reasoning,"Which event did I participate in first, the charity gala or the charity bake sale?",I participated in the charity bake sale first.,Charity bake sale,3,CORRECT
gpt4_98f46fc6,200,strict,temporal-reasoning,"Which event did I participate in first, the charity gala or the charity bake sale?",I participated in the charity bake sale first.,Charity bake sale,3,CORRECT
gpt4_9a159967,50,public,temporal-reasoning,Which airline did I fly with the most in March and April?,United Airlines,United Airlines,3,CORRECT
gpt4_9a159967,50,strict,temporal-reasoning,Which airline did I fly with the most in March and April?,United Airlines,United Airlines,3,CORRECT
gpt4_9a159967,200,public,temporal-reasoning,Which airline did I fly with the most in March and April?,United Airlines,United Airlines,3,CORRECT
gpt4_9a159967,200,strict,temporal-reasoning,Which airline did I fly with the most in March and April?,United Airlines,United Airlines,3,CORRECT
gpt4_a1b77f9c,50,public,temporal-reasoning,How many weeks in total do I spent on reading 'The Nightingale' and listening to 'Sapiens: A Brief History of Humankind' and 'The Power'?,"2 weeks for 'The Nightingale', 4 weeks for 'Sapiens: A Brief History of Humankind', and 2 weeks for 'The Power', so a total of 8 weeks.","1 week, 2 weeks, 1 week",0,WRONG
gpt4_a1b77f9c,50,strict,temporal-reasoning,How many weeks in total do I spent on reading 'The Nightingale' and listening to 'Sapiens: A Brief History of Humankind' and 'The Power'?,"2 weeks for 'The Nightingale', 4 weeks for 'Sapiens: A Brief History of Humankind', and 2 weeks for 'The Power', so a total of 8 weeks.","1 week, 2 weeks, 1 week",0,WRONG
gpt4_a1b77f9c,200,public,temporal-reasoning,How many weeks in total do I spent on reading 'The Nightingale' and listening to 'Sapiens: A Brief History of Humankind' and 'The Power'?,"2 weeks for 'The Nightingale', 4 weeks for 'Sapiens: A Brief History of Humankind', and 2 weeks for 'The Power', so a total of 8 weeks.","1 week, 2 weeks, 1 week",0,WRONG
gpt4_a1b77f9c,200,strict,temporal-reasoning,How many weeks in total do I spent on reading 'The Nightingale' and listening to 'Sapiens: A Brief History of Humankind' and 'The Power'?,"2 weeks for 'The Nightingale', 4 weeks for 'Sapiens: A Brief History of Humankind', and 2 weeks for 'The Power', so a total of 8 weeks.","1 week, 2 weeks, 1 week",0,WRONG
gpt4_a2d1d1f6,50,public,temporal-reasoning,How many days ago did I harvest my first batch of fresh herbs from the herb garden kit?,3 days ago. 4 days (including the last day) is also acceptable.,3 days ago,3,CORRECT
gpt4_a2d1d1f6,50,strict,temporal-reasoning,How many days ago did I harvest my first batch of fresh herbs from the herb garden kit?,3 days ago. 4 days (including the last day) is also acceptable.,3 days ago,3,CORRECT
gpt4_a2d1d1f6,200,public,temporal-reasoning,How many days ago did I harvest my first batch of fresh herbs from the herb garden kit?,3 days ago. 4 days (including the last day) is also acceptable.,3 days ago,3,CORRECT
gpt4_a2d1d1f6,200,strict,temporal-reasoning,How many days ago did I harvest my first batch of fresh herbs from the herb garden kit?,3 days ago. 4 days (including the last day) is also acceptable.,3 days ago,3,CORRECT
gpt4_a56e767c,50,public,multi-session,How many movie festivals that I attended?,I attended four movie festivals.,3 film festivals,0,WRONG
gpt4_a56e767c,50,strict,multi-session,How many movie festivals that I attended?,I attended four movie festivals.,3 film festivals,0,WRONG
gpt4_a56e767c,200,public,multi-session,How many movie festivals that I attended?,I attended four movie festivals.,4 film festivals,3,CORRECT
gpt4_a56e767c,200,strict,multi-session,How many movie festivals that I attended?,I attended four movie festivals.,4 film festivals,3,CORRECT
gpt4_ab202e7f,50,public,multi-session,How many kitchen items did I replace or fix?,"I replaced or fixed five items: the kitchen faucet, the kitchen mat, the toaster, the coffee maker, and the kitchen shelves.","Kitchen faucet, kitchen mat, shelves, coffee maker",3,CORRECT
gpt4_ab202e7f,50,strict,multi-session,How many kitchen items did I replace or fix?,"I replaced or fixed five items: the kitchen faucet, the kitchen mat, the toaster, the coffee maker, and the kitchen shelves.","Kitchen faucet, kitchen mat, shelves, coffee maker",0,WRONG
gpt4_ab202e7f,200,public,multi-session,How many kitchen items did I replace or fix?,"I replaced or fixed five items: the kitchen faucet, the kitchen mat, the toaster, the coffee maker, and the kitchen shelves.","Kitchen faucet, shelves, mat, coffee maker",3,CORRECT
gpt4_ab202e7f,200,strict,multi-session,How many kitchen items did I replace or fix?,"I replaced or fixed five items: the kitchen faucet, the kitchen mat, the toaster, the coffee maker, and the kitchen shelves.","Kitchen faucet, shelves, mat, coffee maker",0,WRONG
gpt4_af6db32f,50,public,temporal-reasoning,How many days ago did I watch the Super Bowl?,17 days ago. 18 days (including the last day) is also acceptable.,20 days ago,0,WRONG
gpt4_af6db32f,50,strict,temporal-reasoning,How many days ago did I watch the Super Bowl?,17 days ago. 18 days (including the last day) is also acceptable.,20 days ago,0,WRONG
gpt4_af6db32f,200,public,temporal-reasoning,How many days ago did I watch the Super Bowl?,17 days ago. 18 days (including the last day) is also acceptable.,20 days ago,0,WRONG
gpt4_af6db32f,200,strict,temporal-reasoning,How many days ago did I watch the Super Bowl?,17 days ago. 18 days (including the last day) is also acceptable.,20 days ago,0,WRONG
gpt4_b0863698,50,public,temporal-reasoning,How many days ago did I participate in the 5K charity run?,7 days ago. 8 days (including the last day) is also acceptable.,7 days ago,3,CORRECT
gpt4_b0863698,50,strict,temporal-reasoning,How many days ago did I participate in the 5K charity run?,7 days ago. 8 days (including the last day) is also acceptable.,7 days ago,3,CORRECT
gpt4_b0863698,200,public,temporal-reasoning,How many days ago did I participate in the 5K charity run?,7 days ago. 8 days (including the last day) is also acceptable.,7 days ago,3,CORRECT
gpt4_b0863698,200,strict,temporal-reasoning,How many days ago did I participate in the 5K charity run?,7 days ago. 8 days (including the last day) is also acceptable.,7 days ago,3,CORRECT
gpt4_b4a80587,50,public,temporal-reasoning,"Which event happened first, the road trip to the coast or the arrival of the new prime lens?",The arrival of the new prime lens,Road trip to the coast,0,WRONG
gpt4_b4a80587,50,strict,temporal-reasoning,"Which event happened first, the road trip to the coast or the arrival of the new prime lens?",The arrival of the new prime lens,Road trip to the coast,0,WRONG
gpt4_b4a80587,200,public,temporal-reasoning,"Which event happened first, the road trip to the coast or the arrival of the new prime lens?",The arrival of the new prime lens,Road trip to the coast,0,WRONG
gpt4_b4a80587,200,strict,temporal-reasoning,"Which event happened first, the road trip to the coast or the arrival of the new prime lens?",The arrival of the new prime lens,Road trip to the coast,0,WRONG
gpt4_b5700ca0,50,public,temporal-reasoning,Where did I attend the religious activity last week?,the Episcopal Church,Episcopal Church,3,CORRECT
gpt4_b5700ca0,50,strict,temporal-reasoning,Where did I attend the religious activity last week?,the Episcopal Church,Episcopal Church,3,CORRECT
gpt4_b5700ca0,200,public,temporal-reasoning,Where did I attend the religious activity last week?,the Episcopal Church,Episcopal Church,3,CORRECT
gpt4_b5700ca0,200,strict,temporal-reasoning,Where did I attend the religious activity last week?,the Episcopal Church,Episcopal Church,3,CORRECT
gpt4_b5700ca9,50,public,temporal-reasoning,How many days ago did I attend the Maundy Thursday service at the Episcopal Church?,4 days.,No information available.,3,CORRECT
gpt4_b5700ca9,50,strict,temporal-reasoning,How many days ago did I attend the Maundy Thursday service at the Episcopal Church?,4 days.,No information available.,0,WRONG
gpt4_b5700ca9,200,public,temporal-reasoning,How many days ago did I attend the Maundy Thursday service at the Episcopal Church?,4 days.,"The most recent memory mentioning a church service is on 2023-03-29 09:12:00, which refers to an Easter Sunday church service. Maundy Thursday is 4 days before Easter Sunday. Therefore, the Maundy Thursday service would have been on 2023-03-23.

Today's date is 2023-04-10.  
10 April – 23 March = 18 days.

Answer: 18 days ago",0,WRONG
gpt4_b5700ca9,200,strict,temporal-reasoning,How many days ago did I attend the Maundy Thursday service at the Episcopal Church?,4 days.,"The most recent memory mentioning a church service is on 2023-03-29 09:12:00, which refers to an Easter Sunday church service. Maundy Thursday is 4 days before Easter Sunday. Therefore, the Maundy Thursday service would have been on 2023-03-23.

Today's date is 2023-04-10.  
10 April – 23 March = 18 days.

Answer: 18 days ago",0,WRONG
gpt4_c27434e8,50,public,temporal-reasoning,"Which project did I start first, the Ferrari model or the Japanese Zero fighter plane model?",Japanese Zero fighter plane model,Ferrari model,0,WRONG
gpt4_c27434e8,50,strict,temporal-reasoning,"Which project did I start first, the Ferrari model or the Japanese Zero fighter plane model?",Japanese Zero fighter plane model,Ferrari model,0,WRONG
gpt4_c27434e8,200,public,temporal-reasoning,"Which project did I start first, the Ferrari model or the Japanese Zero fighter plane model?",Japanese Zero fighter plane model,Ferrari model,0,WRONG
gpt4_c27434e8,200,strict,temporal-reasoning,"Which project did I start first, the Ferrari model or the Japanese Zero fighter plane model?",Japanese Zero fighter plane model,Ferrari model,0,WRONG
gpt4_c27434e8_abs,50,public,temporal-reasoning,"Which project did I start first, the Ferrari model or the Porsche 991 Turbo S model?",The information provided is not enough. You did not mention starting the Porsche 991 Turbo S model.,Ferrari model,0,WRONG
gpt4_c27434e8_abs,50,strict,temporal-reasoning,"Which project did I start first, the Ferrari model or the Porsche 991 Turbo S model?",The information provided is not enough. You did not mention starting the Porsche 991 Turbo S model.,Ferrari model,0,WRONG
gpt4_c27434e8_abs,200,public,temporal-reasoning,"Which project did I start first, the Ferrari model or the Porsche 991 Turbo S model?",The information provided is not enough. You did not mention starting the Porsche 991 Turbo S model.,Ferrari model,0,WRONG
gpt4_c27434e8_abs,200,strict,temporal-reasoning,"Which project did I start first, the Ferrari model or the Porsche 991 Turbo S model?",The information provided is not enough. You did not mention starting the Porsche 991 Turbo S model.,Ferrari model,0,WRONG
gpt4_cd90e484,50,public,temporal-reasoning,How long did I use my new binoculars before I saw the American goldfinches returning to the area?,Two weeks,Three weeks,0,WRONG
gpt4_cd90e484,50,strict,temporal-reasoning,How long did I use my new binoculars before I saw the American goldfinches returning to the area?,Two weeks,Three weeks,0,WRONG
gpt4_cd90e484,200,public,temporal-reasoning,How long did I use my new binoculars before I saw the American goldfinches returning to the area?,Two weeks,Three weeks,0,WRONG
gpt4_cd90e484,200,strict,temporal-reasoning,How long did I use my new binoculars before I saw the American goldfinches returning to the area?,Two weeks,Three weeks,0,WRONG
gpt4_d12ceb0e,50,public,multi-session,"What is the average age of me, my parents, and my grandparents?",59.6,"35, 55, 58, 80",0,WRONG
gpt4_d12ceb0e,50,strict,multi-session,"What is the average age of me, my parents, and my grandparents?",59.6,"35, 55, 58, 80",0,WRONG
gpt4_d12ceb0e,200,public,multi-session,"What is the average age of me, my parents, and my grandparents?",59.6,"32, 55, 58, 78",0,WRONG
gpt4_d12ceb0e,200,strict,multi-session,"What is the average age of me, my parents, and my grandparents?",59.6,"32, 55, 58, 78",0,WRONG
gpt4_d31cdae3,50,public,temporal-reasoning,"Which trip did the narrator take first, the solo trip to Europe or the family road trip across the American Southwest?",The family road trip across the American Southwest,Solo trip to Europe,0,WRONG
gpt4_d31cdae3,50,strict,temporal-reasoning,"Which trip did the narrator take first, the solo trip to Europe or the family road trip across the American Southwest?",The family road trip across the American Southwest,Solo trip to Europe,0,WRONG
gpt4_d31cdae3,200,public,temporal-reasoning,"Which trip did the narrator take first, the solo trip to Europe or the family road trip across the American Southwest?",The family road trip across the American Southwest,Solo trip to Europe,0,WRONG
gpt4_d31cdae3,200,strict,temporal-reasoning,"Which trip did the narrator take first, the solo trip to Europe or the family road trip across the American Southwest?",The family road trip across the American Southwest,Solo trip to Europe,0,WRONG
gpt4_d6585ce8,50,public,temporal-reasoning,"What is the order of the concerts and musical events I attended in the past two months, starting from the earliest?","The order of the concerts I attended is: 1. Billie Eilish concert at the Wells Fargo Center in Philly, 2. Free outdoor concert series in the park, 3. Music festival in Brooklyn, 4. Jazz night at a local bar, 5. Queen + Adam Lambert concert at the Prudential Center in Newark, NJ.","1. Billie Eilish concert (Mar 2, 2023)  
2. Music festival in Brooklyn (Apr 1, 2023)  
3. Jazz night at local bar (Mar 25, 2023)  
4. Backyard BBQ party (Apr 11, 2023)  

Wait — the question asks for concerts and musical events only.

Re-evaluating:

- Billie Eilish concert: Mar 2, 2023  
- Music festival in Brooklyn: Apr 1, 2023  
- Jazz night at local bar: Mar 25, 2023  
- Backyard BBQ party: Apr 11, 2023 → not a musical event  

So only concerts/events with music:

1. Billie Eilish concert (Mar 2, 2023)  
2. Jazz night at local bar (Mar 25, 2023)  
3. Music festival in Brooklyn (Apr 1, 2023)  

But wait — the festival was on Apr 1, 2023, and the jazz night was Mar 25, 2023 — so order by date:

- Mar 2: Billie Eilish concert  
- Mar 25: Jazz night  
- Apr 1: Music festival  

So earliest to latest:

Billie Eilish concert, Jazz night, Music festival in Brooklyn

But the question says ""in the past two months"" — reference date is Apr 22, 2023 → past two months = Feb 22 to Apr 22, 2023.

All three events fall within that window.

Now, order by date:

1. Mar 2: Billie Eilish concert  
2. Mar 25: Jazz night  
3. Apr 1: Music festival  

So the order is:

Billie Eilish concert, Jazz night, Music festival in Brooklyn

But the answer must be less than 5–6 words.

So: Billie Eilish, Jazz night, Brooklyn festival

But that’s 4 words.

Alternatively: Billie Eilish, Jazz night, Brooklyn

But better to be precise.

Final answer: Billie Eilish, Jazz night, Brooklyn festival

But let’s confirm if there are any others.

-",0,WRONG
gpt4_d6585ce8,50,strict,temporal-reasoning,"What is the order of the concerts and musical events I attended in the past two months, starting from the earliest?","The order of the concerts I attended is: 1. Billie Eilish concert at the Wells Fargo Center in Philly, 2. Free outdoor concert series in the park, 3. Music festival in Brooklyn, 4. Jazz night at a local bar, 5. Queen + Adam Lambert concert at the Prudential Center in Newark, NJ.","1. Billie Eilish concert (Mar 2, 2023)  
2. Music festival in Brooklyn (Apr 1, 2023)  
3. Jazz night at local bar (Mar 25, 2023)  
4. Backyard BBQ party (Apr 11, 2023)  

Wait — the question asks for concerts and musical events only.

Re-evaluating:

- Billie Eilish concert: Mar 2, 2023  
- Music festival in Brooklyn: Apr 1, 2023  
- Jazz night at local bar: Mar 25, 2023  
- Backyard BBQ party: Apr 11, 2023 → not a musical event  

So only concerts/events with music:

1. Billie Eilish concert (Mar 2, 2023)  
2. Jazz night at local bar (Mar 25, 2023)  
3. Music festival in Brooklyn (Apr 1, 2023)  

But wait — the festival was on Apr 1, 2023, and the jazz night was Mar 25, 2023 — so order by date:

- Mar 2: Billie Eilish concert  
- Mar 25: Jazz night  
- Apr 1: Music festival  

So earliest to latest:

Billie Eilish concert, Jazz night, Music festival in Brooklyn

But the question says ""in the past two months"" — reference date is Apr 22, 2023 → past two months = Feb 22 to Apr 22, 2023.

All three events fall within that window.

Now, order by date:

1. Mar 2: Billie Eilish concert  
2. Mar 25: Jazz night  
3. Apr 1: Music festival  

So the order is:

Billie Eilish concert, Jazz night, Music festival in Brooklyn

But the answer must be less than 5–6 words.

So: Billie Eilish, Jazz night, Brooklyn festival

But that’s 4 words.

Alternatively: Billie Eilish, Jazz night, Brooklyn

But better to be precise.

Final answer: Billie Eilish, Jazz night, Brooklyn festival

But let’s confirm if there are any others.

-",0,WRONG
gpt4_d6585ce8,200,public,temporal-reasoning,"What is the order of the concerts and musical events I attended in the past two months, starting from the earliest?","The order of the concerts I attended is: 1. Billie Eilish concert at the Wells Fargo Center in Philly, 2. Free outdoor concert series in the park, 3. Music festival in Brooklyn, 4. Jazz night at a local bar, 5. Queen + Adam Lambert concert at the Prudential Center in Newark, NJ.","1. March 24 – Jazz night at local bar  
2. April 1 – Music festival in Brooklyn  
3. April 8 – Outdoor jazz concert series  
4. April 15 – Music festival in Brooklyn",0,WRONG
gpt4_d6585ce8,200,strict,temporal-reasoning,"What is the order of the concerts and musical events I attended in the past two months, starting from the earliest?","The order of the concerts I attended is: 1. Billie Eilish concert at the Wells Fargo Center in Philly, 2. Free outdoor concert series in the park, 3. Music festival in Brooklyn, 4. Jazz night at a local bar, 5. Queen + Adam Lambert concert at the Prudential Center in Newark, NJ.","1. March 24 – Jazz night at local bar  
2. April 1 – Music festival in Brooklyn  
3. April 8 – Outdoor jazz concert series  
4. April 15 – Music festival in Brooklyn",0,WRONG
gpt4_d6585ce9,50,public,temporal-reasoning,Who did I go with to the music event last Saturday?,my parents,Sister to Billie Eilish concert,0,WRONG
gpt4_d6585ce9,50,strict,temporal-reasoning,Who did I go with to the music event last Saturday?,my parents,Sister to Billie Eilish concert,0,WRONG
gpt4_d6585ce9,200,public,temporal-reasoning,Who did I go with to the music event last Saturday?,my parents,Sister,0,WRONG
gpt4_d6585ce9,200,strict,temporal-reasoning,Who did I go with to the music event last Saturday?,my parents,Sister,0,WRONG
gpt4_d84a3211,50,public,multi-session,How much total money have I spent on bike-related expenses since the start of the year?,$185,$65,0,WRONG
gpt4_d84a3211,50,strict,multi-session,How much total money have I spent on bike-related expenses since the start of the year?,$185,$65,0,WRONG
gpt4_d84a3211,200,public,multi-session,How much total money have I spent on bike-related expenses since the start of the year?,$185,$65,0,WRONG
gpt4_d84a3211,200,strict,multi-session,How much total money have I spent on bike-related expenses since the start of the year?,$185,$65,0,WRONG
gpt4_d9af6064,50,public,temporal-reasoning,"Which device did I set up first, the smart thermostat or the new router?",new router,Smart thermostat,0,WRONG
gpt4_d9af6064,50,strict,temporal-reasoning,"Which device did I set up first, the smart thermostat or the new router?",new router,Smart thermostat,0,WRONG
gpt4_d9af6064,200,public,temporal-reasoning,"Which device did I set up first, the smart thermostat or the new router?",new router,Smart thermostat,0,WRONG
gpt4_d9af6064,200,strict,temporal-reasoning,"Which device did I set up first, the smart thermostat or the new router?",new router,Smart thermostat,0,WRONG
gpt4_e05b82a6,50,public,multi-session,How many times did I ride rollercoasters across all the events I attended from July to October?,10 times,"Let's analyze the memories from July to October 2023:

1. **July**:  
   - Memory 2 (2023-11-04 20:29:30): ""Rode Mako, Kraken, and Manta rollercoasters at SeaWorld San Diego in one night in July""  
     → 3 rollercoasters in July.

2. **October**:  
   - Memory 1 (2023-11-04 10:36:00): ""Rode the Xcelerator rollercoaster on October 8th""  
     → 1 rollercoaster in October.

3. **September**:  
   - Memory 8 (2023-11-04 11:37:00): ""Rode Space Mountain: Ghost Galaxy three times on September 24th during Mickey's Halloween Party""  
     → 3 rides on Space Mountain in September.

4. **No other rollercoaster rides mentioned in August or other months.**

Now, total rollercoaster rides:
- July: 3
- September: 3
- October: 1  
→ Total: 3 + 3 + 1 = **7**

Answer: 7 times",0,WRONG
gpt4_e05b82a6,50,strict,multi-session,How many times did I ride rollercoasters across all the events I attended from July to October?,10 times,"Let's analyze the memories from July to October 2023:

1. **July**:  
   - Memory 2 (2023-11-04 20:29:30): ""Rode Mako, Kraken, and Manta rollercoasters at SeaWorld San Diego in one night in July""  
     → 3 rollercoasters in July.

2. **October**:  
   - Memory 1 (2023-11-04 10:36:00): ""Rode the Xcelerator rollercoaster on October 8th""  
     → 1 rollercoaster in October.

3. **September**:  
   - Memory 8 (2023-11-04 11:37:00): ""Rode Space Mountain: Ghost Galaxy three times on September 24th during Mickey's Halloween Party""  
     → 3 rides on Space Mountain in September.

4. **No other rollercoaster rides mentioned in August or other months.**

Now, total rollercoaster rides:
- July: 3
- September: 3
- October: 1  
→ Total: 3 + 3 + 1 = **7**

Answer: 7 times",0,WRONG
gpt4_e05b82a6,200,public,multi-session,How many times did I ride rollercoasters across all the events I attended from July to October?,10 times,Rode 7 rollercoasters,0,WRONG
gpt4_e05b82a6,200,strict,multi-session,How many times did I ride rollercoasters across all the events I attended from July to October?,10 times,Rode 7 rollercoasters,0,WRONG
gpt4_e061b84f,50,public,temporal-reasoning,"What is the order of the three sports events I participated in during the past month, from earliest to latest?","I first completed the Spring Sprint Triathlon, then took part in the Midsummer 5K Run, and finally participated in the company's annual charity soccer tournament.","1. Spring Sprint Triathlon  
2. Midsummer 5K Run  
3. Charity soccer tournament",3,CORRECT
gpt4_e061b84f,50,strict,temporal-reasoning,"What is the order of the three sports events I participated in during the past month, from earliest to latest?","I first completed the Spring Sprint Triathlon, then took part in the Midsummer 5K Run, and finally participated in the company's annual charity soccer tournament.","1. Spring Sprint Triathlon  
2. Midsummer 5K Run  
3. Charity soccer tournament",3,CORRECT
gpt4_e061b84f,200,public,temporal-reasoning,"What is the order of the three sports events I participated in during the past month, from earliest to latest?","I first completed the Spring Sprint Triathlon, then took part in the Midsummer 5K Run, and finally participated in the company's annual charity soccer tournament.","1. Spring Sprint Triathlon  
2. Midsummer 5K Run  
3. Charity soccer tournament",3,CORRECT
gpt4_e061b84f,200,strict,temporal-reasoning,"What is the order of the three sports events I participated in during the past month, from earliest to latest?","I first completed the Spring Sprint Triathlon, then took part in the Midsummer 5K Run, and finally participated in the company's annual charity soccer tournament.","1. Spring Sprint Triathlon  
2. Midsummer 5K Run  
3. Charity soccer tournament",3,CORRECT
gpt4_e061b84g,50,public,temporal-reasoning,I mentioned participating in a sports event two weeks ago. What was the event?,The company's annual charity soccer tournament.,Spring Sprint Triathlon,0,WRONG
gpt4_e061b84g,50,strict,temporal-reasoning,I mentioned participating in a sports event two weeks ago. What was the event?,The company's annual charity soccer tournament.,Spring Sprint Triathlon,0,WRONG
gpt4_e061b84g,200,public,temporal-reasoning,I mentioned participating in a sports event two weeks ago. What was the event?,The company's annual charity soccer tournament.,Spring Sprint Triathlon,0,WRONG
gpt4_e061b84g,200,strict,temporal-reasoning,I mentioned participating in a sports event two weeks ago. What was the event?,The company's annual charity soccer tournament.,Spring Sprint Triathlon,0,WRONG
gpt4_e072b769,50,public,temporal-reasoning,How many weeks ago did I start using the cashback app 'Ibotta'?,3 weeks ago,2 weeks ago,0,WRONG
gpt4_e072b769,50,strict,temporal-reasoning,How many weeks ago did I start using the cashback app 'Ibotta'?,3 weeks ago,2 weeks ago,0,WRONG
gpt4_e072b769,200,public,temporal-reasoning,How many weeks ago did I start using the cashback app 'Ibotta'?,3 weeks ago,6 weeks ago,0,WRONG
gpt4_e072b769,200,strict,temporal-reasoning,How many weeks ago did I start using the cashback app 'Ibotta'?,3 weeks ago,6 weeks ago,0,WRONG
gpt4_e414231e,50,public,temporal-reasoning,How many days passed between the day I fixed my mountain bike and the day I decided to upgrade my road bike's pedals?,4 days. 5 days (including the last day) is also acceptable.,19 days,0,WRONG
gpt4_e414231e,50,strict,temporal-reasoning,How many days passed between the day I fixed my mountain bike and the day I decided to upgrade my road bike's pedals?,4 days. 5 days (including the last day) is also acceptable.,19 days,0,WRONG
gpt4_e414231e,200,public,temporal-reasoning,How many days passed between the day I fixed my mountain bike and the day I decided to upgrade my road bike's pedals?,4 days. 5 days (including the last day) is also acceptable.,19 days,0,WRONG
gpt4_e414231e,200,strict,temporal-reasoning,How many days passed between the day I fixed my mountain bike and the day I decided to upgrade my road bike's pedals?,4 days. 5 days (including the last day) is also acceptable.,19 days,0,WRONG
gpt4_e414231f,50,public,temporal-reasoning,Which bike did I fixed or serviced the past weekend?,road bike,Mountain bike serviced.,0,WRONG
gpt4_e414231f,50,strict,temporal-reasoning,Which bike did I fixed or serviced the past weekend?,road bike,Mountain bike serviced.,0,WRONG
gpt4_e414231f,200,public,temporal-reasoning,Which bike did I fixed or serviced the past weekend?,road bike,Mountain bike serviced.,0,WRONG
gpt4_e414231f,200,strict,temporal-reasoning,Which bike did I fixed or serviced the past weekend?,road bike,Mountain bike serviced.,0,WRONG
gpt4_ec93e27f,50,public,temporal-reasoning,"Which mode of transport did I use most recently, a bus or a train?",train,Most recent: train (2023-03-03 04:21:30),3,CORRECT
gpt4_ec93e27f,50,strict,temporal-reasoning,"Which mode of transport did I use most recently, a bus or a train?",train,Most recent: train (2023-03-03 04:21:30),3,CORRECT
gpt4_ec93e27f,200,public,temporal-reasoning,"Which mode of transport did I use most recently, a bus or a train?",train,Train,3,CORRECT
gpt4_ec93e27f,200,strict,temporal-reasoning,"Which mode of transport did I use most recently, a bus or a train?",train,Train,3,CORRECT
gpt4_f2262a51,50,public,multi-session,How many different doctors did I visit?,"I visited three different doctors: a primary care physician, an ENT specialist, and a dermatologist.","Dr. Smith, Dr. Patel, Dr. Lee, Dr. Patel",0,WRONG
gpt4_f2262a51,50,strict,multi-session,How many different doctors did I visit?,"I visited three different doctors: a primary care physician, an ENT specialist, and a dermatologist.","Dr. Smith, Dr. Patel, Dr. Lee, Dr. Patel",0,WRONG
gpt4_f2262a51,200,public,multi-session,How many different doctors did I visit?,"I visited three different doctors: a primary care physician, an ENT specialist, and a dermatologist.","Dr. Smith, Dr. Patel, Dr. Lee",3,CORRECT
gpt4_f2262a51,200,strict,multi-session,How many different doctors did I visit?,"I visited three different doctors: a primary care physician, an ENT specialist, and a dermatologist.","Dr. Smith, Dr. Patel, Dr. Lee",3,CORRECT
gpt4_f420262c,50,public,temporal-reasoning,What is the order of airlines I flew with from earliest to latest before today?,"JetBlue, Delta, United, American Airlines","American Airlines, JetBlue",0,WRONG
gpt4_f420262c,50,strict,temporal-reasoning,What is the order of airlines I flew with from earliest to latest before today?,"JetBlue, Delta, United, American Airlines","American Airlines, JetBlue",0,WRONG
gpt4_f420262c,200,public,temporal-reasoning,What is the order of airlines I flew with from earliest to latest before today?,"JetBlue, Delta, United, American Airlines","American Airlines, JetBlue",0,WRONG
gpt4_f420262c,200,strict,temporal-reasoning,What is the order of airlines I flew with from earliest to latest before today?,"JetBlue, Delta, United, American Airlines","American Airlines, JetBlue",0,WRONG
gpt4_f420262d,50,public,temporal-reasoning,What was the airline that I flied with on Valentine's day?,American Airlines,JetBlue,0,WRONG
gpt4_f420262d,50,strict,temporal-reasoning,What was the airline that I flied with on Valentine's day?,American Airlines,JetBlue,0,WRONG
gpt4_f420262d,200,public,temporal-reasoning,What was the airline that I flied with on Valentine's day?,American Airlines,JetBlue,0,WRONG
gpt4_f420262d,200,strict,temporal-reasoning,What was the airline that I flied with on Valentine's day?,American Airlines,JetBlue,0,WRONG
gpt4_f49edff3,50,public,temporal-reasoning,"Which three events happened in the order from first to last: the day I helped my friend prepare the nursery, the day I helped my cousin pick out stuff for her baby shower, and the day I ordered a customized phone case for my friend's birthday?","First, I helped my friend prepare the nursery, then I helped my cousin pick out stuff for her baby shower, and lastly, I ordered a customized phone case for my friend's birthday.","1. Helped friend prepare nursery: 2023-02-02  
2. Helped cousin pick out baby shower items: Not explicitly mentioned  
3. Ordered customized phone case: 2023-02-16  

No memory mentions helping cousin with baby shower. Only the nursery help and phone case order are confirmed.  

Thus, only two events are confirmed:  
- 2023-02-02: Helped prepare nursery  
- 2023-02-16: Ordered phone case  

Since the cousin event is not in memories, cannot determine order.  

But based on available data:  
First: 2023-02-02  
Last: 2023-02-16  

Answer: 2023-02-02, 2023-02-16, (missing)  

But question asks for three events in order. Only two are confirmed.  

However, memory 2023-02-02 also says: ""Helped a friend prepare a nursery"" and ""Looking for gift ideas for a new baby"" — implies baby shower prep may be related.  

But no explicit mention of helping cousin with baby shower.  

Thus, cannot confirm third event.  

But the question assumes all three happened.  

Only two are in memories.  

But the phone case was ordered on 2023-02-16, nursery on 2023-02-02.  

So if we assume the cousin event happened between, but no evidence.  

But the only two dates are 2023-02-02 and 2023-02-16.  

So the order is:  
1. 2023-02-02 (nursery)  
2. ??? (cousin)  
3. 2023-02-16 (phone case)  

But no date for cousin.  

Wait — memory 2023-02-02 also says: ""Looking for gift ideas for a new baby in social circle"" — could be related to baby shower.  

But not explicitly ""helped cousin pick out stuff"".  

No other mention.  

So only two events have dates.  

But the question asks for three events in order.  

Perhaps the",0,WRONG
gpt4_f49edff3,50,strict,temporal-reasoning,"Which three events happened in the order from first to last: the day I helped my friend prepare the nursery, the day I helped my cousin pick out stuff for her baby shower, and the day I ordered a customized phone case for my friend's birthday?","First, I helped my friend prepare the nursery, then I helped my cousin pick out stuff for her baby shower, and lastly, I ordered a customized phone case for my friend's birthday.","1. Helped friend prepare nursery: 2023-02-02  
2. Helped cousin pick out baby shower items: Not explicitly mentioned  
3. Ordered customized phone case: 2023-02-16  

No memory mentions helping cousin with baby shower. Only the nursery help and phone case order are confirmed.  

Thus, only two events are confirmed:  
- 2023-02-02: Helped prepare nursery  
- 2023-02-16: Ordered phone case  

Since the cousin event is not in memories, cannot determine order.  

But based on available data:  
First: 2023-02-02  
Last: 2023-02-16  

Answer: 2023-02-02, 2023-02-16, (missing)  

But question asks for three events in order. Only two are confirmed.  

However, memory 2023-02-02 also says: ""Helped a friend prepare a nursery"" and ""Looking for gift ideas for a new baby"" — implies baby shower prep may be related.  

But no explicit mention of helping cousin with baby shower.  

Thus, cannot confirm third event.  

But the question assumes all three happened.  

Only two are in memories.  

But the phone case was ordered on 2023-02-16, nursery on 2023-02-02.  

So if we assume the cousin event happened between, but no evidence.  

But the only two dates are 2023-02-02 and 2023-02-16.  

So the order is:  
1. 2023-02-02 (nursery)  
2. ??? (cousin)  
3. 2023-02-16 (phone case)  

But no date for cousin.  

Wait — memory 2023-02-02 also says: ""Looking for gift ideas for a new baby in social circle"" — could be related to baby shower.  

But not explicitly ""helped cousin pick out stuff"".  

No other mention.  

So only two events have dates.  

But the question asks for three events in order.  

Perhaps the",0,WRONG
gpt4_f49edff3,200,public,temporal-reasoning,"Which three events happened in the order from first to last: the day I helped my friend prepare the nursery, the day I helped my cousin pick out stuff for her baby shower, and the day I ordered a customized phone case for my friend's birthday?","First, I helped my friend prepare the nursery, then I helped my cousin pick out stuff for her baby shower, and lastly, I ordered a customized phone case for my friend's birthday.","1. Helped friend prepare nursery: 2023-02-02  
2. Ordered customized phone case: 2023-02-16  
3. Helped cousin pick out baby shower items: 2023-02-16 (same day as phone case, but no timestamp for cousin event)

Since the cousin event has no timestamp, and the phone case order is on 2023-02-16, we assume the nursery help (2023-02-02) came first, then the phone case (2023-02-16), and the cousin event is either same day or after.

But the question asks for order from first to last.

Only two events have timestamps:  
- Nursery: 2023-02-02  
- Phone case: 2023-02-16  

The cousin event has no date, but is mentioned in the same context as the nursery and phone case, and no other date is given.

Thus, based on available data:

First: Helped friend prepare nursery (2023-02-02)  
Second: Ordered customized phone case (2023-02-16)  
Third: Helped cousin pick out baby shower items (no date, but implied after phone case or same day)

But since no date for cousin event, and phone case is on 2023-02-16, and the cousin event is not dated, we cannot confirm order.

However, the only event with a date is the nursery on 2023-02-02, and the phone case on 2023-02-16.

The cousin event is not timestamped, so we cannot place it.

But the question asks for the order from first to last.

Only two events have dates.

But the phone case and cousin event are both on 2023-02-16? No, the cousin event is not mentioned with a date.

Wait — the memory says:  
""2023-02-02 13:22:00: Helped a friend prepare a nursery""  
""2023-02-16 10:02:00: Recently ordered a customized phone case for a friend""  
And: """,0,WRONG
gpt4_f49edff3,200,strict,temporal-reasoning,"Which three events happened in the order from first to last: the day I helped my friend prepare the nursery, the day I helped my cousin pick out stuff for her baby shower, and the day I ordered a customized phone case for my friend's birthday?","First, I helped my friend prepare the nursery, then I helped my cousin pick out stuff for her baby shower, and lastly, I ordered a customized phone case for my friend's birthday.","1. Helped friend prepare nursery: 2023-02-02  
2. Ordered customized phone case: 2023-02-16  
3. Helped cousin pick out baby shower items: 2023-02-16 (same day as phone case, but no timestamp for cousin event)

Since the cousin event has no timestamp, and the phone case order is on 2023-02-16, we assume the nursery help (2023-02-02) came first, then the phone case (2023-02-16), and the cousin event is either same day or after.

But the question asks for order from first to last.

Only two events have timestamps:  
- Nursery: 2023-02-02  
- Phone case: 2023-02-16  

The cousin event has no date, but is mentioned in the same context as the nursery and phone case, and no other date is given.

Thus, based on available data:

First: Helped friend prepare nursery (2023-02-02)  
Second: Ordered customized phone case (2023-02-16)  
Third: Helped cousin pick out baby shower items (no date, but implied after phone case or same day)

But since no date for cousin event, and phone case is on 2023-02-16, and the cousin event is not dated, we cannot confirm order.

However, the only event with a date is the nursery on 2023-02-02, and the phone case on 2023-02-16.

The cousin event is not timestamped, so we cannot place it.

But the question asks for the order from first to last.

Only two events have dates.

But the phone case and cousin event are both on 2023-02-16? No, the cousin event is not mentioned with a date.

Wait — the memory says:  
""2023-02-02 13:22:00: Helped a friend prepare a nursery""  
""2023-02-16 10:02:00: Recently ordered a customized phone case for a friend""  
And: """,0,WRONG
gpt4_fa19884c,50,public,temporal-reasoning,How many days passed between the day I started playing along to my favorite songs on my old keyboard and the day I discovered a bluegrass band?,6 days. 7 days (including the last day) is also acceptable.,"The relevant memories are:

- 2023-03-25 15:58:30: ""Playing a Fender CD-60S guitar for three weeks"" — This indicates the guitar playing started around **2023-03-05** (three weeks before March 25).
- 2023-03-31 05:21:30: ""Recently discovered a bluegrass band with a banjo player"" — This is the day of discovery.

Now calculate the number of days between **2023-03-05** and **2023-03-31**:

31 - 5 = 26 days.

Answer: 26 days",0,WRONG
gpt4_fa19884c,50,strict,temporal-reasoning,How many days passed between the day I started playing along to my favorite songs on my old keyboard and the day I discovered a bluegrass band?,6 days. 7 days (including the last day) is also acceptable.,"The relevant memories are:

- 2023-03-25 15:58:30: ""Playing a Fender CD-60S guitar for three weeks"" — This indicates the guitar playing started around **2023-03-05** (three weeks before March 25).
- 2023-03-31 05:21:30: ""Recently discovered a bluegrass band with a banjo player"" — This is the day of discovery.

Now calculate the number of days between **2023-03-05** and **2023-03-31**:

31 - 5 = 26 days.

Answer: 26 days",0,WRONG
gpt4_fa19884c,200,public,temporal-reasoning,How many days passed between the day I started playing along to my favorite songs on my old keyboard and the day I discovered a bluegrass band?,6 days. 7 days (including the last day) is also acceptable.,"1. Identify the relevant memories:
   - ""Playing a Fender CD-60S guitar for three weeks"" (2023-03-25 15:58:30)
   - ""Recently discovered a bluegrass band with a banjo player"" (2023-03-31 05:21:30)

2. Determine the timeline:
   - The guitar playing started on 2023-03-25 (three weeks prior to the memory timestamp).
   - The bluegrass band discovery was on 2023-03-31.

3. Calculate the days between:
   - From 2023-03-25 to 2023-03-31 is 6 days.

4. The question asks for the number of days between starting to play on the keyboard and discovering the bluegrass band.
   - The keyboard is not directly mentioned, but the guitar is the instrument being played.
   - Assuming ""playing along to favorite songs on my old keyboard"" refers to the same activity as playing the guitar (since no other keyboard memory exists), the start date is 2023-03-25.

5. Final calculation:
   - 2023-03-31 minus 2023-03-25 = 6 days.

Answer: 6 days",3,CORRECT
gpt4_fa19884c,200,strict,temporal-reasoning,How many days passed between the day I started playing along to my favorite songs on my old keyboard and the day I discovered a bluegrass band?,6 days. 7 days (including the last day) is also acceptable.,"1. Identify the relevant memories:
   - ""Playing a Fender CD-60S guitar for three weeks"" (2023-03-25 15:58:30)
   - ""Recently discovered a bluegrass band with a banjo player"" (2023-03-31 05:21:30)

2. Determine the timeline:
   - The guitar playing started on 2023-03-25 (three weeks prior to the memory timestamp).
   - The bluegrass band discovery was on 2023-03-31.

3. Calculate the days between:
   - From 2023-03-25 to 2023-03-31 is 6 days.

4. The question asks for the number of days between starting to play on the keyboard and discovering the bluegrass band.
   - The keyboard is not directly mentioned, but the guitar is the instrument being played.
   - Assuming ""playing along to favorite songs on my old keyboard"" refers to the same activity as playing the guitar (since no other keyboard memory exists), the start date is 2023-03-25.

5. Final calculation:
   - 2023-03-31 minus 2023-03-25 = 6 days.

Answer: 6 days",3,CORRECT
gpt4_fa19884d,50,public,temporal-reasoning,What is the artist that I started to listen to last Friday?,a bluegrass band that features a banjo player,Jinsang,0,WRONG
gpt4_fa19884d,50,strict,temporal-reasoning,What is the artist that I started to listen to last Friday?,a bluegrass band that features a banjo player,Jinsang,0,WRONG
gpt4_fa19884d,200,public,temporal-reasoning,What is the artist that I started to listen to last Friday?,a bluegrass band that features a banjo player,Jinsang,0,WRONG
gpt4_fa19884d,200,strict,temporal-reasoning,What is the artist that I started to listen to last Friday?,a bluegrass band that features a banjo player,Jinsang,0,WRONG
gpt4_fe651585,50,public,temporal-reasoning,"Who became a parent first, Rachel or Alex?",Alex,Alex became a parent first.,3,CORRECT
gpt4_fe651585,50,strict,temporal-reasoning,"Who became a parent first, Rachel or Alex?",Alex,Alex became a parent first.,3,CORRECT
gpt4_fe651585,200,public,temporal-reasoning,"Who became a parent first, Rachel or Alex?",Alex,Alex became a parent first.,3,CORRECT
gpt4_fe651585,200,strict,temporal-reasoning,"Who became a parent first, Rachel or Alex?",Alex,Alex became a parent first.,3,CORRECT
gpt4_fe651585_abs,50,public,temporal-reasoning,"Who became a parent first, Tom or Alex?","The information provided is not enough. You mentioned Alex becoming a parent in January, but you didn't mention anything about Tom.",Alex became a parent first.,0,WRONG
gpt4_fe651585_abs,50,strict,temporal-reasoning,"Who became a parent first, Tom or Alex?","The information provided is not enough. You mentioned Alex becoming a parent in January, but you didn't mention anything about Tom.",Alex became a parent first.,0,WRONG
gpt4_fe651585_abs,200,public,temporal-reasoning,"Who became a parent first, Tom or Alex?","The information provided is not enough. You mentioned Alex becoming a parent in January, but you didn't mention anything about Tom.",Alex became a parent first.,0,WRONG
gpt4_fe651585_abs,200,strict,temporal-reasoning,"Who became a parent first, Tom or Alex?","The information provided is not enough. You mentioned Alex becoming a parent in January, but you didn't mention anything about Tom.",Alex became a parent first.,0,WRONG
